width,thickness,wec_mass,fitness,generation
20.0,2.508235294117647,76470.58823529413,[[0.34123374]],0
18.823529411764707,1.7749019607843137,161176.4705882353,[[0.51805519]],0
9.96078431372549,2.948235294117647,171764.70588235295,[[0.1819437]],0
11.450980392156863,2.6462745098039218,263529.4117647059,[[0.34339988]],0
18.274509803921568,2.870588235294118,374705.8823529412,[[0.33991856]],0
20.0,2.508235294117647,104705.88235294117,[[0.34665143]],0
4.313725490196078,2.6894117647058824,332352.9411764706,[[0.56108958]],0
22.901960784313726,2.4996078431372553,494705.8823529412,[[0.4011891]],0
21.019607843137255,2.9137254901960787,205294.11764705883,[[0.30072397]],0
22.03921568627451,2.7411764705882353,477058.82352941175,[[0.36564364]],0
4.078431372549019,2.8274509803921566,71176.4705882353,[[0.02095873]],0
11.450980392156863,2.0768627450980395,127647.05882352941,[[0.43266386]],0
21.41176470588235,1.9043137254901963,473529.4117647059,[[0.52587394]],0
23.764705882352942,2.974117647058824,143529.4117647059,[[0.28692222]],0
5.019607843137255,0.8,110000.0,[[0.55853969]],0
13.019607843137255,1.076078431372549,60588.23529411765,[[0.78850127]],0
12.705882352941176,1.6886274509803922,111764.70588235295,[[0.5668753]],0
6.117647058823529,2.9827450980392154,58823.529411764706,[[0.00147744]],0
21.80392156862745,1.6886274509803922,201764.70588235295,[[0.51701749]],0
5.254901960784314,2.387450980392157,106470.58823529413,[[0.09724468]],0
16.627450980392155,1.5850980392156864,74705.88235294117,[[0.5634005]],0
20.313725490196077,2.9050980392156864,127647.05882352941,[[0.28820201]],0
19.764705882352942,2.6376470588235295,157647.0588235294,[[0.33463925]],0
23.137254901960784,2.508235294117647,104705.88235294117,[[0.34472148]],0
13.72549019607843,1.447058823529412,141764.70588235295,[[0.67440733]],0
20.784313725490197,1.9043137254901963,237058.82352941178,[[0.48664242]],0
16.392156862745097,2.1890196078431376,399411.76470588235,[[0.51005733]],0
4.470588235294118,1.7749019607843137,170000.0,[[0.35254769]],0
17.568627450980394,2.7756862745098045,392352.9411764706,[[0.36379491]],0
8.549019607843137,2.5858823529411765,194705.88235294117,[[0.26611282]],0
22.03921568627451,2.8274509803921566,74705.88235294117,[[0.29499667]],0
10.980392156862745,2.7756862745098045,247647.0588235294,[[0.29312218]],0
11.137254901960784,2.6462745098039218,83529.41176470587,[[0.22615227]],0
9.96078431372549,2.9050980392156864,57058.82352941176,[[0.11994331]],0
5.176470588235294,0.8086274509803922,53529.41176470588,[[0.41277952]],0
18.823529411764707,2.3184313725490195,132941.17647058825,[[0.38962569]],0
22.980392156862745,2.654901960784314,489411.76470588235,[[0.37564263]],0
11.450980392156863,2.4650980392156865,425882.35294117645,[[0.51559881]],0
6.2745098039215685,2.3615686274509806,221176.4705882353,[[0.35536766]],0
19.686274509803923,2.7411764705882353,76470.58823529413,[[0.30228011]],0
10.980392156862745,1.8611764705882354,71176.4705882353,[[0.45780624]],0
19.686274509803923,2.75843137254902,194705.88235294117,[[0.32159869]],0
20.313725490196077,2.9050980392156864,127647.05882352941,[[0.28820201]],0
10.980392156862745,2.8274509803921566,71176.4705882353,[[0.17421317]],0
10.980392156862745,2.974117647058824,125882.35294117648,[[0.17356646]],0
23.764705882352942,2.1803921568627453,425882.35294117645,[[0.43765375]],0
5.7254901960784315,1.9043137254901963,244117.64705882352,[[0.61414185]],0
20.392156862745097,1.0847058823529412,279411.76470588235,[[0.71408835]],0
10.980392156862745,2.56,353529.4117647059,[[0.43225071]],0
4.1568627450980395,1.170980392156863,72941.17647058824,[[0.31309426]],0
6.117647058823529,2.948235294117647,371176.4705882353,[[0.39422917]],0
11.294117647058822,1.8094117647058825,108235.29411764705,[[0.5127756]],0
6.117647058823529,2.9137254901960787,108235.29411764705,[[0.02501316]],0
18.274509803921568,2.9396078431372548,374705.8823529412,[[0.32772579]],0
20.392156862745097,2.8792156862745104,431176.4705882353,[[0.34354463]],0
14.117647058823529,1.9647058823529413,494705.8823529412,[[0.66658361]],0
20.0,2.922352941176471,53529.41176470588,[[0.27219424]],0
9.647058823529413,1.7921568627450983,254705.88235294117,[[0.66812954]],0
17.725490196078432,2.171764705882353,450588.23529411765,[[0.51163475]],0
18.509803921568626,1.0243137254901962,258235.29411764705,[[0.77792719]],0
9.882352941176471,2.1286274509803924,143529.4117647059,[[0.40584226]],0
17.568627450980394,2.2321568627450983,258235.29411764705,[[0.44455381]],0
21.80392156862745,1.662745098039216,201764.70588235295,[[0.52288603]],0
10.980392156862745,2.8274509803921566,71176.4705882353,[[0.17421317]],0
22.50980392156863,2.4996078431372553,494705.8823529412,[[0.40410195]],0
4.0,2.102745098039216,141764.70588235295,[[0.16371471]],0
20.235294117647058,1.2486274509803923,434705.8823529412,[[0.70376886]],0
18.274509803921568,2.8792156862745104,148823.5294117647,[[0.28929266]],0
4.235294117647059,1.3694117647058826,55294.117647058825,[[0.17049862]],0
12.549019607843137,1.1192156862745097,288235.29411764705,[[0.95416857]],0
10.980392156862745,2.8274509803921566,71176.4705882353,[[0.17421317]],0
12.705882352941176,1.6886274509803922,62352.94117647059,[[0.53364986]],0
18.823529411764707,1.7662745098039219,245882.35294117648,[[0.54299188]],0
17.019607843137255,2.8792156862745104,374705.8823529412,[[0.340659]],0
17.725490196078432,1.9905882352941178,258235.29411764705,[[0.50135418]],0
14.117647058823529,2.654901960784314,496470.5882352941,[[0.45129202]],0
17.568627450980394,2.7756862745098045,392352.9411764706,[[0.36379491]],0
14.196078431372548,1.2658823529411767,431176.4705882353,[[0.91987123]],0
23.137254901960784,2.974117647058824,143529.4117647059,[[0.28636099]],0
22.666666666666668,2.7756862745098045,251176.4705882353,[[0.32648509]],0
16.627450980392155,1.5850980392156864,83529.41176470587,[[0.56672601]],0
12.156862745098039,1.516078431372549,74705.88235294117,[[0.60879209]],0
10.980392156862745,2.8274509803921566,71176.4705882353,[[0.17421317]],0
21.647058823529413,1.3866666666666667,496470.5882352941,[[0.65544741]],0
4.470588235294118,2.1631372549019607,58823.529411764706,[[0.03279578]],0
15.843137254901961,2.0768627450980395,127647.05882352941,[[0.44779891]],0
11.215686274509803,2.6203921568627453,478823.5294117647,[[0.50063989]],0
6.666666666666666,2.327058823529412,297058.8235294118,[[0.51967559]],0
8.392156862745098,2.6376470588235295,251176.4705882353,[[0.30813695]],0
11.450980392156863,2.5858823529411765,432941.17647058825,[[0.47534402]],0
21.098039215686274,2.327058823529412,124117.64705882352,[[0.38125187]],0
11.450980392156863,0.8776470588235294,302352.9411764706,[[1.17182797]],0
6.117647058823529,2.9827450980392154,108235.29411764705,[[0.01748521]],0
19.92156862745098,1.3607843137254902,314705.8823529412,[[0.65695294]],0
21.41176470588235,2.283921568627451,265294.1176470588,[[0.41204601]],0
22.274509803921568,2.6462745098039218,168235.29411764705,[[0.33416182]],0
6.117647058823529,2.9913725490196086,58823.529411764706,[[0.0014004]],1
20.0,2.5686274509803924,76470.58823529413,[[0.3310256]],1
18.274509803921568,2.818823529411765,374705.8823529412,[[0.34927145]],1
10.980392156862745,2.948235294117647,71176.4705882353,[[0.15006015]],1
4.470588235294118,2.9913725490196086,58823.529411764706,[[0.05057985]],1
20.313725490196077,2.0768627450980395,127647.05882352941,[[0.43156225]],1
11.372549019607842,2.3098039215686277,71176.4705882353,[[0.31926864]],1
21.019607843137255,2.8015686274509806,265294.1176470588,[[0.32680313]],1
10.980392156862745,2.7756862745098045,268823.5294117647,[[0.30698056]],1
20.0,2.508235294117647,90588.23529411765,[[0.34394044]],1
10.980392156862745,2.9050980392156864,125882.35294117648,[[0.1880537]],1
20.313725490196077,2.974117647058824,127647.05882352941,[[0.27827425]],1
21.019607843137255,2.9309803921568633,205294.11764705883,[[0.29825177]],1
22.980392156862745,2.6376470588235295,489411.76470588235,[[0.37830622]],1
21.333333333333332,2.7756862745098045,431176.4705882353,[[0.35646861]],1
17.254901960784316,2.9137254901960787,166470.5882352941,[[0.28272488]],1
10.980392156862745,2.8792156862745104,148823.5294117647,[[0.20673661]],1
18.274509803921568,2.7756862745098045,247647.0588235294,[[0.32854983]],1
6.117647058823529,2.9827450980392154,108235.29411764705,[[0.01748521]],1
10.980392156862745,2.7756862745098045,247647.0588235294,[[0.29312218]],1
10.980392156862745,2.7756862745098045,247647.0588235294,[[0.29312218]],1
21.80392156862745,1.662745098039216,201764.70588235295,[[0.52288603]],1
6.117647058823529,2.9827450980392154,108235.29411764705,[[0.01748521]],1
17.725490196078432,1.9905882352941178,258235.29411764705,[[0.50135418]],1
22.50980392156863,2.9654901960784317,74705.88235294117,[[0.27778851]],1
9.490196078431373,2.810196078431373,171764.70588235295,[[0.20382141]],1
20.0,2.9137254901960787,118823.5294117647,[[0.28457292]],1
4.862745098039216,2.508235294117647,94117.64705882352,[[0.03031889]],1
4.235294117647059,1.3866666666666667,111764.70588235295,[[0.30312948]],1
23.764705882352942,2.9568627450980394,87058.82352941176,[[0.28262932]],1
14.196078431372548,2.171764705882353,494705.8823529412,[[0.59383012]],1
4.392156862745098,1.956078431372549,58823.529411764706,[[0.06031274]],1
6.196078431372549,2.508235294117647,72941.17647058824,[[0.06020017]],1
19.92156862745098,3.0,111764.70588235295,[[0.27060061]],1
7.529411764705882,3.0,489411.76470588235,[[0.49284539]],1
22.980392156862745,2.2321568627450983,258235.29411764705,[[0.41067862]],1
14.117647058823529,2.9654901960784317,71176.4705882353,[[0.21435164]],1
17.019607843137255,1.7749019607843137,374705.8823529412,[[0.60825953]],1
19.84313725490196,2.327058823529412,157647.0588235294,[[0.39097405]],1
6.588235294117647,2.6376470588235295,297058.8235294118,[[0.3715241]],1
22.666666666666668,2.7756862745098045,251176.4705882353,[[0.32648509]],1
20.313725490196077,2.9050980392156864,127647.05882352941,[[0.28820201]],1
4.1568627450980395,1.1019607843137256,214117.64705882352,[[0.79904042]],1
19.686274509803923,2.8274509803921566,53529.41176470588,[[0.28475835]],1
5.176470588235294,0.8,106470.58823529413,[[0.53456918]],1
5.254901960784314,2.3960784313725494,53529.41176470588,[[0.02728632]],1
22.666666666666668,2.7756862745098045,251176.4705882353,[[0.32648509]],1
14.117647058823529,2.654901960784314,496470.5882352941,[[0.45129202]],1
8.549019607843137,2.5858823529411765,88823.5294117647,[[0.16197152]],1
5.96078431372549,2.974117647058824,58823.529411764706,[[0.00120218]],1
21.019607843137255,2.9827450980392154,205294.11764705883,[[0.29092097]],1
9.882352941176471,2.059607843137255,143529.4117647059,[[0.43139408]],1
22.03921568627451,2.8274509803921566,131176.4705882353,[[0.30290996]],1
6.117647058823529,2.9137254901960787,51764.705882352944,[[0.00185123]],1
23.137254901960784,2.508235294117647,104705.88235294117,[[0.34472148]],1
17.019607843137255,2.8792156862745104,374705.8823529412,[[0.340659]],1
20.313725490196077,2.9050980392156864,127647.05882352941,[[0.28820201]],1
22.50980392156863,2.4996078431372553,494705.8823529412,[[0.40410195]],1
4.470588235294118,1.731764705882353,184117.64705882352,[[0.39626952]],1
21.41176470588235,2.327058823529412,265294.1176470588,[[0.40435509]],1
21.41176470588235,2.275294117647059,74705.88235294117,[[0.38088248]],1
22.03921568627451,2.4564705882352946,473529.4117647059,[[0.41169739]],1
11.764705882352942,1.3694117647058826,55294.117647058825,[[0.65643466]],1
14.27450980392157,1.662745098039216,201764.70588235295,[[0.61848303]],1
22.980392156862745,2.654901960784314,489411.76470588235,[[0.37564263]],1
17.019607843137255,2.8792156862745104,374705.8823529412,[[0.340659]],1
24.0,2.6462745098039218,263529.4117647059,[[0.34353547]],1
11.215686274509803,2.1803921568627453,425882.35294117645,[[0.62744494]],1
22.03921568627451,2.7411764705882353,477058.82352941175,[[0.36564364]],1
9.96078431372549,2.948235294117647,171764.70588235295,[[0.1819437]],1
17.176470588235293,2.7411764705882353,67647.05882352941,[[0.28801517]],1
20.07843137254902,2.7756862745098045,401176.4705882353,[[0.35641651]],1
12.627450980392156,2.7929411764705883,71176.4705882353,[[0.22082604]],1
21.019607843137255,2.810196078431373,251176.4705882353,[[0.32322838]],1
15.294117647058824,2.387450980392157,60588.23529411765,[[0.34674515]],1
6.352941176470589,2.1890196078431376,445294.1176470588,[[0.94842026]],1
4.313725490196078,2.974117647058824,72941.17647058824,[[0.0320592]],1
22.980392156862745,1.170980392156863,143529.4117647059,[[0.60899473]],1
17.568627450980394,2.7756862745098045,496470.5882352941,[[0.38999508]],1
14.117647058823529,2.654901960784314,392352.9411764706,[[0.40652213]],1
23.137254901960784,2.3701960784313725,104705.88235294117,[[0.36593888]],1
6.666666666666666,2.4650980392156865,297058.8235294118,[[0.45601665]],1
19.686274509803923,2.8274509803921566,194705.88235294117,[[0.31051501]],1
5.176470588235294,0.8086274509803922,53529.41176470588,[[0.41277952]],1
22.274509803921568,2.6462745098039218,168235.29411764705,[[0.33416182]],1
19.686274509803923,2.8274509803921566,194705.88235294117,[[0.31051501]],1
20.313725490196077,2.9050980392156864,127647.05882352941,[[0.28820201]],1
9.96078431372549,2.948235294117647,171764.70588235295,[[0.1819437]],1
5.96078431372549,2.6462745098039218,312941.17647058825,[[0.41407437]],1
19.529411764705884,2.1631372549019607,83529.41176470587,[[0.40783457]],1
10.980392156862745,2.5686274509803924,71176.4705882353,[[0.23338884]],1
4.1568627450980395,1.1623529411764706,355294.1176470588,[[1.22324093]],1
23.92156862745098,2.1803921568627453,459411.76470588235,[[0.44087157]],1
20.784313725490197,1.9043137254901963,200000.0,[[0.47909023]],1
23.137254901960784,2.508235294117647,104705.88235294117,[[0.34472148]],1
16.627450980392155,1.5850980392156864,83529.41176470587,[[0.56672601]],1
20.0,2.974117647058824,72941.17647058824,[[0.26810721]],2
4.313725490196078,2.9137254901960787,118823.5294117647,[[0.00157419]],2
9.490196078431373,2.1631372549019607,87058.82352941176,[[0.32890866]],2
16.0,2.974117647058824,55294.117647058825,[[0.23381883]],2
20.0,2.508235294117647,90588.23529411765,[[0.34394044]],2
14.745098039215685,2.9309803921568633,166470.5882352941,[[0.26104601]],2
6.117647058823529,2.7756862745098045,397647.0588235294,[[0.52966571]],2
20.07843137254902,2.6980392156862747,62352.94117647059,[[0.30763221]],2
22.50980392156863,2.9654901960784317,74705.88235294117,[[0.27778851]],2
17.176470588235293,2.7411764705882353,67647.05882352941,[[0.28801517]],2
22.03921568627451,2.8274509803921566,187647.0588235294,[[0.31087204]],2
19.686274509803923,2.8274509803921566,138235.29411764705,[[0.30015002]],2
9.96078431372549,2.508235294117647,101176.4705882353,[[0.24166541]],2
23.137254901960784,2.948235294117647,175294.11764705883,[[0.29347573]],2
10.980392156862745,2.9827450980392154,247647.0588235294,[[0.24031294]],2
10.980392156862745,2.7411764705882353,71176.4705882353,[[0.19277707]],2
21.019607843137255,2.2666666666666666,205294.11764705883,[[0.40669261]],2
17.411764705882355,2.9827450980392154,251176.4705882353,[[0.29167853]],2
9.96078431372549,2.516862745098039,171764.70588235295,[[0.29620661]],2
4.862745098039216,2.9396078431372548,94117.64705882352,[[0.00085431]],2
20.15686274509804,2.6376470588235295,492941.17647058825,[[0.39724071]],2
22.823529411764707,2.508235294117647,87058.82352941176,[[0.34260176]],2
16.235294117647058,2.508235294117647,258235.29411764705,[[0.38565364]],2
12.941176470588236,2.2321568627450983,72941.17647058824,[[0.36823468]],2
4.627450980392156,2.490980392156863,111764.70588235295,[[0.05646736]],2
19.294117647058826,1.7231372549019608,194705.88235294117,[[0.53511197]],2
10.980392156862745,2.5686274509803924,71176.4705882353,[[0.23338884]],2
12.627450980392156,2.7929411764705883,71176.4705882353,[[0.22082604]],2
17.568627450980394,2.7756862745098045,496470.5882352941,[[0.38999508]],2
5.96078431372549,2.974117647058824,58823.529411764706,[[0.00120218]],2
4.470588235294118,2.9913725490196086,58823.529411764706,[[0.05057985]],2
9.490196078431373,2.810196078431373,171764.70588235295,[[0.20382141]],2
8.549019607843137,2.5858823529411765,88823.5294117647,[[0.16197152]],2
22.666666666666668,2.5686274509803924,76470.58823529413,[[0.33226988]],2
20.313725490196077,2.9050980392156864,127647.05882352941,[[0.28820201]],2
4.470588235294118,2.9913725490196086,58823.529411764706,[[0.05057985]],2
9.647058823529413,2.8274509803921566,194705.88235294117,[[0.22053581]],2
15.294117647058824,2.3960784313725494,53529.41176470588,[[0.34231071]],2
9.490196078431373,2.948235294117647,171764.70588235295,[[0.17046107]],2
9.96078431372549,2.810196078431373,171764.70588235295,[[0.21499781]],2
14.117647058823529,2.654901960784314,392352.9411764706,[[0.40652213]],2
9.96078431372549,2.948235294117647,171764.70588235295,[[0.1819437]],2
11.372549019607842,2.223529411764706,297058.8235294118,[[0.50765894]],2
21.333333333333332,2.861960784313726,205294.11764705883,[[0.3083466]],2
10.980392156862745,2.7756862745098045,148823.5294117647,[[0.23089488]],2
10.980392156862745,2.8792156862745104,268823.5294117647,[[0.27918767]],2
5.96078431372549,2.870588235294118,58823.529411764706,[[0.00272231]],2
17.019607843137255,2.9827450980392154,374705.8823529412,[[0.32114826]],2
19.92156862745098,3.0,111764.70588235295,[[0.27060061]],2
18.274509803921568,2.7756862745098045,247647.0588235294,[[0.32854983]],2
23.764705882352942,2.508235294117647,87058.82352941176,[[0.34155179]],2
4.862745098039216,2.9568627450980394,94117.64705882352,[[0.00116478]],2
5.96078431372549,1.956078431372549,58823.529411764706,[[0.17830639]],2
4.392156862745098,2.974117647058824,58823.529411764706,[[0.05229506]],2
14.117647058823529,1.9647058823529413,71176.4705882353,[[0.45341505]],2
4.392156862745098,2.9568627450980394,58823.529411764706,[[0.04847133]],2
6.117647058823529,2.8274509803921566,192941.17647058822,[[0.13146059]],2
19.686274509803923,2.9827450980392154,110000.0,[[0.2718175]],2
11.058823529411764,2.9137254901960787,496470.5882352941,[[0.41921776]],2
17.568627450980394,2.767058823529412,125882.35294117648,[[0.30008589]],2
18.274509803921568,2.7756862745098045,247647.0588235294,[[0.32854983]],2
9.882352941176471,2.059607843137255,143529.4117647059,[[0.43139408]],2
17.176470588235293,2.7411764705882353,67647.05882352941,[[0.28801517]],2
20.0,2.9137254901960787,118823.5294117647,[[0.28457292]],2
14.03921568627451,2.654901960784314,392352.9411764706,[[0.40698436]],2
6.2745098039215685,2.508235294117647,72941.17647058824,[[0.06374926]],2
4.470588235294118,2.9913725490196086,58823.529411764706,[[0.05057985]],2
20.313725490196077,2.9050980392156864,127647.05882352941,[[0.28820201]],2
20.313725490196077,2.9654901960784317,74705.88235294117,[[0.27090448]],2
17.490196078431374,2.8792156862745104,127647.05882352941,[[0.28073038]],2
9.96078431372549,2.5686274509803924,71176.4705882353,[[0.20289167]],2
21.019607843137255,2.7756862745098045,274117.6470588235,[[0.33220069]],2
10.745098039215687,2.9050980392156864,125882.35294117648,[[0.18233939]],2
9.098039215686274,2.810196078431373,171764.70588235295,[[0.1938698]],2
22.980392156862745,2.654901960784314,489411.76470588235,[[0.37564263]],2
16.15686274509804,2.706666666666667,108235.29411764705,[[0.29820834]],2
5.96078431372549,2.8015686274509806,263529.4117647059,[[0.25149863]],2
21.176470588235293,2.9827450980392154,110000.0,[[0.27700016]],2
21.254901960784313,2.4564705882352946,473529.4117647059,[[0.41800791]],2
22.11764705882353,2.7756862745098045,431176.4705882353,[[0.35322629]],2
21.80392156862745,1.6713725490196079,201764.70588235295,[[0.52092178]],2
10.980392156862745,2.56,71176.4705882353,[[0.23554371]],2
5.254901960784314,2.5858823529411765,81764.70588235294,[[0.02062508]],2
8.549019607843137,2.3960784313725494,60588.23529411765,[[0.19564828]],2
22.03921568627451,2.810196078431373,131176.4705882353,[[0.30530473]],2
21.019607843137255,2.8274509803921566,251176.4705882353,[[0.32062011]],2
19.686274509803923,2.8274509803921566,251176.4705882353,[[0.32095894]],2
17.725490196078432,1.9905882352941178,201764.70588235295,[[0.48483049]],2
22.03921568627451,2.8274509803921566,115294.11764705883,[[0.30067934]],2
5.7254901960784315,2.922352941176471,74705.88235294117,[[0.00203251]],2
5.882352941176471,2.508235294117647,72941.17647058824,[[0.04639173]],2
8.862745098039216,2.5858823529411765,88823.5294117647,[[0.17396097]],2
4.470588235294118,2.3098039215686277,72941.17647058824,[[0.02928856]],2
11.215686274509803,2.974117647058824,71176.4705882353,[[0.15148542]],2
17.568627450980394,2.7756862745098045,270588.23529411765,[[0.3336408]],2
22.666666666666668,2.7756862745098045,477058.82352941175,[[0.35727481]],2
4.392156862745098,2.974117647058824,376470.5882352941,[[0.57133211]],3
17.019607843137255,2.9827450980392154,57058.82352941176,[[0.24352621]],3
4.470588235294118,2.3011764705882354,58823.529411764706,[[0.01591845]],3
4.1568627450980395,2.4478431372549023,72941.17647058824,[[0.00639843]],3
9.490196078431373,2.810196078431373,171764.70588235295,[[0.20382141]],3
9.490196078431373,2.810196078431373,171764.70588235295,[[0.20382141]],3
6.2745098039215685,2.508235294117647,72941.17647058824,[[0.06374926]],3
9.647058823529413,2.8274509803921566,194705.88235294117,[[0.22053581]],3
5.7254901960784315,1.8180392156862746,74705.88235294117,[[0.23773208]],3
12.627450980392156,1.8266666666666667,71176.4705882353,[[0.4897236]],3
10.901960784313726,2.9137254901960787,496470.5882352941,[[0.42187565]],3
22.980392156862745,2.508235294117647,87058.82352941176,[[0.34244802]],3
4.392156862745098,2.818823529411765,58823.529411764706,[[0.02326791]],3
17.568627450980394,2.9137254901960787,270588.23529411765,[[0.30863073]],3
5.96078431372549,2.870588235294118,58823.529411764706,[[0.00272231]],3
5.96078431372549,2.870588235294118,58823.529411764706,[[0.00272231]],3
11.058823529411764,2.7411764705882353,71176.4705882353,[[0.1949173]],3
8.470588235294118,2.3960784313725494,62352.94117647059,[[0.19401548]],3
18.823529411764707,2.767058823529412,125882.35294117648,[[0.30501421]],3
10.980392156862745,2.508235294117647,155882.35294117648,[[0.30584899]],3
10.745098039215687,2.9050980392156864,125882.35294117648,[[0.18233939]],3
10.431372549019608,2.9050980392156864,125882.35294117648,[[0.17443603]],3
5.254901960784314,2.861960784313726,95882.35294117648,[[0.00491597]],3
22.03921568627451,2.8274509803921566,187647.0588235294,[[0.31087204]],3
5.254901960784314,2.5858823529411765,81764.70588235294,[[0.02062508]],3
5.96078431372549,2.870588235294118,58823.529411764706,[[0.00272231]],3
10.980392156862745,2.948235294117647,268823.5294117647,[[0.26154706]],3
21.176470588235293,2.9137254901960787,110000.0,[[0.2864513]],3
23.764705882352942,2.974117647058824,58823.529411764706,[[0.27737066]],3
4.392156862745098,2.508235294117647,87058.82352941176,[[0.01119333]],3
10.980392156862745,2.508235294117647,99411.76470588235,[[0.26742244]],3
9.96078431372549,2.5686274509803924,72941.17647058824,[[0.20419091]],3
9.96078431372549,2.508235294117647,171764.70588235295,[[0.29883729]],3
9.96078431372549,2.948235294117647,101176.4705882353,[[0.13750869]],3
16.0,1.8956862745098042,53529.41176470588,[[0.46827536]],3
22.50980392156863,2.9396078431372548,74705.88235294117,[[0.28107611]],3
10.901960784313726,2.5686274509803924,71176.4705882353,[[0.23125371]],3
10.03921568627451,2.5686274509803924,71176.4705882353,[[0.20544473]],3
4.078431372549019,2.9309803921568633,71176.4705882353,[[0.03851482]],3
21.254901960784313,2.974117647058824,166470.5882352941,[[0.28663597]],3
9.411764705882353,2.948235294117647,171764.70588235295,[[0.16846621]],3
4.078431372549019,2.818823529411765,58823.529411764706,[[0.03896554]],3
4.392156862745098,2.974117647058824,58823.529411764706,[[0.05229506]],3
5.96078431372549,2.974117647058824,58823.529411764706,[[0.00120218]],3
5.96078431372549,2.8015686274509806,263529.4117647059,[[0.25149863]],3
14.745098039215685,2.9309803921568633,166470.5882352941,[[0.26104601]],3
4.470588235294118,2.9913725490196086,58823.529411764706,[[0.05057985]],3
4.470588235294118,2.9913725490196086,58823.529411764706,[[0.05057985]],3
19.529411764705884,2.810196078431373,171764.70588235295,[[0.30869588]],3
12.470588235294118,2.9654901960784317,74705.88235294117,[[0.18486181]],3
4.470588235294118,2.9913725490196086,125882.35294117648,[[0.00179386]],3
10.745098039215687,2.9050980392156864,58823.529411764706,[[0.14519132]],3
5.882352941176471,2.490980392156863,115294.11764705883,[[0.11345828]],3
4.705882352941177,2.870588235294118,55294.117647058825,[[0.02148567]],3
22.666666666666668,2.7756862745098045,477058.82352941175,[[0.35727481]],3
5.882352941176471,2.508235294117647,72941.17647058824,[[0.04639173]],3
5.882352941176471,2.508235294117647,72941.17647058824,[[0.04639173]],3
6.2745098039215685,2.508235294117647,72941.17647058824,[[0.06374926]],3
6.117647058823529,2.8274509803921566,80000.0,[[0.0167976]],3
20.07843137254902,2.6980392156862747,175294.11764705883,[[0.3280593]],3
9.098039215686274,2.810196078431373,171764.70588235295,[[0.1938698]],3
9.96078431372549,2.948235294117647,171764.70588235295,[[0.1819437]],3
17.411764705882355,2.9827450980392154,251176.4705882353,[[0.29167853]],3
20.07843137254902,2.6980392156862747,62352.94117647059,[[0.30763221]],3
7.450980392156863,2.508235294117647,102941.17647058824,[[0.15132135]],3
11.058823529411764,2.3960784313725494,58823.529411764706,[[0.27975037]],3
10.980392156862745,2.9827450980392154,247647.0588235294,[[0.24031294]],3
20.0,2.974117647058824,72941.17647058824,[[0.26810721]],3
4.0,2.9568627450980394,58823.529411764706,[[0.07825699]],3
20.705882352941178,2.9050980392156864,127647.05882352941,[[0.28921068]],3
10.980392156862745,2.8792156862745104,268823.5294117647,[[0.27918767]],3
17.568627450980394,2.7756862745098045,270588.23529411765,[[0.3336408]],3
7.0588235294117645,2.810196078431373,171764.70588235295,[[0.13539572]],3
19.058823529411764,2.9827450980392154,374705.8823529412,[[0.31947982]],3
4.313725490196078,2.861960784313726,72941.17647058824,[[0.01558227]],3
4.470588235294118,2.3615686274509806,118823.5294117647,[[0.08925496]],3
9.019607843137255,1.4729411764705884,87058.82352941176,[[0.60500887]],3
5.7254901960784315,2.948235294117647,166470.5882352941,[[0.06082963]],3
16.313725490196077,2.508235294117647,148823.5294117647,[[0.35153717]],3
6.980392156862745,2.9827450980392154,298823.5294117647,[[0.24211964]],3
19.686274509803923,3.0,110000.0,[[0.26930028]],3
19.92156862745098,2.9827450980392154,111764.70588235295,[[0.27306845]],3
18.666666666666664,1.9905882352941178,201764.70588235295,[[0.4775694]],3
7.607843137254902,2.5858823529411765,90588.23529411765,[[0.12503223]],3
16.15686274509804,2.706666666666667,108235.29411764705,[[0.29820834]],3
4.470588235294118,2.9913725490196086,58823.529411764706,[[0.05057985]],3
19.92156862745098,3.0,111764.70588235295,[[0.27060061]],3
4.470588235294118,2.9913725490196086,58823.529411764706,[[0.05057985]],3
19.92156862745098,2.9913725490196086,76470.58823529413,[[0.26587911]],3
5.882352941176471,2.516862745098039,108235.29411764705,[[0.08605585]],3
17.098039215686274,2.8015686274509806,263529.4117647059,[[0.32658675]],3
5.882352941176471,2.9827450980392154,374705.8823529412,[[0.39989223]],3
11.215686274509803,2.9827450980392154,71176.4705882353,[[0.14987369]],3
21.019607843137255,2.7756862745098045,274117.6470588235,[[0.33220069]],3
22.03921568627451,2.836078431372549,74705.88235294117,[[0.29382417]],3
16.0,2.9654901960784317,168235.29411764705,[[0.2660852]],3
21.019607843137255,2.870588235294118,60588.23529411765,[[0.28450802]],4
11.215686274509803,2.974117647058824,164705.88235294117,[[0.19956886]],4
10.745098039215687,2.9050980392156864,125882.35294117648,[[0.18233939]],4
19.686274509803923,2.8274509803921566,194705.88235294117,[[0.31051501]],4
4.392156862745098,2.974117647058824,58823.529411764706,[[0.05229506]],4
11.215686274509803,2.5686274509803924,72941.17647058824,[[0.24065554]],4
10.901960784313726,2.9913725490196086,247647.0588235294,[[0.2371579]],4
4.549019607843137,2.9827450980392154,125882.35294117648,[[0.00260247]],4
4.392156862745098,2.974117647058824,115294.11764705883,[[0.00041851]],4
4.470588235294118,2.3615686274509806,62352.94117647059,[[0.01294593]],4
10.117647058823529,2.9050980392156864,58823.529411764706,[[0.12598614]],4
10.588235294117647,2.948235294117647,171764.70588235295,[[0.19618372]],4
5.96078431372549,2.870588235294118,58823.529411764706,[[0.00272231]],4
10.980392156862745,2.8792156862745104,268823.5294117647,[[0.27918767]],4
5.098039215686274,2.3011764705882354,94117.64705882352,[[0.08976635]],4
4.235294117647059,2.9396078431372548,58823.529411764706,[[0.05549027]],4
8.627450980392158,2.8274509803921566,284705.8823529412,[[0.28366217]],4
4.392156862745098,2.974117647058824,80000.0,[[0.01949187]],4
4.392156862745098,2.8015686274509806,58823.529411764706,[[0.02078862]],4
6.117647058823529,3.0,80000.0,[[0.00449564]],4
19.84313725490196,2.43921568627451,76470.58823529413,[[0.35456382]],4
11.137254901960784,2.948235294117647,58823.529411764706,[[0.1481584]],4
4.470588235294118,2.9913725490196086,65882.35294117648,[[0.03814096]],4
4.078431372549019,2.9396078431372548,58823.529411764706,[[0.06717162]],4
4.470588235294118,2.2407843137254906,307647.0588235294,[[0.65494695]],4
5.254901960784314,2.577254901960784,58823.529411764706,[[0.0066045]],4
4.078431372549019,2.8878431372549027,57058.82352941176,[[0.05810659]],4
4.0,3.0,72941.17647058824,[[0.05417323]],4
4.470588235294118,2.9913725490196086,58823.529411764706,[[0.05057985]],4
17.568627450980394,2.9137254901960787,270588.23529411765,[[0.30863073]],4
4.470588235294118,2.9913725490196086,115294.11764705883,[[0.00045129]],4
4.392156862745098,2.818823529411765,69411.76470588235,[[0.01184995]],4
4.705882352941177,2.870588235294118,55294.117647058825,[[0.02148567]],4
9.411764705882353,2.948235294117647,171764.70588235295,[[0.16846621]],4
4.078431372549019,2.974117647058824,58823.529411764706,[[0.07673444]],4
6.196078431372549,2.861960784313726,72941.17647058824,[[0.01197032]],4
19.529411764705884,2.3011764705882354,110000.0,[[0.386681]],4
4.627450980392156,3.0,58823.529411764706,[[0.04246806]],4
12.627450980392156,2.9913725490196086,74705.88235294117,[[0.18335222]],4
6.8235294117647065,2.6894117647058824,62352.94117647059,[[0.04534993]],4
5.96078431372549,2.8015686274509806,263529.4117647059,[[0.25149863]],4
5.882352941176471,2.508235294117647,72941.17647058824,[[0.04639173]],4
14.745098039215685,2.9309803921568633,166470.5882352941,[[0.26104601]],4
9.098039215686274,2.810196078431373,171764.70588235295,[[0.1938698]],4
9.490196078431373,2.861960784313726,72941.17647058824,[[0.1222936]],4
4.1568627450980395,2.3960784313725494,171764.70588235295,[[0.1825182]],4
5.7254901960784315,1.7662745098039219,58823.529411764706,[[0.22222749]],4
5.96078431372549,2.922352941176471,60588.23529411765,[[0.00169996]],4
4.470588235294118,2.3615686274509806,62352.94117647059,[[0.01294593]],4
5.882352941176471,2.508235294117647,129411.76470588235,[[0.11791143]],4
18.823529411764707,2.9050980392156864,125882.35294117648,[[0.28279272]],4
4.078431372549019,2.7929411764705883,71176.4705882353,[[0.01633885]],4
6.2745098039215685,2.508235294117647,72941.17647058824,[[0.06374926]],4
4.470588235294118,2.9913725490196086,58823.529411764706,[[0.05057985]],4
16.15686274509804,2.706666666666667,108235.29411764705,[[0.29820834]],4
5.254901960784314,2.861960784313726,95882.35294117648,[[0.00491597]],4
19.529411764705884,2.9827450980392154,57058.82352941176,[[0.2617388]],4
17.019607843137255,2.810196078431373,171764.70588235295,[[0.30114324]],4
6.117647058823529,2.8274509803921566,80000.0,[[0.0167976]],4
8.627450980392158,2.9396078431372548,94117.64705882352,[[0.0921257]],4
9.96078431372549,2.9396078431372548,72941.17647058824,[[0.12260136]],4
22.50980392156863,2.948235294117647,173529.4117647059,[[0.29275828]],4
6.980392156862745,2.9827450980392154,300588.23529411765,[[0.24452237]],4
7.450980392156863,2.508235294117647,101176.4705882353,[[0.14932654]],4
4.784313725490196,2.387450980392157,94117.64705882352,[[0.05655482]],4
4.549019607843137,2.9137254901960787,118823.5294117647,[[0.00318767]],4
4.470588235294118,2.810196078431373,171764.70588235295,[[0.071534]],4
9.490196078431373,2.9913725490196086,58823.529411764706,[[0.09031952]],4
19.92156862745098,2.9309803921568633,55294.117647058825,[[0.2708958]],4
5.96078431372549,2.9396078431372548,58823.529411764706,[[0.00131368]],4
10.980392156862745,2.508235294117647,87058.82352941176,[[0.2592056]],4
4.392156862745098,2.508235294117647,99411.76470588235,[[0.02238335]],4
4.078431372549019,2.9827450980392154,58823.529411764706,[[0.07923071]],4
10.980392156862745,2.818823529411765,247647.0588235294,[[0.28161006]],4
5.96078431372549,2.974117647058824,58823.529411764706,[[0.00120218]],4
11.058823529411764,2.3960784313725494,58823.529411764706,[[0.27975037]],4
6.2745098039215685,2.508235294117647,72941.17647058824,[[0.06374926]],4
6.2745098039215685,2.508235294117647,72941.17647058824,[[0.06374926]],4
5.96078431372549,2.508235294117647,101176.4705882353,[[0.08232845]],4
10.980392156862745,2.870588235294118,57058.82352941176,[[0.15780445]],4
4.862745098039216,2.870588235294118,55294.117647058825,[[0.01520701]],4
4.705882352941177,2.9396078431372548,94117.64705882352,[[0.00161968]],4
6.8235294117647065,2.508235294117647,101176.4705882353,[[0.12149699]],4
5.882352941176471,2.861960784313726,72941.17647058824,[[0.00589683]],4
5.96078431372549,2.8015686274509806,263529.4117647059,[[0.25149863]],4
5.96078431372549,2.870588235294118,62352.94117647059,[[0.00349487]],4
4.470588235294118,2.9913725490196086,58823.529411764706,[[0.05057985]],4
9.490196078431373,2.810196078431373,171764.70588235295,[[0.20382141]],4
9.96078431372549,2.810196078431373,71176.4705882353,[[0.14724035]],4
9.568627450980392,2.5686274509803924,171764.70588235295,[[0.27236503]],4
11.215686274509803,2.9396078431372548,74705.88235294117,[[0.15982775]],4
22.274509803921568,2.8792156862745104,268823.5294117647,[[0.31483923]],4
5.882352941176471,2.4478431372549023,72941.17647058824,[[0.06727388]],4
4.1568627450980395,2.508235294117647,72941.17647058824,[[0.00088317]],4
5.882352941176471,2.551372549019608,72941.17647058824,[[0.03925762]],4
6.117647058823529,2.7843137254901964,80000.0,[[0.02133805]],4
14.745098039215685,2.7929411764705883,166470.5882352941,[[0.28846776]],5
4.078431372549019,2.9309803921568633,71176.4705882353,[[0.03851482]],5
17.568627450980394,2.8274509803921566,270588.23529411765,[[0.32409647]],5
5.882352941176471,2.6376470588235295,72941.17647058824,[[0.02680571]],5
4.627450980392156,2.9396078431372548,87058.82352941176,[[0.00503068]],5
4.705882352941177,3.0,65882.35294117648,[[0.02779933]],5
4.470588235294118,2.8533333333333335,58823.529411764706,[[0.02490143]],5
6.2745098039215685,2.4650980392156865,185882.35294117648,[[0.25024089]],5
6.8235294117647065,2.508235294117647,101176.4705882353,[[0.12149699]],5
6.8235294117647065,2.508235294117647,72941.17647058824,[[0.08929016]],5
5.882352941176471,2.551372549019608,72941.17647058824,[[0.03925762]],5
6.2745098039215685,2.508235294117647,72941.17647058824,[[0.06374926]],5
4.235294117647059,2.8274509803921566,78235.29411764706,[[0.00917352]],5
5.882352941176471,2.8878431372549027,58823.529411764706,[[0.00163968]],5
4.078431372549019,2.7929411764705883,71176.4705882353,[[0.01633885]],5
4.470588235294118,2.9913725490196086,58823.529411764706,[[0.05057985]],5
4.862745098039216,2.9396078431372548,94117.64705882352,[[0.00085431]],5
4.1568627450980395,2.508235294117647,72941.17647058824,[[0.00088317]],5
5.96078431372549,2.4564705882352946,58823.529411764706,[[0.05354892]],5
4.1568627450980395,2.922352941176471,72941.17647058824,[[0.03026463]],5
4.470588235294118,2.3615686274509806,62352.94117647059,[[0.01294593]],5
10.745098039215687,2.9050980392156864,125882.35294117648,[[0.18233939]],5
9.098039215686274,2.810196078431373,171764.70588235295,[[0.1938698]],5
4.392156862745098,2.974117647058824,58823.529411764706,[[0.05229506]],5
10.588235294117647,2.948235294117647,171764.70588235295,[[0.19618372]],5
4.392156862745098,2.974117647058824,80000.0,[[0.01949187]],5
5.882352941176471,2.551372549019608,72941.17647058824,[[0.03925762]],5
9.490196078431373,2.810196078431373,171764.70588235295,[[0.20382141]],5
5.96078431372549,2.870588235294118,57058.82352941176,[[0.00239267]],5
10.980392156862745,2.8792156862745104,274117.6470588235,[[0.28252544]],5
6.2745098039215685,2.75843137254902,171764.70588235295,[[0.12532256]],5
4.078431372549019,2.508235294117647,71176.4705882353,[[0.0003193]],5
4.470588235294118,2.7411764705882353,171764.70588235295,[[0.08716361]],5
9.490196078431373,2.9913725490196086,58823.529411764706,[[0.09031952]],5
6.980392156862745,2.68078431372549,62352.94117647059,[[0.05281424]],5
6.2745098039215685,2.516862745098039,72941.17647058824,[[0.06207005]],5
6.2745098039215685,2.508235294117647,72941.17647058824,[[0.06374926]],5
4.392156862745098,2.818823529411765,69411.76470588235,[[0.01184995]],5
4.078431372549019,2.9827450980392154,58823.529411764706,[[0.07923071]],5
4.470588235294118,2.3615686274509806,62352.94117647059,[[0.01294593]],5
4.0,2.577254901960784,58823.529411764706,[[0.00771995]],5
5.411764705882353,2.3960784313725494,171764.70588235295,[[0.22300441]],5
4.549019607843137,2.9827450980392154,115294.11764705883,[[0.00055524]],5
4.470588235294118,2.9913725490196086,69411.76470588235,[[0.03266794]],5
7.450980392156863,2.9827450980392154,214117.64705882352,[[0.14743854]],5
9.490196078431373,2.508235294117647,58823.529411764706,[[0.19238071]],5
6.117647058823529,3.0,125882.35294117648,[[0.02660827]],5
4.549019607843137,2.9827450980392154,80000.0,[[0.01545095]],5
9.098039215686274,2.9396078431372548,58823.529411764706,[[0.08588377]],5
6.352941176470589,2.9913725490196086,58823.529411764706,[[0.00291693]],5
5.96078431372549,2.870588235294118,58823.529411764706,[[0.00272231]],5
4.392156862745098,2.974117647058824,118823.5294117647,[[0.0005888]],5
10.980392156862745,2.508235294117647,80000.0,[[0.25454234]],5
6.117647058823529,3.0,87058.82352941176,[[0.00660146]],5
5.882352941176471,2.870588235294118,58823.529411764706,[[0.00200808]],5
5.96078431372549,2.551372549019608,76470.58823529413,[[0.04581305]],5
10.117647058823529,2.9913725490196086,58823.529411764706,[[0.11028987]],5
5.96078431372549,2.490980392156863,101176.4705882353,[[0.09738942]],5
4.862745098039216,2.9396078431372548,94117.64705882352,[[0.00085431]],5
4.470588235294118,2.9913725490196086,58823.529411764706,[[0.05057985]],5
10.980392156862745,2.8274509803921566,80000.0,[[0.17909694]],5
6.117647058823529,2.870588235294118,57058.82352941176,[[0.0041762]],5
5.882352941176471,2.508235294117647,129411.76470588235,[[0.11791143]],5
5.882352941176471,2.861960784313726,72941.17647058824,[[0.00589683]],5
6.901960784313726,2.508235294117647,101176.4705882353,[[0.12506999]],5
5.882352941176471,2.870588235294118,62352.94117647059,[[0.00262944]],5
9.568627450980392,2.948235294117647,171764.70588235295,[[0.17239027]],5
4.705882352941177,2.9396078431372548,94117.64705882352,[[0.00161968]],5
5.882352941176471,2.4478431372549023,72941.17647058824,[[0.06727388]],5
4.470588235294118,2.3615686274509806,62352.94117647059,[[0.01294593]],5
6.2745098039215685,2.577254901960784,72941.17647058824,[[0.05096759]],5
5.254901960784314,2.508235294117647,58823.529411764706,[[0.01210317]],5
4.078431372549019,2.922352941176471,120588.23529411765,[[0.00078076]],5
4.392156862745098,2.818823529411765,62352.94117647059,[[0.01898484]],5
4.392156862745098,2.9050980392156864,115294.11764705883,[[0.00137973]],5
4.549019607843137,2.9137254901960787,115294.11764705883,[[0.00204992]],5
7.450980392156863,2.508235294117647,214117.64705882352,[[0.29343427]],5
4.470588235294118,2.810196078431373,58823.529411764706,[[0.01879046]],5
4.235294117647059,2.9137254901960787,118823.5294117647,[[0.00119754]],5
6.196078431372549,2.508235294117647,72941.17647058824,[[0.06020017]],5
11.215686274509803,2.9396078431372548,74705.88235294117,[[0.15982775]],5
4.392156862745098,2.8015686274509806,58823.529411764706,[[0.02078862]],5
9.882352941176471,2.870588235294118,55294.117647058825,[[0.12285516]],5
4.392156862745098,2.974117647058824,115294.11764705883,[[0.00041851]],5
4.392156862745098,2.974117647058824,51764.705882352944,[[0.06747454]],5
4.549019607843137,2.9137254901960787,147058.82352941175,[[0.02221503]],5
5.882352941176471,2.818823529411765,99411.76470588235,[[0.02390348]],5
6.117647058823529,2.516862745098039,101176.4705882353,[[0.08735934]],5
5.882352941176471,2.508235294117647,150588.23529411765,[[0.1509484]],5
4.705882352941177,2.9396078431372548,72941.17647058824,[[0.01263858]],5
4.078431372549019,2.974117647058824,58823.529411764706,[[0.07673444]],5
4.392156862745098,2.974117647058824,80000.0,[[0.01949187]],5
9.098039215686274,2.508235294117647,58823.529411764706,[[0.17718606]],5
6.2745098039215685,2.810196078431373,185882.35294117648,[[0.1304694]],5
14.823529411764707,2.4219607843137254,94117.64705882352,[[0.34782447]],5
4.862745098039216,2.9396078431372548,94117.64705882352,[[0.00085431]],5
6.431372549019608,2.9913725490196086,58823.529411764706,[[0.00373619]],6
6.03921568627451,3.0,125882.35294117648,[[0.02469701]],6
4.470588235294118,2.810196078431373,58823.529411764706,[[0.01879046]],6
4.235294117647059,2.8274509803921566,78235.29411764706,[[0.00917352]],6
4.862745098039216,2.508235294117647,72941.17647058824,[[0.01146796]],6
4.1568627450980395,2.9396078431372548,94117.64705882352,[[0.00827081]],6
4.313725490196078,2.508235294117647,115294.11764705883,[[0.03935081]],6
6.901960784313726,2.974117647058824,101176.4705882353,[[0.03487778]],6
4.0,2.508235294117647,71176.4705882353,[[0.00021952]],6
5.333333333333333,2.508235294117647,58823.529411764706,[[0.01426122]],6
6.2745098039215685,2.577254901960784,72941.17647058824,[[0.05096759]],6
4.392156862745098,2.974117647058824,115294.11764705883,[[0.00041851]],6
4.705882352941177,2.870588235294118,58823.529411764706,[[0.01772584]],6
5.882352941176471,2.9396078431372548,87058.82352941176,[[0.00641561]],6
8.392156862745098,2.551372549019608,72941.17647058824,[[0.14991611]],6
4.392156862745098,2.974117647058824,58823.529411764706,[[0.05229506]],6
4.392156862745098,2.974117647058824,115294.11764705883,[[0.00041851]],6
4.470588235294118,2.9913725490196086,58823.529411764706,[[0.05057985]],6
4.392156862745098,2.767058823529412,51764.705882352944,[[0.02471382]],6
6.196078431372549,2.7152941176470593,72941.17647058824,[[0.02722715]],6
4.705882352941177,2.8015686274509806,94117.64705882352,[[0.0013571]],6
4.392156862745098,2.9396078431372548,58823.529411764706,[[0.04478399]],6
4.627450980392156,2.551372549019608,62352.94117647059,[[0.00082088]],6
5.647058823529411,2.818823529411765,72941.17647058824,[[0.00467946]],6
5.882352941176471,2.8878431372549027,58823.529411764706,[[0.00163968]],6
4.078431372549019,2.9309803921568633,71176.4705882353,[[0.03851482]],6
4.078431372549019,2.870588235294118,58823.529411764706,[[0.05005982]],6
5.96078431372549,2.7929411764705883,99411.76470588235,[[0.02944978]],6
4.392156862745098,2.9050980392156864,115294.11764705883,[[0.00137973]],6
5.254901960784314,2.508235294117647,58823.529411764706,[[0.01210317]],6
5.882352941176471,2.870588235294118,62352.94117647059,[[0.00262944]],6
5.882352941176471,2.870588235294118,62352.94117647059,[[0.00262944]],6
4.392156862745098,2.974117647058824,115294.11764705883,[[0.00041851]],6
9.098039215686274,2.9396078431372548,58823.529411764706,[[0.08588377]],6
16.0,2.7929411764705883,97647.05882352941,[[0.27748778]],6
4.0,2.508235294117647,127647.05882352941,[[0.04877626]],6
4.549019607843137,3.0,65882.35294117648,[[0.03534913]],6
7.137254901960784,2.3615686274509806,76470.58823529413,[[0.15622628]],6
4.1568627450980395,2.8533333333333335,58823.529411764706,[[0.04148753]],6
4.313725490196078,2.577254901960784,58823.529411764706,[[0.00240768]],6
6.352941176470589,2.551372549019608,72941.17647058824,[[0.05899088]],6
4.0,2.8533333333333335,58823.529411764706,[[0.05106255]],6
4.392156862745098,2.818823529411765,58823.529411764706,[[0.02326791]],6
4.078431372549019,2.974117647058824,69411.76470588235,[[0.05117981]],6
5.882352941176471,2.508235294117647,157647.0588235294,[[0.16260925]],6
4.627450980392156,2.9396078431372548,80000.0,[[0.00927464]],6
5.96078431372549,3.0,72941.17647058824,[[0.00169183]],6
4.0,2.378823529411765,71176.4705882353,[[0.00701979]],6
4.392156862745098,2.9050980392156864,115294.11764705883,[[0.00137973]],6
6.980392156862745,2.68078431372549,62352.94117647059,[[0.05281424]],6
4.1568627450980395,2.508235294117647,72941.17647058824,[[0.00088317]],6
4.392156862745098,2.9050980392156864,115294.11764705883,[[0.00137973]],6
5.254901960784314,2.508235294117647,74705.88235294117,[[0.02432595]],6
5.333333333333333,2.922352941176471,115294.11764705883,[[0.01108981]],6
4.549019607843137,2.9913725490196086,171764.70588235295,[[0.03799673]],6
6.352941176470589,2.9137254901960787,147058.82352941175,[[0.0643989]],6
5.96078431372549,2.870588235294118,58823.529411764706,[[0.00272231]],6
9.098039215686274,2.9396078431372548,58823.529411764706,[[0.08588377]],6
6.352941176470589,2.9913725490196086,62352.94117647059,[[0.00357633]],6
6.8235294117647065,2.6635294117647064,58823.529411764706,[[0.04663343]],6
4.392156862745098,2.870588235294118,57058.82352941176,[[0.03433365]],6
5.96078431372549,2.974117647058824,115294.11764705883,[[0.01893024]],6
4.705882352941177,2.8274509803921566,72941.17647058824,[[0.00387676]],6
17.568627450980394,2.9396078431372548,270588.23529411765,[[0.30410685]],6
4.392156862745098,2.818823529411765,69411.76470588235,[[0.01184995]],6
6.117647058823529,2.870588235294118,57058.82352941176,[[0.0041762]],6
4.078431372549019,2.508235294117647,71176.4705882353,[[0.0003193]],6
4.392156862745098,2.9050980392156864,115294.11764705883,[[0.00137973]],6
6.8235294117647065,2.508235294117647,72941.17647058824,[[0.08929016]],6
4.705882352941177,2.9396078431372548,72941.17647058824,[[0.01263858]],6
4.235294117647059,2.9827450980392154,106470.58823529413,[[0.00299893]],6
4.549019607843137,2.861960784313726,80000.0,[[0.00477154]],6
4.549019607843137,2.974117647058824,118823.5294117647,[[0.00111332]],6
4.392156862745098,2.9137254901960787,228235.29411764705,[[0.15635195]],6
4.392156862745098,2.9568627450980394,69411.76470588235,[[0.03063104]],6
4.862745098039216,2.8015686274509806,94117.64705882352,[[0.00261185]],6
4.470588235294118,2.9913725490196086,69411.76470588235,[[0.03266794]],6
5.96078431372549,2.870588235294118,57058.82352941176,[[0.00239267]],6
4.078431372549019,2.9913725490196086,69411.76470588235,[[0.05521505]],6
4.470588235294118,2.922352941176471,120588.23529411765,[[0.00280002]],6
4.392156862745098,2.974117647058824,115294.11764705883,[[0.00041851]],6
4.392156862745098,2.974117647058824,51764.705882352944,[[0.06747454]],6
4.078431372549019,2.508235294117647,71176.4705882353,[[0.0003193]],6
6.901960784313726,2.6980392156862747,369411.76470588235,[[0.46597184]],6
4.1568627450980395,1.4039215686274509,72941.17647058824,[[0.19941865]],6
6.117647058823529,3.0,87058.82352941176,[[0.00660146]],6
4.627450980392156,2.818823529411765,99411.76470588235,[[0.00151328]],6
5.882352941176471,2.9396078431372548,87058.82352941176,[[0.00641561]],6
4.470588235294118,2.8533333333333335,58823.529411764706,[[0.02490143]],6
5.96078431372549,2.4650980392156865,185882.35294117648,[[0.24194569]],6
4.470588235294118,2.3529411764705888,62352.94117647059,[[0.01376405]],6
5.96078431372549,2.8792156862745104,57058.82352941176,[[0.00216094]],6
4.705882352941177,2.9396078431372548,72941.17647058824,[[0.01263858]],6
7.215686274509804,1.8956862745098042,65882.35294117648,[[0.29944335]],6
4.392156862745098,2.9050980392156864,115294.11764705883,[[0.00137973]],6
5.96078431372549,2.870588235294118,58823.529411764706,[[0.00272231]],6
4.862745098039216,2.870588235294118,57058.82352941176,[[0.01368657]],7
5.96078431372549,2.9396078431372548,72941.17647058824,[[0.00334527]],7
5.333333333333333,2.922352941176471,58823.529411764706,[[0.00488391]],7
4.313725490196078,2.577254901960784,115294.11764705883,[[0.02884745]],7
6.117647058823529,2.870588235294118,57058.82352941176,[[0.0041762]],7
5.96078431372549,2.870588235294118,58823.529411764706,[[0.00272231]],7
5.882352941176471,2.9396078431372548,87058.82352941176,[[0.00641561]],7
4.392156862745098,2.974117647058824,115294.11764705883,[[0.00041851]],7
4.392156862745098,2.516862745098039,80000.0,[[0.00586935]],7
4.549019607843137,2.8533333333333335,71176.4705882353,[[0.00961183]],7
6.117647058823529,2.508235294117647,87058.82352941176,[[0.07221029]],7
4.0,3.0,71176.4705882353,[[0.05820835]],7
5.882352941176471,2.508235294117647,58823.529411764706,[[0.03295927]],7
4.862745098039216,2.8878431372549027,72941.17647058824,[[0.00487821]],7
4.392156862745098,2.9050980392156864,115294.11764705883,[[0.00137973]],7
4.392156862745098,2.9050980392156864,115294.11764705883,[[0.00137973]],7
4.705882352941177,2.8015686274509806,94117.64705882352,[[0.0013571]],7
4.549019607843137,2.861960784313726,80000.0,[[0.00477154]],7
4.392156862745098,2.9050980392156864,115294.11764705883,[[0.00137973]],7
5.333333333333333,2.9913725490196086,115294.11764705883,[[0.00608891]],7
4.1568627450980395,2.508235294117647,72941.17647058824,[[0.00088317]],7
4.862745098039216,2.508235294117647,72941.17647058824,[[0.01146796]],7
4.862745098039216,2.490980392156863,80000.0,[[0.02588692]],7
4.627450980392156,2.9568627450980394,72941.17647058824,[[0.01705335]],7
5.333333333333333,2.508235294117647,69411.76470588235,[[0.02234039]],7
4.392156862745098,2.818823529411765,58823.529411764706,[[0.02326791]],7
5.333333333333333,2.508235294117647,58823.529411764706,[[0.01426122]],7
4.627450980392156,2.551372549019608,62352.94117647059,[[0.00082088]],7
9.176470588235293,2.378823529411765,184117.64705882352,[[0.34561272]],7
4.392156862745098,2.974117647058824,115294.11764705883,[[0.00041851]],7
4.078431372549019,2.9396078431372548,58823.529411764706,[[0.06717162]],7
6.431372549019608,2.922352941176471,58823.529411764706,[[0.00694089]],7
4.627450980392156,1.956078431372549,72941.17647058824,[[0.10121925]],7
4.235294117647059,2.8015686274509806,92352.94117647059,[[0.0008889]],7
4.392156862745098,2.9050980392156864,115294.11764705883,[[0.00137973]],7
4.392156862745098,2.9050980392156864,115294.11764705883,[[0.00137973]],7
6.196078431372549,2.542745098039216,72941.17647058824,[[0.05378374]],7
4.705882352941177,3.0,72941.17647058824,[[0.01964239]],7
5.882352941176471,2.922352941176471,115294.11764705883,[[0.02278021]],7
5.333333333333333,2.8878431372549027,58823.529411764706,[[0.00317347]],7
4.470588235294118,1.8698039215686275,58823.529411764706,[[0.08108796]],7
5.333333333333333,2.922352941176471,115294.11764705883,[[0.01108981]],7
6.352941176470589,2.508235294117647,72941.17647058824,[[0.06733044]],7
4.1568627450980395,2.9913725490196086,62352.94117647059,[[0.06614959]],7
4.078431372549019,2.508235294117647,71176.4705882353,[[0.0003193]],7
6.352941176470589,2.551372549019608,72941.17647058824,[[0.05899088]],7
5.882352941176471,2.9827450980392154,106470.58823529413,[[0.01161839]],7
4.235294117647059,2.9396078431372548,87058.82352941176,[[0.01260798]],7
4.549019607843137,2.974117647058824,115294.11764705883,[[0.00063776]],7
4.313725490196078,2.577254901960784,62352.94117647059,[[0.00129402]],7
4.627450980392156,2.8015686274509806,99411.76470588235,[[0.00206676]],7
4.862745098039216,2.818823529411765,94117.64705882352,[[0.0019841]],7
5.568627450980392,2.922352941176471,115294.11764705883,[[0.01570135]],7
4.078431372549019,2.508235294117647,115294.11764705883,[[0.03290465]],7
4.470588235294118,2.8533333333333335,87058.82352941176,[[0.00234162]],7
5.882352941176471,2.9396078431372548,58823.529411764706,[[0.00113755]],7
4.0,2.508235294117647,71176.4705882353,[[0.00021952]],7
4.1568627450980395,2.508235294117647,129411.76470588235,[[0.05595082]],7
4.627450980392156,2.870588235294118,58823.529411764706,[[0.02089529]],7
5.647058823529411,2.9050980392156864,118823.5294117647,[[0.02169193]],7
5.254901960784314,2.9396078431372548,87058.82352941176,[[0.0008017]],7
4.627450980392156,2.508235294117647,71176.4705882353,[[0.00550691]],7
4.705882352941177,2.275294117647059,72941.17647058824,[[0.04364954]],7
4.705882352941177,2.8015686274509806,94117.64705882352,[[0.0013571]],7
6.352941176470589,2.9913725490196086,62352.94117647059,[[0.00357633]],7
4.862745098039216,2.8015686274509806,94117.64705882352,[[0.00261185]],7
4.392156862745098,2.836078431372549,115294.11764705883,[[0.00425667]],7
4.392156862745098,2.9050980392156864,51764.705882352944,[[0.0507605]],7
4.1568627450980395,2.8015686274509806,94117.64705882352,[[0.00088106]],7
5.647058823529411,2.9568627450980394,72941.17647058824,[[0.00100106]],7
5.96078431372549,2.9827450980392154,57058.82352941176,[[0.00131151]],7
6.901960784313726,2.870588235294118,101176.4705882353,[[0.04986656]],7
4.392156862745098,2.870588235294118,115294.11764705883,[[0.0025821]],7
6.117647058823529,2.974117647058824,57058.82352941176,[[0.00145426]],7
9.098039215686274,2.922352941176471,125882.35294117648,[[0.132735]],7
5.333333333333333,2.6117647058823534,58823.529411764706,[[0.00587688]],7
4.862745098039216,2.8015686274509806,94117.64705882352,[[0.00261185]],7
4.627450980392156,2.818823529411765,99411.76470588235,[[0.00151328]],7
6.352941176470589,2.551372549019608,72941.17647058824,[[0.05899088]],7
4.470588235294118,2.9913725490196086,69411.76470588235,[[0.03266794]],7
4.078431372549019,2.9309803921568633,71176.4705882353,[[0.03851482]],7
4.313725490196078,2.4219607843137254,228235.29411764705,[[0.33480273]],7
6.431372549019608,2.8533333333333335,72941.17647058824,[[0.0185078]],7
4.392156862745098,2.974117647058824,115294.11764705883,[[0.00041851]],7
4.0,2.508235294117647,71176.4705882353,[[0.00021952]],7
4.705882352941177,2.8274509803921566,129411.76470588235,[[0.01883513]],7
5.882352941176471,2.870588235294118,62352.94117647059,[[0.00262944]],7
4.705882352941177,2.9396078431372548,72941.17647058824,[[0.01263858]],7
6.431372549019608,2.9913725490196086,58823.529411764706,[[0.00373619]],7
4.392156862745098,2.9396078431372548,58823.529411764706,[[0.04478399]],7
4.705882352941177,2.9396078431372548,72941.17647058824,[[0.01263858]],7
4.549019607843137,3.0,65882.35294117648,[[0.03534913]],7
5.647058823529411,2.8878431372549027,72941.17647058824,[[0.00200978]],7
4.392156862745098,2.836078431372549,115294.11764705883,[[0.00425667]],7
5.882352941176471,2.8878431372549027,101176.4705882353,[[0.01740162]],7
4.627450980392156,2.818823529411765,57058.82352941176,[[0.01614094]],7
4.392156862745098,2.9050980392156864,115294.11764705883,[[0.00137973]],8
4.392156862745098,2.516862745098039,80000.0,[[0.00586935]],8
4.705882352941177,2.8274509803921566,129411.76470588235,[[0.01883513]],8
6.431372549019608,2.9050980392156864,58823.529411764706,[[0.00796568]],8
4.392156862745098,2.922352941176471,72941.17647058824,[[0.02065966]],8
4.078431372549019,2.490980392156863,113529.41176470587,[[0.0414846]],8
5.882352941176471,2.974117647058824,106470.58823529413,[[0.01233203]],8
4.627450980392156,2.8274509803921566,57058.82352941176,[[0.0171877]],8
4.862745098039216,2.9913725490196086,71176.4705882353,[[0.01480273]],8
4.549019607843137,2.7498039215686276,72941.17647058824,[[0.00206119]],8
5.333333333333333,2.922352941176471,58823.529411764706,[[0.00488391]],8
4.392156862745098,2.974117647058824,115294.11764705883,[[0.00041851]],8
4.392156862745098,2.8533333333333335,72941.17647058824,[[0.01230488]],8
4.0,2.490980392156863,113529.41176470587,[[0.03915662]],8
5.882352941176471,2.9396078431372548,87058.82352941176,[[0.00641561]],8
4.313725490196078,2.577254901960784,143529.4117647059,[[0.07039556]],8
4.862745098039216,2.8015686274509806,108235.29411764705,[[0.00884382]],8
4.078431372549019,2.508235294117647,94117.64705882352,[[0.01045638]],8
5.803921568627451,2.8533333333333335,76470.58823529413,[[0.00637868]],8
4.627450980392156,2.870588235294118,57058.82352941176,[[0.02294026]],8
4.862745098039216,2.8015686274509806,72941.17647058824,[[0.00125888]],8
4.235294117647059,2.508235294117647,92352.94117647059,[[0.01207956]],8
4.470588235294118,2.9913725490196086,69411.76470588235,[[0.03266794]],8
6.352941176470589,2.9913725490196086,118823.5294117647,[[0.02893139]],8
4.392156862745098,2.818823529411765,87058.82352941176,[[0.00171154]],8
4.784313725490196,2.870588235294118,122352.94117647059,[[0.01049996]],8
5.882352941176471,2.9827450980392154,106470.58823529413,[[0.01161839]],8
4.0,2.508235294117647,71176.4705882353,[[0.00021952]],8
5.254901960784314,2.8015686274509806,101176.4705882353,[[0.0118673]],8
4.627450980392156,2.9396078431372548,85294.11764705883,[[0.00595459]],8
14.745098039215685,2.870588235294118,113529.41176470587,[[0.25502048]],8
14.431372549019608,2.8015686274509806,94117.64705882352,[[0.25794753]],8
4.0,2.508235294117647,71176.4705882353,[[0.00021952]],8
4.627450980392156,2.551372549019608,62352.94117647059,[[0.00082088]],8
5.882352941176471,2.9827450980392154,113529.41176470587,[[0.01532046]],8
4.470588235294118,2.8533333333333335,80000.0,[[0.00548272]],8
5.647058823529411,2.8878431372549027,72941.17647058824,[[0.00200978]],8
6.431372549019608,2.9913725490196086,58823.529411764706,[[0.00373619]],8
4.862745098039216,2.8015686274509806,72941.17647058824,[[0.00125888]],8
4.0,2.870588235294118,92352.94117647059,[[0.00644791]],8
14.666666666666666,2.8015686274509806,127647.05882352941,[[0.27245692]],8
5.568627450980392,2.922352941176471,87058.82352941176,[[0.0031562]],8
4.392156862745098,2.974117647058824,57058.82352941176,[[0.05587733]],8
6.117647058823529,2.9050980392156864,115294.11764705883,[[0.03114577]],8
4.392156862745098,2.974117647058824,58823.529411764706,[[0.05229506]],8
4.705882352941177,2.7325490196078435,101176.4705882353,[[0.00753388]],8
4.705882352941177,2.8533333333333335,72941.17647058824,[[0.0054133]],8
6.431372549019608,2.275294117647059,72941.17647058824,[[0.13744957]],8
6.431372549019608,2.9913725490196086,72941.17647058824,[[0.00751751]],8
4.862745098039216,2.8878431372549027,58823.529411764706,[[0.01405078]],8
5.647058823529411,2.9568627450980394,72941.17647058824,[[0.00100106]],8
5.647058823529411,1.783529411764706,72941.17647058824,[[0.23905516]],8
4.862745098039216,2.8878431372549027,72941.17647058824,[[0.00487821]],8
4.0,2.508235294117647,71176.4705882353,[[0.00021952]],8
5.882352941176471,2.9827450980392154,106470.58823529413,[[0.01161839]],8
5.254901960784314,2.9396078431372548,87058.82352941176,[[0.0008017]],8
4.392156862745098,2.922352941176471,115294.11764705883,[[0.00095752]],8
5.333333333333333,2.9050980392156864,58823.529411764706,[[0.00397203]],8
5.647058823529411,2.9396078431372548,101176.4705882353,[[0.00825416]],8
4.705882352941177,2.8878431372549027,129411.76470588235,[[0.01248329]],8
5.254901960784314,2.9396078431372548,87058.82352941176,[[0.0008017]],8
5.333333333333333,2.8878431372549027,58823.529411764706,[[0.00317347]],8
11.372549019607842,2.8274509803921566,72941.17647058824,[[0.18559602]],8
5.882352941176471,2.706666666666667,106470.58823529413,[[0.04614368]],8
4.1568627450980395,2.8015686274509806,87058.82352941176,[[0.00313449]],8
4.392156862745098,2.9050980392156864,122352.94117647059,[[0.00365414]],8
4.392156862745098,2.974117647058824,115294.11764705883,[[0.00041851]],8
4.862745098039216,2.8015686274509806,94117.64705882352,[[0.00261185]],8
5.882352941176471,2.9913725490196086,118823.5294117647,[[0.0175466]],8
5.333333333333333,2.870588235294118,58823.529411764706,[[0.00249037]],8
6.117647058823529,2.870588235294118,58823.529411764706,[[0.00464755]],8
4.0,2.9396078431372548,85294.11764705883,[[0.02096623]],8
4.392156862745098,2.7843137254901964,115294.11764705883,[[0.00763061]],8
5.333333333333333,2.56,69411.76470588235,[[0.01634983]],8
4.392156862745098,2.9050980392156864,115294.11764705883,[[0.00137973]],8
4.549019607843137,2.861960784313726,80000.0,[[0.00477154]],8
4.235294117647059,2.8015686274509806,92352.94117647059,[[0.0008889]],8
4.549019607843137,2.974117647058824,115294.11764705883,[[0.00063776]],8
4.392156862745098,2.9396078431372548,72941.17647058824,[[0.02310334]],8
5.96078431372549,2.9913725490196086,115294.11764705883,[[0.01717377]],8
5.333333333333333,2.9913725490196086,115294.11764705883,[[0.00608891]],8
5.568627450980392,2.922352941176471,115294.11764705883,[[0.01570135]],8
4.313725490196078,2.577254901960784,62352.94117647059,[[0.00129402]],8
6.431372549019608,2.9913725490196086,58823.529411764706,[[0.00373619]],8
4.392156862745098,2.974117647058824,115294.11764705883,[[0.00041851]],8
4.0,2.508235294117647,71176.4705882353,[[0.00021952]],8
5.96078431372549,2.490980392156863,58823.529411764706,[[0.04759038]],8
4.0,2.9568627450980394,71176.4705882353,[[0.04807442]],8
4.705882352941177,3.0,72941.17647058824,[[0.01964239]],8
4.392156862745098,2.9050980392156864,115294.11764705883,[[0.00137973]],8
4.235294117647059,2.9396078431372548,58823.529411764706,[[0.05549027]],8
4.0,2.508235294117647,99411.76470588235,[[0.01343285]],8
5.882352941176471,2.870588235294118,62352.94117647059,[[0.00262944]],8
5.882352941176471,2.870588235294118,62352.94117647059,[[0.00262944]],8
4.392156862745098,2.8015686274509806,115294.11764705883,[[0.0063922]],8
4.705882352941177,2.974117647058824,94117.64705882352,[[0.00290553]],8
5.647058823529411,2.9568627450980394,72941.17647058824,[[0.00100106]],9
4.392156862745098,2.9050980392156864,219411.76470588235,[[0.13917964]],9
4.0,2.508235294117647,71176.4705882353,[[0.00021952]],9
4.392156862745098,2.974117647058824,115294.11764705883,[[0.00041851]],9
4.392156862745098,2.8533333333333335,72941.17647058824,[[0.01230488]],9
4.862745098039216,2.8015686274509806,94117.64705882352,[[0.00261185]],9
5.882352941176471,2.870588235294118,60588.23529411765,[[0.00229887]],9
4.0,2.508235294117647,72941.17647058824,[[0.00027943]],9
4.627450980392156,2.551372549019608,62352.94117647059,[[0.00082088]],9
4.392156862745098,2.974117647058824,115294.11764705883,[[0.00041851]],9
5.647058823529411,2.922352941176471,115294.11764705883,[[0.01740258]],9
4.0,2.9396078431372548,94117.64705882352,[[0.0111129]],9
6.431372549019608,2.275294117647059,58823.529411764706,[[0.11797255]],9
5.333333333333333,2.870588235294118,72941.17647058824,[[0.0008014]],9
4.392156862745098,2.974117647058824,87058.82352941176,[[0.01239246]],9
5.254901960784314,2.9396078431372548,115294.11764705883,[[0.00841868]],9
4.862745098039216,2.8015686274509806,72941.17647058824,[[0.00125888]],9
4.862745098039216,2.8015686274509806,94117.64705882352,[[0.00261185]],9
4.0,2.508235294117647,57058.82352941176,[[0.00396152]],9
5.254901960784314,2.9396078431372548,87058.82352941176,[[0.0008017]],9
4.392156862745098,2.8878431372549027,72941.17647058824,[[0.01619891]],9
6.117647058823529,2.8015686274509806,72941.17647058824,[[0.01535325]],9
4.392156862745098,2.516862745098039,69411.76470588235,[[0.001513]],9
4.470588235294118,2.9913725490196086,80000.0,[[0.01906248]],9
4.549019607843137,2.9396078431372548,58823.529411764706,[[0.03521147]],9
5.333333333333333,2.9050980392156864,115294.11764705883,[[0.01259772]],9
4.862745098039216,2.8015686274509806,94117.64705882352,[[0.00261185]],9
4.392156862745098,2.8533333333333335,72941.17647058824,[[0.01230488]],9
6.03921568627451,2.9827450980392154,106470.58823529413,[[0.01479588]],9
4.1568627450980395,2.8015686274509806,87058.82352941176,[[0.00313449]],9
6.431372549019608,2.9913725490196086,72941.17647058824,[[0.00751751]],9
4.392156862745098,2.9050980392156864,122352.94117647059,[[0.00365414]],9
5.333333333333333,2.8878431372549027,57058.82352941176,[[0.00373594]],9
5.882352941176471,2.9913725490196086,118823.5294117647,[[0.0175466]],9
4.627450980392156,2.551372549019608,55294.117647058825,[[0.0004604]],9
4.627450980392156,2.551372549019608,62352.94117647059,[[0.00082088]],9
5.882352941176471,2.9827450980392154,108235.29411764705,[[0.0124955]],9
5.882352941176471,2.870588235294118,62352.94117647059,[[0.00262944]],9
4.235294117647059,2.9396078431372548,58823.529411764706,[[0.05549027]],9
5.647058823529411,2.8878431372549027,72941.17647058824,[[0.00200978]],9
4.0,2.508235294117647,71176.4705882353,[[0.00021952]],9
4.549019607843137,2.974117647058824,115294.11764705883,[[0.00063776]],9
5.333333333333333,2.870588235294118,58823.529411764706,[[0.00249037]],9
4.784313725490196,2.9396078431372548,69411.76470588235,[[0.01321405]],9
5.254901960784314,2.8533333333333335,72941.17647058824,[[0.00075522]],9
5.803921568627451,2.9396078431372548,90588.23529411765,[[0.00646748]],9
4.392156862745098,2.7843137254901964,115294.11764705883,[[0.00763061]],9
4.392156862745098,2.818823529411765,87058.82352941176,[[0.00171154]],9
6.431372549019608,2.9050980392156864,58823.529411764706,[[0.00796568]],9
6.431372549019608,2.9913725490196086,72941.17647058824,[[0.00751751]],9
4.0,2.870588235294118,62352.94117647059,[[0.04739056]],9
5.882352941176471,2.508235294117647,71176.4705882353,[[0.04460451]],9
4.0,2.508235294117647,71176.4705882353,[[0.00021952]],9
4.549019607843137,2.974117647058824,115294.11764705883,[[0.00063776]],9
4.705882352941177,2.974117647058824,94117.64705882352,[[0.00290553]],9
5.333333333333333,2.9568627450980394,72941.17647058824,[[0.00208582]],9
5.647058823529411,2.9396078431372548,87058.82352941176,[[0.00332977]],9
5.254901960784314,2.9396078431372548,101176.4705882353,[[0.00296988]],9
4.392156862745098,2.818823529411765,58823.529411764706,[[0.02326791]],9
4.392156862745098,2.974117647058824,87058.82352941176,[[0.01239246]],9
4.078431372549019,2.629019607843137,115294.11764705883,[[0.01733309]],9
4.078431372549019,2.490980392156863,113529.41176470587,[[0.0414846]],9
4.0,2.9568627450980394,64117.64705882353,[[0.0642602]],9
5.647058823529411,2.870588235294118,101176.4705882353,[[0.01385582]],9
5.333333333333333,2.9396078431372548,104705.88235294117,[[0.00498695]],9
5.647058823529411,2.922352941176471,58823.529411764706,[[0.00142392]],9
5.254901960784314,2.9050980392156864,87058.82352941176,[[0.00116476]],9
5.333333333333333,2.9396078431372548,58823.529411764706,[[0.00591025]],9
5.333333333333333,2.9913725490196086,115294.11764705883,[[0.00608891]],9
4.0,2.508235294117647,71176.4705882353,[[0.00021952]],9
4.235294117647059,2.8015686274509806,92352.94117647059,[[0.0008889]],9
5.647058823529411,2.9568627450980394,72941.17647058824,[[0.00100106]],9
4.392156862745098,2.8015686274509806,87058.82352941176,[[0.0011892]],9
4.392156862745098,2.922352941176471,115294.11764705883,[[0.00095752]],9
5.882352941176471,2.508235294117647,87058.82352941176,[[0.06174347]],9
4.0,2.9396078431372548,99411.76470588235,[[0.00680177]],9
4.392156862745098,2.9050980392156864,115294.11764705883,[[0.00137973]],9
4.862745098039216,2.8015686274509806,72941.17647058824,[[0.00125888]],9
4.862745098039216,2.8015686274509806,94117.64705882352,[[0.00261185]],9
4.1568627450980395,2.8015686274509806,87058.82352941176,[[0.00313449]],9
4.392156862745098,2.922352941176471,115294.11764705883,[[0.00095752]],9
4.392156862745098,2.974117647058824,115294.11764705883,[[0.00041851]],9
4.549019607843137,2.7498039215686276,72941.17647058824,[[0.00206119]],9
4.392156862745098,2.5858823529411765,80000.0,[[0.00223382]],9
4.392156862745098,2.9050980392156864,99411.76470588235,[[0.00121935]],9
4.0,2.508235294117647,115294.11764705883,[[0.03093971]],9
4.9411764705882355,2.922352941176471,58823.529411764706,[[0.01511819]],9
5.803921568627451,2.9913725490196086,87058.82352941176,[[0.00298946]],9
4.392156862745098,2.8533333333333335,72941.17647058824,[[0.01230488]],9
4.078431372549019,2.508235294117647,94117.64705882352,[[0.01045638]],9
4.392156862745098,2.9137254901960787,106470.58823529413,[[0.00043858]],9
5.254901960784314,2.922352941176471,115294.11764705883,[[0.00973598]],9
5.254901960784314,2.9396078431372548,87058.82352941176,[[0.0008017]],9
4.627450980392156,2.9396078431372548,85294.11764705883,[[0.00595459]],9
4.862745098039216,2.974117647058824,129411.76470588235,[[0.00752552]],9
4.392156862745098,2.8015686274509806,58823.529411764706,[[0.02078862]],9
5.803921568627451,2.870588235294118,90588.23529411765,[[0.01133913]],10
5.333333333333333,2.974117647058824,115294.11764705883,[[0.00718449]],10
6.431372549019608,2.9050980392156864,58823.529411764706,[[0.00796568]],10
4.392156862745098,2.9050980392156864,115294.11764705883,[[0.00137973]],10
6.588235294117647,2.508235294117647,94117.64705882352,[[0.10224014]],10
4.470588235294118,2.9913725490196086,80000.0,[[0.01906248]],10
4.078431372549019,2.508235294117647,101176.4705882353,[[0.01666676]],10
4.862745098039216,2.8015686274509806,65882.35294117648,[[0.00316878]],10
4.392156862745098,2.974117647058824,87058.82352941176,[[0.01239246]],10
5.647058823529411,2.9568627450980394,72941.17647058824,[[0.00100106]],10
4.549019607843137,2.7498039215686276,101176.4705882353,[[0.00441778]],10
4.862745098039216,2.8015686274509806,65882.35294117648,[[0.00316878]],10
4.392156862745098,2.974117647058824,115294.11764705883,[[0.00041851]],10
4.392156862745098,2.922352941176471,115294.11764705883,[[0.00095752]],10
4.0,2.508235294117647,71176.4705882353,[[0.00021952]],10
5.647058823529411,2.9396078431372548,87058.82352941176,[[0.00332977]],10
4.862745098039216,2.8015686274509806,94117.64705882352,[[0.00261185]],10
4.392156862745098,2.5858823529411765,80000.0,[[0.00223382]],10
5.254901960784314,2.9396078431372548,87058.82352941176,[[0.0008017]],10
4.392156862745098,2.922352941176471,115294.11764705883,[[0.00095752]],10
4.078431372549019,2.508235294117647,58823.529411764706,[[0.00213751]],10
4.549019607843137,2.974117647058824,150588.23529411765,[[0.01819821]],10
4.862745098039216,2.9396078431372548,87058.82352941176,[[0.00219678]],10
5.254901960784314,2.8015686274509806,72941.17647058824,[[0.00123321]],10
5.647058823529411,2.922352941176471,72941.17647058824,[[0.00129711]],10
4.0,2.542745098039216,71176.4705882353,[[0.00046993]],10
5.568627450980392,2.7843137254901964,115294.11764705883,[[0.03251836]],10
4.392156862745098,2.922352941176471,115294.11764705883,[[0.00095752]],10
5.333333333333333,2.9568627450980394,72941.17647058824,[[0.00208582]],10
4.235294117647059,2.8015686274509806,72941.17647058824,[[0.01114858]],10
5.803921568627451,2.9396078431372548,87058.82352941176,[[0.00524684]],10
5.254901960784314,2.9913725490196086,87058.82352941176,[[0.00108822]],10
5.647058823529411,2.870588235294118,72941.17647058824,[[0.00252157]],10
4.862745098039216,2.818823529411765,72941.17647058824,[[0.00173562]],10
4.392156862745098,2.974117647058824,115294.11764705883,[[0.00041851]],10
5.019607843137255,2.974117647058824,115294.11764705883,[[0.00339064]],10
4.392156862745098,2.974117647058824,115294.11764705883,[[0.00041851]],10
6.431372549019608,2.9913725490196086,58823.529411764706,[[0.00373619]],10
4.549019607843137,2.974117647058824,115294.11764705883,[[0.00063776]],10
5.647058823529411,2.9568627450980394,72941.17647058824,[[0.00100106]],10
4.549019607843137,2.922352941176471,58823.529411764706,[[0.03216634]],10
4.470588235294118,2.974117647058824,136470.5882352941,[[0.00708233]],10
6.431372549019608,2.9050980392156864,87058.82352941176,[[0.0211179]],10
5.254901960784314,2.9050980392156864,58823.529411764706,[[0.00528231]],10
4.1568627450980395,2.8015686274509806,87058.82352941176,[[0.00313449]],10
4.705882352941177,2.8274509803921566,118823.5294117647,[[0.01072097]],10
4.392156862745098,2.8878431372549027,57058.82352941176,[[0.03754403]],10
5.333333333333333,2.922352941176471,115294.11764705883,[[0.01108981]],10
5.647058823529411,2.922352941176471,341176.4705882353,[[0.36811049]],10
4.862745098039216,2.8015686274509806,72941.17647058824,[[0.00125888]],10
5.333333333333333,2.9568627450980394,72941.17647058824,[[0.00208582]],10
5.254901960784314,2.8533333333333335,72941.17647058824,[[0.00075522]],10
4.392156862745098,2.7843137254901964,72941.17647058824,[[0.00619122]],10
4.0,2.5254901960784317,85294.11764705883,[[0.002854]],10
4.705882352941177,2.974117647058824,94117.64705882352,[[0.00290553]],10
4.705882352941177,2.974117647058824,94117.64705882352,[[0.00290553]],10
4.0,2.6980392156862747,113529.41176470587,[[0.00816923]],10
4.549019607843137,2.7843137254901964,72941.17647058824,[[0.00362682]],10
5.333333333333333,2.870588235294118,58823.529411764706,[[0.00249037]],10
5.254901960784314,2.9396078431372548,87058.82352941176,[[0.0008017]],10
5.7254901960784315,2.8015686274509806,90588.23529411765,[[0.01596596]],10
4.235294117647059,2.9396078431372548,87058.82352941176,[[0.01260798]],10
5.803921568627451,2.9913725490196086,129411.76470588235,[[0.02262013]],10
5.647058823529411,2.922352941176471,87058.82352941176,[[0.00406787]],10
4.549019607843137,2.974117647058824,115294.11764705883,[[0.00063776]],10
4.392156862745098,2.6462745098039218,115294.11764705883,[[0.02145686]],10
4.0,2.5254901960784317,101176.4705882353,[[0.01334706]],10
5.333333333333333,2.922352941176471,76470.58823529413,[[0.00091237]],10
4.392156862745098,2.974117647058824,87058.82352941176,[[0.01239246]],10
4.392156862745098,2.516862745098039,69411.76470588235,[[0.001513]],10
4.0,2.508235294117647,65882.35294117648,[[0.00072226]],10
4.862745098039216,2.8015686274509806,101176.4705882353,[[0.00522985]],10
5.254901960784314,2.9050980392156864,83529.41176470587,[[0.00085477]],10
4.392156862745098,2.516862745098039,65882.35294117648,[[0.00076195]],10
4.392156862745098,2.974117647058824,115294.11764705883,[[0.00041851]],10
4.549019607843137,2.974117647058824,115294.11764705883,[[0.00063776]],10
4.392156862745098,2.9568627450980394,72941.17647058824,[[0.0257005]],10
5.647058823529411,2.7843137254901964,115294.11764705883,[[0.03481919]],10
5.254901960784314,2.508235294117647,72941.17647058824,[[0.02277498]],10
4.0,2.9396078431372548,85294.11764705883,[[0.02096623]],10
4.392156862745098,2.6980392156862747,115294.11764705883,[[0.01547835]],10
4.392156862745098,2.7929411764705883,69411.76470588235,[[0.00934529]],10
4.392156862745098,2.974117647058824,115294.11764705883,[[0.00041851]],10
4.0,2.508235294117647,72941.17647058824,[[0.00027943]],10
4.862745098039216,1.8698039215686275,115294.11764705883,[[0.23604518]],10
4.392156862745098,2.8015686274509806,94117.64705882352,[[0.00038695]],10
4.549019607843137,2.974117647058824,71176.4705882353,[[0.02389586]],10
11.529411764705882,2.508235294117647,118823.5294117647,[[0.29162108]],10
5.333333333333333,2.9050980392156864,129411.76470588235,[[0.02239917]],10
4.313725490196078,2.922352941176471,108235.29411764705,[[0.00047565]],10
4.0,2.542745098039216,72941.17647058824,[[0.00029055]],10
4.392156862745098,2.767058823529412,87058.82352941176,[[0.00053183]],10
4.392156862745098,2.836078431372549,72941.17647058824,[[0.01056571]],10
10.666666666666668,1.8525490196078434,115294.11764705883,[[0.4954599]],10
4.392156862745098,2.922352941176471,71176.4705882353,[[0.02280267]],10
5.254901960784314,2.508235294117647,58823.529411764706,[[0.01210317]],10
6.431372549019608,2.922352941176471,58823.529411764706,[[0.00694089]],11
5.254901960784314,2.490980392156863,101176.4705882353,[[0.06650464]],11
5.254901960784314,2.508235294117647,58823.529411764706,[[0.01210317]],11
5.647058823529411,2.922352941176471,87058.82352941176,[[0.00406787]],11
4.470588235294118,2.974117647058824,136470.5882352941,[[0.00708233]],11
5.803921568627451,2.9568627450980394,312941.17647058825,[[0.28896141]],11
5.333333333333333,2.922352941176471,76470.58823529413,[[0.00091237]],11
5.019607843137255,2.974117647058824,115294.11764705883,[[0.00339064]],11
4.0,2.5254901960784317,94117.64705882352,[[0.00776076]],11
4.705882352941177,2.9913725490196086,72941.17647058824,[[0.01854317]],11
4.392156862745098,2.974117647058824,122352.94117647059,[[0.0010969]],11
4.0,2.508235294117647,58823.529411764706,[[0.00306322]],11
4.0,2.542745098039216,71176.4705882353,[[0.00046993]],11
4.0,2.6980392156862747,113529.41176470587,[[0.00816923]],11
4.549019607843137,2.974117647058824,115294.11764705883,[[0.00063776]],11
5.647058823529411,2.870588235294118,72941.17647058824,[[0.00252157]],11
4.392156862745098,2.974117647058824,72941.17647058824,[[0.0284317]],11
5.333333333333333,2.922352941176471,118823.5294117647,[[0.01315241]],11
4.392156862745098,2.8015686274509806,115294.11764705883,[[0.0063922]],11
4.862745098039216,2.922352941176471,72941.17647058824,[[0.00719639]],11
4.392156862745098,2.508235294117647,71176.4705882353,[[0.00235814]],11
4.1568627450980395,2.6462745098039218,115294.11764705883,[[0.01682327]],11
5.647058823529411,2.9568627450980394,108235.29411764705,[[0.01025944]],11
4.313725490196078,2.922352941176471,72941.17647058824,[[0.02369052]],11
4.078431372549019,2.974117647058824,115294.11764705883,[[0.00087788]],11
4.392156862745098,2.508235294117647,58823.529411764706,[[0.00033809]],11
4.0,2.508235294117647,71176.4705882353,[[0.00021952]],11
4.392156862745098,2.974117647058824,115294.11764705883,[[0.00041851]],11
4.392156862745098,2.516862745098039,69411.76470588235,[[0.001513]],11
4.392156862745098,2.4996078431372553,69411.76470588235,[[0.00524259]],11
4.0,2.490980392156863,94117.64705882352,[[0.01605062]],11
4.705882352941177,2.9913725490196086,71176.4705882353,[[0.02037673]],11
4.705882352941177,2.974117647058824,94117.64705882352,[[0.00290553]],11
6.431372549019608,2.9050980392156864,58823.529411764706,[[0.00796568]],11
4.392156862745098,2.974117647058824,115294.11764705883,[[0.00041851]],11
4.392156862745098,2.922352941176471,115294.11764705883,[[0.00095752]],11
4.392156862745098,2.974117647058824,115294.11764705883,[[0.00041851]],11
4.392156862745098,2.922352941176471,115294.11764705883,[[0.00095752]],11
4.078431372549019,2.836078431372549,72941.17647058824,[[0.0199004]],11
5.568627450980392,2.9050980392156864,58823.529411764706,[[0.00151529]],11
5.333333333333333,2.922352941176471,76470.58823529413,[[0.00091237]],11
5.647058823529411,2.9568627450980394,72941.17647058824,[[0.00100106]],11
4.0,2.508235294117647,113529.41176470587,[[0.02868063]],11
5.333333333333333,2.922352941176471,72941.17647058824,[[0.00123741]],11
5.019607843137255,2.974117647058824,72941.17647058824,[[0.00772347]],11
4.235294117647059,2.818823529411765,115294.11764705883,[[0.00373731]],11
6.117647058823529,2.8015686274509806,115294.11764705883,[[0.04661527]],11
4.392156862745098,2.974117647058824,65882.35294117648,[[0.03932519]],11
5.254901960784314,2.9396078431372548,87058.82352941176,[[0.0008017]],11
4.0,2.508235294117647,72941.17647058824,[[0.00027943]],11
5.647058823529411,2.922352941176471,87058.82352941176,[[0.00406787]],11
5.254901960784314,2.9913725490196086,87058.82352941176,[[0.00108822]],11
4.392156862745098,2.870588235294118,72941.17647058824,[[0.01418146]],11
5.647058823529411,2.974117647058824,115294.11764705883,[[0.01246862]],11
4.549019607843137,2.9913725490196086,80000.0,[[0.01646442]],11
4.470588235294118,2.974117647058824,115294.11764705883,[[0.00048552]],11
4.313725490196078,2.508235294117647,72941.17647058824,[[0.00213019]],11
4.078431372549019,2.974117647058824,113529.41176470587,[[0.00127418]],11
4.0,2.6980392156862747,113529.41176470587,[[0.00816923]],11
4.392156862745098,2.974117647058824,115294.11764705883,[[0.00041851]],11
4.0,2.974117647058824,71176.4705882353,[[0.05200613]],11
4.470588235294118,2.508235294117647,136470.5882352941,[[0.07744666]],11
4.235294117647059,2.8015686274509806,72941.17647058824,[[0.01114858]],11
4.392156862745098,2.974117647058824,115294.11764705883,[[0.00041851]],11
4.705882352941177,2.8015686274509806,94117.64705882352,[[0.0013571]],11
4.549019607843137,2.767058823529412,87058.82352941176,[[0.00045248]],11
4.392156862745098,2.974117647058824,115294.11764705883,[[0.00041851]],11
4.549019607843137,2.974117647058824,115294.11764705883,[[0.00063776]],11
6.588235294117647,2.508235294117647,94117.64705882352,[[0.10224014]],11
4.392156862745098,2.516862745098039,65882.35294117648,[[0.00076195]],11
4.549019607843137,2.974117647058824,94117.64705882352,[[0.00462516]],11
4.705882352941177,2.974117647058824,115294.11764705883,[[0.00115891]],11
4.862745098039216,2.9396078431372548,94117.64705882352,[[0.00085431]],11
4.862745098039216,2.8015686274509806,87058.82352941176,[[0.00104055]],11
4.549019607843137,2.9568627450980394,71176.4705882353,[[0.02143886]],11
5.647058823529411,2.974117647058824,72941.17647058824,[[0.00100938]],11
4.392156862745098,2.8015686274509806,72941.17647058824,[[0.0075114]],11
4.862745098039216,2.516862745098039,65882.35294117648,[[0.00650205]],11
4.549019607843137,2.974117647058824,150588.23529411765,[[0.01819821]],11
4.862745098039216,2.8015686274509806,65882.35294117648,[[0.00316878]],11
4.392156862745098,2.974117647058824,115294.11764705883,[[0.00041851]],11
4.392156862745098,2.974117647058824,115294.11764705883,[[0.00041851]],11
4.862745098039216,2.8015686274509806,65882.35294117648,[[0.00316878]],11
4.549019607843137,2.7498039215686276,101176.4705882353,[[0.00441778]],11
4.392156862745098,2.922352941176471,115294.11764705883,[[0.00095752]],11
5.803921568627451,2.9913725490196086,129411.76470588235,[[0.02262013]],11
5.254901960784314,2.508235294117647,72941.17647058824,[[0.02277498]],11
5.254901960784314,2.9396078431372548,87058.82352941176,[[0.0008017]],11
5.254901960784314,2.508235294117647,58823.529411764706,[[0.01210317]],11
7.686274509803921,2.9913725490196086,71176.4705882353,[[0.03829074]],11
5.803921568627451,2.9396078431372548,87058.82352941176,[[0.00524684]],11
9.098039215686274,0.851764705882353,58823.529411764706,[[0.9226408]],11
5.254901960784314,2.922352941176471,115294.11764705883,[[0.00973598]],11
4.392156862745098,2.9396078431372548,87058.82352941176,[[0.00907137]],11
4.392156862745098,2.9396078431372548,87058.82352941176,[[0.00907137]],11
4.862745098039216,2.7843137254901964,72941.17647058824,[[0.00090486]],11
5.254901960784314,2.9396078431372548,87058.82352941176,[[0.0008017]],12
4.862745098039216,2.8015686274509806,87058.82352941176,[[0.00104055]],12
4.0,2.6980392156862747,115294.11764705883,[[0.00945494]],12
4.392156862745098,2.922352941176471,113529.41176470587,[[0.0006939]],12
5.254901960784314,2.9396078431372548,87058.82352941176,[[0.0008017]],12
4.862745098039216,2.922352941176471,72941.17647058824,[[0.00719639]],12
5.333333333333333,2.922352941176471,76470.58823529413,[[0.00091237]],12
8.156862745098039,2.974117647058824,115294.11764705883,[[0.08479679]],12
5.647058823529411,2.9568627450980394,71176.4705882353,[[0.00099191]],12
4.549019607843137,2.974117647058824,72941.17647058824,[[0.02179808]],12
4.078431372549019,2.974117647058824,115294.11764705883,[[0.00087788]],12
4.470588235294118,2.542745098039216,71176.4705882353,[[0.00185736]],12
4.392156862745098,2.508235294117647,72941.17647058824,[[0.00300755]],12
4.0,2.516862745098039,65882.35294117648,[[0.00092007]],12
4.0,2.508235294117647,58823.529411764706,[[0.00306322]],12
5.254901960784314,2.508235294117647,72941.17647058824,[[0.02277498]],12
4.549019607843137,2.974117647058824,235294.11764705883,[[0.15098783]],12
4.392156862745098,2.974117647058824,94117.64705882352,[[0.00702881]],12
4.392156862745098,2.974117647058824,94117.64705882352,[[0.00702881]],12
5.176470588235294,2.974117647058824,115294.11764705883,[[0.00509625]],12
4.392156862745098,2.542745098039216,72941.17647058824,[[0.00164279]],12
4.0,2.974117647058824,71176.4705882353,[[0.05200613]],12
5.647058823529411,2.922352941176471,87058.82352941176,[[0.00406787]],12
5.647058823529411,2.974117647058824,115294.11764705883,[[0.01246862]],12
4.549019607843137,2.974117647058824,58823.529411764706,[[0.04173797]],12
4.392156862745098,2.508235294117647,94117.64705882352,[[0.01715413]],12
5.333333333333333,2.508235294117647,72941.17647058824,[[0.02540213]],12
4.392156862745098,2.922352941176471,71176.4705882353,[[0.02280267]],12
4.0,2.551372549019608,71176.4705882353,[[0.00061268]],12
4.0,2.508235294117647,72941.17647058824,[[0.00027943]],12
6.431372549019608,2.508235294117647,58823.529411764706,[[0.05645847]],12
4.392156862745098,2.9309803921568633,65882.35294117648,[[0.03142479]],12
4.0,2.508235294117647,71176.4705882353,[[0.00021952]],12
5.333333333333333,2.922352941176471,72941.17647058824,[[0.00123741]],12
4.862745098039216,2.9568627450980394,94117.64705882352,[[0.00116478]],12
4.0,2.490980392156863,71176.4705882353,[[0.00151013]],12
4.862745098039216,2.9396078431372548,72941.17647058824,[[0.00854347]],12
4.392156862745098,2.8015686274509806,94117.64705882352,[[0.00038695]],12
4.0,2.5254901960784317,94117.64705882352,[[0.00776076]],12
4.0,2.5254901960784317,94117.64705882352,[[0.00776076]],12
5.647058823529411,2.508235294117647,72941.17647058824,[[0.03703366]],12
4.392156862745098,2.9654901960784317,65882.35294117648,[[0.03767378]],12
4.235294117647059,2.818823529411765,115294.11764705883,[[0.00373731]],12
4.862745098039216,2.922352941176471,72941.17647058824,[[0.00719639]],12
7.686274509803921,2.9913725490196086,71176.4705882353,[[0.03829074]],12
4.549019607843137,2.6980392156862747,150588.23529411765,[[0.06252931]],12
4.392156862745098,2.6635294117647064,58823.529411764706,[[0.00615811]],12
4.862745098039216,2.7843137254901964,94117.64705882352,[[0.00335457]],12
5.333333333333333,2.922352941176471,76470.58823529413,[[0.00091237]],12
5.333333333333333,2.922352941176471,72941.17647058824,[[0.00123741]],12
4.470588235294118,2.9396078431372548,65882.35294117648,[[0.0290144]],12
4.784313725490196,2.836078431372549,108235.29411764705,[[0.00530417]],12
4.392156862745098,2.922352941176471,76470.58823529413,[[0.01672575]],12
5.333333333333333,2.974117647058824,115294.11764705883,[[0.00718449]],12
5.019607843137255,2.974117647058824,72941.17647058824,[[0.00772347]],12
4.235294117647059,2.818823529411765,115294.11764705883,[[0.00373731]],12
4.392156862745098,2.974117647058824,115294.11764705883,[[0.00041851]],12
4.862745098039216,2.7843137254901964,72941.17647058824,[[0.00090486]],12
4.392156862745098,2.974117647058824,118823.5294117647,[[0.0005888]],12
4.862745098039216,2.8015686274509806,65882.35294117648,[[0.00316878]],12
5.803921568627451,2.9396078431372548,87058.82352941176,[[0.00524684]],12
4.392156862745098,2.8015686274509806,115294.11764705883,[[0.0063922]],12
4.392156862745098,2.922352941176471,58823.529411764706,[[0.04126271]],12
5.647058823529411,2.922352941176471,143529.4117647059,[[0.03985023]],12
4.549019607843137,2.974117647058824,94117.64705882352,[[0.00462516]],12
4.392156862745098,2.974117647058824,115294.11764705883,[[0.00041851]],12
5.882352941176471,2.9396078431372548,87058.82352941176,[[0.00641561]],12
4.862745098039216,2.8015686274509806,65882.35294117648,[[0.00316878]],12
4.392156862745098,2.767058823529412,87058.82352941176,[[0.00053183]],12
4.549019607843137,2.387450980392157,200000.0,[[0.27087462]],12
6.431372549019608,2.922352941176471,62352.94117647059,[[0.00812211]],12
4.705882352941177,2.7152941176470593,71176.4705882353,[[0.00065135]],12
4.0,2.818823529411765,71176.4705882353,[[0.02245089]],12
4.705882352941177,2.490980392156863,94117.64705882352,[[0.03586135]],12
4.549019607843137,2.7498039215686276,101176.4705882353,[[0.00441778]],12
4.392156862745098,2.508235294117647,58823.529411764706,[[0.00033809]],12
4.392156862745098,2.7929411764705883,115294.11764705883,[[0.00699732]],12
4.392156862745098,2.6980392156862747,65882.35294117648,[[0.00443724]],12
5.333333333333333,2.922352941176471,76470.58823529413,[[0.00091237]],12
4.392156862745098,2.922352941176471,115294.11764705883,[[0.00095752]],12
5.254901960784314,2.490980392156863,101176.4705882353,[[0.06650464]],12
5.333333333333333,2.922352941176471,118823.5294117647,[[0.01315241]],12
4.235294117647059,2.8015686274509806,87058.82352941176,[[0.00236146]],12
5.254901960784314,2.9396078431372548,72941.17647058824,[[0.00222104]],12
5.254901960784314,2.9396078431372548,87058.82352941176,[[0.0008017]],12
5.647058823529411,2.974117647058824,72941.17647058824,[[0.00100938]],12
5.333333333333333,2.836078431372549,76470.58823529413,[[0.00152565]],12
4.078431372549019,2.922352941176471,72941.17647058824,[[0.03378002]],12
4.549019607843137,2.9913725490196086,94117.64705882352,[[0.00571998]],12
4.549019607843137,2.974117647058824,80000.0,[[0.01447118]],12
4.705882352941177,2.974117647058824,115294.11764705883,[[0.00115891]],12
4.470588235294118,2.974117647058824,115294.11764705883,[[0.00048552]],12
5.254901960784314,2.9396078431372548,87058.82352941176,[[0.0008017]],12
5.254901960784314,2.9396078431372548,87058.82352941176,[[0.0008017]],12
4.235294117647059,2.818823529411765,101176.4705882353,[[0.00035258]],12
4.549019607843137,2.7498039215686276,115294.11764705883,[[0.01301743]],12
4.392156862745098,2.8015686274509806,115294.11764705883,[[0.0063922]],13
4.392156862745098,2.7929411764705883,115294.11764705883,[[0.00699732]],13
4.0,2.508235294117647,58823.529411764706,[[0.00306322]],13
5.176470588235294,2.974117647058824,115294.11764705883,[[0.00509625]],13
4.235294117647059,2.8015686274509806,87058.82352941176,[[0.00236146]],13
4.392156862745098,2.922352941176471,113529.41176470587,[[0.0006939]],13
4.627450980392156,2.551372549019608,72941.17647058824,[[0.00382834]],13
4.549019607843137,2.922352941176471,74705.88235294117,[[0.01358049]],13
5.176470588235294,2.974117647058824,115294.11764705883,[[0.00509625]],13
4.549019607843137,2.974117647058824,94117.64705882352,[[0.00462516]],13
4.862745098039216,2.818823529411765,72941.17647058824,[[0.00173562]],13
4.392156862745098,2.490980392156863,65882.35294117648,[[0.00402104]],13
5.647058823529411,2.818823529411765,115294.11764705883,[[0.02988583]],13
4.235294117647059,2.974117647058824,72941.17647058824,[[0.0358637]],13
4.0,2.9396078431372548,297058.8235294118,[[0.36346921]],13
5.254901960784314,2.551372549019608,87058.82352941176,[[0.02992053]],13
5.647058823529411,2.974117647058824,115294.11764705883,[[0.01246862]],13
4.078431372549019,2.974117647058824,72941.17647058824,[[0.04397892]],13
5.333333333333333,2.922352941176471,76470.58823529413,[[0.00091237]],13
5.254901960784314,2.9396078431372548,87058.82352941176,[[0.0008017]],13
4.0,2.8015686274509806,94117.64705882352,[[0.00171463]],13
4.235294117647059,2.542745098039216,115294.11764705883,[[0.03186879]],13
5.333333333333333,2.922352941176471,72941.17647058824,[[0.00123741]],13
5.254901960784314,2.508235294117647,72941.17647058824,[[0.02277498]],13
4.392156862745098,2.542745098039216,72941.17647058824,[[0.00164279]],13
5.254901960784314,2.948235294117647,87058.82352941176,[[0.00077992]],13
4.549019607843137,2.9396078431372548,87058.82352941176,[[0.0060972]],13
5.254901960784314,2.974117647058824,72941.17647058824,[[0.00360523]],13
4.078431372549019,2.974117647058824,94117.64705882352,[[0.01316335]],13
4.392156862745098,2.922352941176471,72941.17647058824,[[0.02065966]],13
4.862745098039216,2.8015686274509806,65882.35294117648,[[0.00316878]],13
4.549019607843137,2.7498039215686276,101176.4705882353,[[0.00441778]],13
5.333333333333333,2.922352941176471,118823.5294117647,[[0.01315241]],13
5.803921568627451,2.9396078431372548,87058.82352941176,[[0.00524684]],13
4.078431372549019,2.551372549019608,71176.4705882353,[[0.00036636]],13
10.588235294117647,2.9568627450980394,71176.4705882353,[[0.13735235]],13
4.078431372549019,2.7843137254901964,71176.4705882353,[[0.01528035]],13
5.254901960784314,2.56,76470.58823529413,[[0.01941206]],13
4.392156862745098,2.508235294117647,94117.64705882352,[[0.01715413]],13
5.333333333333333,2.922352941176471,76470.58823529413,[[0.00091237]],13
4.392156862745098,2.767058823529412,87058.82352941176,[[0.00053183]],13
4.392156862745098,2.508235294117647,58823.529411764706,[[0.00033809]],13
4.313725490196078,2.508235294117647,72941.17647058824,[[0.00213019]],13
5.333333333333333,2.542745098039216,72941.17647058824,[[0.02102241]],13
4.862745098039216,2.8015686274509806,87058.82352941176,[[0.00104055]],13
4.0,2.9396078431372548,87058.82352941176,[[0.01871854]],13
4.549019607843137,2.9568627450980394,101176.4705882353,[[0.00138982]],13
5.254901960784314,2.810196078431373,87058.82352941176,[[0.00443337]],13
5.254901960784314,2.9396078431372548,72941.17647058824,[[0.00222104]],13
4.705882352941177,2.7152941176470593,85294.11764705883,[[0.00187047]],13
5.7254901960784315,2.974117647058824,115294.11764705883,[[0.01400562]],13
4.078431372549019,2.508235294117647,72941.17647058824,[[0.00050381]],13
5.333333333333333,2.922352941176471,76470.58823529413,[[0.00091237]],13
4.549019607843137,2.9913725490196086,94117.64705882352,[[0.00571998]],13
5.647058823529411,2.974117647058824,71176.4705882353,[[0.00107006]],13
4.0,2.4737254901960783,71176.4705882353,[[0.00208655]],13
4.078431372549019,2.974117647058824,115294.11764705883,[[0.00087788]],13
4.392156862745098,2.767058823529412,87058.82352941176,[[0.00053183]],13
5.803921568627451,2.974117647058824,72941.17647058824,[[0.00130191]],13
4.705882352941177,2.922352941176471,72941.17647058824,[[0.010933]],13
4.235294117647059,2.818823529411765,71176.4705882353,[[0.01471917]],13
4.0,2.551372549019608,115294.11764705883,[[0.02513542]],13
4.078431372549019,2.974117647058824,115294.11764705883,[[0.00087788]],13
4.862745098039216,1.6972549019607843,87058.82352941176,[[0.21655955]],13
4.0,2.542745098039216,71176.4705882353,[[0.00046993]],13
4.470588235294118,2.508235294117647,71176.4705882353,[[0.00330005]],13
8.313725490196077,2.974117647058824,87058.82352941176,[[0.07092356]],13
4.0,2.4564705882352946,325294.1176470588,[[0.65216378]],13
5.333333333333333,2.922352941176471,94117.64705882352,[[0.00254972]],13
4.0,2.5254901960784317,76470.58823529413,[[0.00044062]],13
5.254901960784314,2.9396078431372548,72941.17647058824,[[0.00222104]],13
5.647058823529411,2.9568627450980394,71176.4705882353,[[0.00099191]],13
5.647058823529411,2.922352941176471,87058.82352941176,[[0.00406787]],13
6.117647058823529,2.8015686274509806,65882.35294117648,[[0.01173269]],13
4.0,2.6462745098039218,115294.11764705883,[[0.0142139]],13
5.647058823529411,2.974117647058824,143529.4117647059,[[0.03215216]],13
4.392156862745098,2.6635294117647064,171764.70588235295,[[0.10491125]],13
4.392156862745098,2.508235294117647,72941.17647058824,[[0.00300755]],13
4.392156862745098,2.767058823529412,87058.82352941176,[[0.00053183]],13
4.862745098039216,2.9568627450980394,94117.64705882352,[[0.00116478]],13
5.254901960784314,2.9396078431372548,87058.82352941176,[[0.0008017]],13
5.803921568627451,2.9396078431372548,87058.82352941176,[[0.00524684]],13
9.333333333333332,2.5254901960784317,87058.82352941176,[[0.20536464]],13
5.254901960784314,2.922352941176471,58823.529411764706,[[0.00637008]],13
4.392156862745098,2.9396078431372548,97647.05882352941,[[0.00304763]],13
4.392156862745098,2.836078431372549,115294.11764705883,[[0.00425667]],13
4.549019607843137,2.7498039215686276,101176.4705882353,[[0.00441778]],13
4.549019607843137,2.7498039215686276,101176.4705882353,[[0.00441778]],13
5.333333333333333,2.922352941176471,76470.58823529413,[[0.00091237]],13
4.862745098039216,2.922352941176471,72941.17647058824,[[0.00719639]],13
4.784313725490196,2.836078431372549,108235.29411764705,[[0.00530417]],13
4.392156862745098,2.922352941176471,115294.11764705883,[[0.00095752]],13
4.0,2.551372549019608,71176.4705882353,[[0.00061268]],13
4.078431372549019,2.974117647058824,115294.11764705883,[[0.00087788]],13
4.784313725490196,2.490980392156863,94117.64705882352,[[0.0386578]],13
4.078431372549019,2.9568627450980394,71176.4705882353,[[0.04378485]],13
4.392156862745098,2.922352941176471,57058.82352941176,[[0.04441746]],14
5.333333333333333,2.922352941176471,132941.17647058825,[[0.02309351]],14
5.803921568627451,2.974117647058824,71176.4705882353,[[0.00119148]],14
4.392156862745098,2.9568627450980394,101176.4705882353,[[0.00250487]],14
5.333333333333333,2.922352941176471,87058.82352941176,[[0.0012616]],14
5.254901960784314,2.9396078431372548,76470.58823529413,[[0.00151167]],14
4.627450980392156,2.5341176470588236,71176.4705882353,[[0.00399359]],14
4.392156862745098,2.7498039215686276,87058.82352941176,[[0.00039516]],14
5.333333333333333,2.9654901960784317,71176.4705882353,[[0.00281726]],14
4.0,2.542745098039216,71176.4705882353,[[0.00046993]],14
4.078431372549019,2.974117647058824,115294.11764705883,[[0.00087788]],14
4.0,2.5254901960784317,76470.58823529413,[[0.00044062]],14
4.470588235294118,2.508235294117647,72941.17647058824,[[0.00405455]],14
4.392156862745098,2.542745098039216,71176.4705882353,[[0.00119934]],14
4.392156862745098,2.7843137254901964,87058.82352941176,[[0.00079628]],14
4.0,2.490980392156863,71176.4705882353,[[0.00151013]],14
4.078431372549019,2.922352941176471,58823.529411764706,[[0.06264796]],14
5.647058823529411,2.767058823529412,104705.88235294117,[[0.02807291]],14
4.235294117647059,2.542745098039216,115294.11764705883,[[0.03186879]],14
5.333333333333333,2.922352941176471,76470.58823529413,[[0.00091237]],14
4.392156862745098,2.922352941176471,115294.11764705883,[[0.00095752]],14
4.078431372549019,2.974117647058824,115294.11764705883,[[0.00087788]],14
4.549019607843137,2.8274509803921566,72941.17647058824,[[0.00632529]],14
4.627450980392156,2.6635294117647064,101176.4705882353,[[0.01191393]],14
4.078431372549019,2.56,115294.11764705883,[[0.02572071]],14
4.392156862745098,2.9568627450980394,72941.17647058824,[[0.0257005]],14
4.078431372549019,2.4737254901960783,71176.4705882353,[[0.00292961]],14
4.784313725490196,2.8015686274509806,65882.35294117648,[[0.00432265]],14
4.0,2.551372549019608,71176.4705882353,[[0.00061268]],14
4.078431372549019,2.974117647058824,115294.11764705883,[[0.00087788]],14
4.313725490196078,2.508235294117647,94117.64705882352,[[0.01529029]],14
4.549019607843137,2.974117647058824,72941.17647058824,[[0.02179808]],14
4.0,2.508235294117647,87058.82352941176,[[0.00457897]],14
6.901960784313726,2.767058823529412,57058.82352941176,[[0.03328471]],14
5.254901960784314,2.551372549019608,58823.529411764706,[[0.00845946]],14
4.627450980392156,1.835294117647059,101176.4705882353,[[0.18800395]],14
4.078431372549019,2.508235294117647,72941.17647058824,[[0.00050381]],14
5.254901960784314,2.922352941176471,58823.529411764706,[[0.00637008]],14
4.392156862745098,2.922352941176471,72941.17647058824,[[0.02065966]],14
4.862745098039216,2.922352941176471,113529.41176470587,[[0.00365542]],14
5.647058823529411,2.9568627450980394,74705.88235294117,[[0.00105629]],14
5.333333333333333,2.922352941176471,72941.17647058824,[[0.00123741]],14
4.078431372549019,2.974117647058824,115294.11764705883,[[0.00087788]],14
6.117647058823529,2.9568627450980394,94117.64705882352,[[0.01247976]],14
5.333333333333333,2.922352941176471,76470.58823529413,[[0.00091237]],14
4.862745098039216,2.8015686274509806,87058.82352941176,[[0.00104055]],14
5.254901960784314,2.9396078431372548,87058.82352941176,[[0.0008017]],14
4.078431372549019,2.4823529411764707,71176.4705882353,[[0.00256452]],14
4.392156862745098,2.6462745098039218,113529.41176470587,[[0.01969853]],14
4.392156862745098,2.818823529411765,72941.17647058824,[[0.00896915]],14
4.0,2.4737254901960783,71176.4705882353,[[0.00208655]],14
4.0,2.4737254901960783,71176.4705882353,[[0.00208655]],14
4.235294117647059,2.974117647058824,94117.64705882352,[[0.00990453]],14
4.549019607843137,2.818823529411765,71176.4705882353,[[0.00675726]],14
5.254901960784314,2.9050980392156864,58823.529411764706,[[0.00528231]],14
5.176470588235294,2.9913725490196086,51764.705882352944,[[0.0204739]],14
4.078431372549019,2.922352941176471,72941.17647058824,[[0.03378002]],14
15.372549019607844,2.516862745098039,76470.58823529413,[[0.32078493]],14
5.647058823529411,2.9396078431372548,87058.82352941176,[[0.00332977]],14
4.392156862745098,2.922352941176471,97647.05882352941,[[0.00228564]],14
4.0,2.8533333333333335,115294.11764705883,[[0.00099577]],14
4.0,2.594509803921569,94117.64705882352,[[0.00345046]],14
5.254901960784314,2.948235294117647,87058.82352941176,[[0.00077992]],14
5.254901960784314,2.948235294117647,87058.82352941176,[[0.00077992]],14
4.0,2.490980392156863,76470.58823529413,[[0.00349165]],14
4.392156862745098,2.542745098039216,94117.64705882352,[[0.01351011]],14
5.803921568627451,2.9396078431372548,87058.82352941176,[[0.00524684]],14
4.0,2.4737254901960783,71176.4705882353,[[0.00208655]],14
4.235294117647059,2.767058823529412,94117.64705882352,[[0.00032991]],14
4.784313725490196,2.5254901960784317,87058.82352941176,[[0.01871577]],14
4.0,2.4737254901960783,71176.4705882353,[[0.00208655]],14
4.0,2.508235294117647,71176.4705882353,[[0.00021952]],14
5.647058823529411,2.767058823529412,143529.4117647059,[[0.0679254]],14
4.392156862745098,2.974117647058824,87058.82352941176,[[0.01239246]],14
4.0,2.542745098039216,113529.41176470587,[[0.02415756]],14
4.392156862745098,2.922352941176471,72941.17647058824,[[0.02065966]],14
4.078431372549019,2.551372549019608,71176.4705882353,[[0.00036636]],14
4.078431372549019,2.974117647058824,115294.11764705883,[[0.00087788]],14
4.392156862745098,2.9396078431372548,97647.05882352941,[[0.00304763]],14
5.647058823529411,2.9568627450980394,71176.4705882353,[[0.00099191]],14
4.549019607843137,2.7498039215686276,143529.4117647059,[[0.04265191]],14
4.392156862745098,2.767058823529412,101176.4705882353,[[0.00207467]],14
4.078431372549019,2.551372549019608,115294.11764705883,[[0.02686739]],14
4.627450980392156,2.974117647058824,72941.17647058824,[[0.01921348]],14
5.254901960784314,2.9396078431372548,72941.17647058824,[[0.00222104]],14
4.392156862745098,2.767058823529412,87058.82352941176,[[0.00053183]],14
5.254901960784314,2.9396078431372548,58823.529411764706,[[0.0075743]],14
5.254901960784314,2.922352941176471,87058.82352941176,[[0.00092796]],14
4.0,2.8015686274509806,94117.64705882352,[[0.00171463]],14
5.254901960784314,2.9396078431372548,87058.82352941176,[[0.0008017]],14
4.0,2.974117647058824,72941.17647058824,[[0.04821838]],14
5.647058823529411,2.9396078431372548,97647.05882352941,[[0.00678251]],14
4.078431372549019,2.508235294117647,72941.17647058824,[[0.00050381]],14
4.313725490196078,2.508235294117647,72941.17647058824,[[0.00213019]],14
5.333333333333333,2.922352941176471,76470.58823529413,[[0.00091237]],14
4.549019607843137,2.922352941176471,74705.88235294117,[[0.01358049]],14
4.0,2.9568627450980394,99411.76470588235,[[0.00820965]],15
4.392156862745098,2.490980392156863,72941.17647058824,[[0.00783749]],15
4.0,2.508235294117647,85294.11764705883,[[0.00368681]],15
4.392156862745098,1.662745098039216,72941.17647058824,[[0.13196954]],15
4.549019607843137,2.974117647058824,72941.17647058824,[[0.02179808]],15
5.333333333333333,2.922352941176471,72941.17647058824,[[0.00123741]],15
5.254901960784314,2.9396078431372548,87058.82352941176,[[0.0008017]],15
5.647058823529411,2.9396078431372548,87058.82352941176,[[0.00332977]],15
4.392156862745098,2.75843137254902,87058.82352941176,[[0.00044761]],15
4.0,2.542745098039216,71176.4705882353,[[0.00046993]],15
5.333333333333333,2.922352941176471,72941.17647058824,[[0.00123741]],15
4.0,2.542745098039216,72941.17647058824,[[0.00029055]],15
4.0,2.6462745098039218,101176.4705882353,[[0.00413558]],15
4.078431372549019,2.508235294117647,71176.4705882353,[[0.0003193]],15
4.392156862745098,2.922352941176471,101176.4705882353,[[0.00129226]],15
5.254901960784314,2.922352941176471,58823.529411764706,[[0.00637008]],15
4.0,2.5254901960784317,76470.58823529413,[[0.00044062]],15
4.784313725490196,2.8015686274509806,65882.35294117648,[[0.00432265]],15
4.392156862745098,2.767058823529412,87058.82352941176,[[0.00053183]],15
4.392156862745098,2.9568627450980394,101176.4705882353,[[0.00250487]],15
4.0,2.508235294117647,71176.4705882353,[[0.00021952]],15
4.078431372549019,2.490980392156863,72941.17647058824,[[0.0028976]],15
4.0,2.5254901960784317,104705.88235294117,[[0.01666164]],15
4.627450980392156,2.6635294117647064,72941.17647058824,[[0.00050214]],15
5.176470588235294,2.9913725490196086,51764.705882352944,[[0.0204739]],15
4.078431372549019,2.974117647058824,115294.11764705883,[[0.00087788]],15
6.588235294117647,2.767058823529412,113529.41176470587,[[0.06755054]],15
4.313725490196078,2.4737254901960783,71176.4705882353,[[0.0064687]],15
4.549019607843137,2.508235294117647,71176.4705882353,[[0.00441675]],15
4.0,2.922352941176471,74705.88235294117,[[0.0342576]],15
5.333333333333333,2.9654901960784317,71176.4705882353,[[0.00281726]],15
5.254901960784314,2.9050980392156864,58823.529411764706,[[0.00528231]],15
5.254901960784314,2.4737254901960783,87058.82352941176,[[0.05154958]],15
4.0,2.922352941176471,71176.4705882353,[[0.04070252]],15
4.0,2.9050980392156864,127647.05882352941,[[0.00313562]],15
4.078431372549019,2.551372549019608,58823.529411764706,[[0.00435828]],15
4.392156862745098,2.922352941176471,76470.58823529413,[[0.01672575]],15
4.0,2.490980392156863,97647.05882352941,[[0.01957393]],15
4.392156862745098,2.922352941176471,115294.11764705883,[[0.00095752]],15
4.0,2.490980392156863,71176.4705882353,[[0.00151013]],15
4.0,2.594509803921569,94117.64705882352,[[0.00345046]],15
4.078431372549019,2.974117647058824,115294.11764705883,[[0.00087788]],15
4.0,2.922352941176471,143529.4117647059,[[0.01196859]],15
4.862745098039216,2.508235294117647,57058.82352941176,[[0.00314032]],15
4.0,2.490980392156863,71176.4705882353,[[0.00151013]],15
4.235294117647059,2.7498039215686276,94117.64705882352,[[0.00038288]],15
5.254901960784314,2.9050980392156864,87058.82352941176,[[0.00116476]],15
5.333333333333333,2.9568627450980394,72941.17647058824,[[0.00208582]],15
5.254901960784314,2.9396078431372548,72941.17647058824,[[0.00222104]],15
5.647058823529411,2.9568627450980394,74705.88235294117,[[0.00105629]],15
5.254901960784314,2.948235294117647,87058.82352941176,[[0.00077992]],15
5.254901960784314,2.9396078431372548,87058.82352941176,[[0.0008017]],15
6.901960784313726,2.767058823529412,57058.82352941176,[[0.03328471]],15
4.078431372549019,2.974117647058824,115294.11764705883,[[0.00087788]],15
4.392156862745098,2.9396078431372548,101176.4705882353,[[0.00183301]],15
5.254901960784314,2.7756862745098045,143529.4117647059,[[0.05473857]],15
4.627450980392156,2.974117647058824,72941.17647058824,[[0.01921348]],15
4.0,2.508235294117647,71176.4705882353,[[0.00021952]],15
5.333333333333333,2.9309803921568633,341176.4705882353,[[0.38296459]],15
4.0,2.836078431372549,72941.17647058824,[[0.02257394]],15
5.333333333333333,2.9309803921568633,76470.58823529413,[[0.00100322]],15
4.078431372549019,2.4737254901960783,71176.4705882353,[[0.00292961]],15
4.078431372549019,2.508235294117647,72941.17647058824,[[0.00050381]],15
4.470588235294118,2.508235294117647,72941.17647058824,[[0.00405455]],15
4.0,2.4737254901960783,132941.17647058825,[[0.07373863]],15
5.333333333333333,2.922352941176471,71176.4705882353,[[0.00148556]],15
5.333333333333333,2.9396078431372548,71176.4705882353,[[0.00193416]],15
5.254901960784314,2.9654901960784317,87058.82352941176,[[0.00082001]],15
4.0,2.9396078431372548,76470.58823529413,[[0.03439981]],15
5.254901960784314,2.5254901960784317,76470.58823529413,[[0.0236491]],15
5.647058823529411,2.7843137254901964,97647.05882352941,[[0.02049954]],15
4.392156862745098,2.9396078431372548,87058.82352941176,[[0.00907137]],15
5.254901960784314,2.948235294117647,87058.82352941176,[[0.00077992]],15
5.647058823529411,2.9396078431372548,87058.82352941176,[[0.00332977]],15
4.078431372549019,2.7498039215686276,115294.11764705883,[[0.00640923]],15
4.392156862745098,2.974117647058824,87058.82352941176,[[0.01239246]],15
4.078431372549019,2.974117647058824,115294.11764705883,[[0.00087788]],15
4.0,2.551372549019608,71176.4705882353,[[0.00061268]],15
4.0,2.490980392156863,113529.41176470587,[[0.03915662]],15
4.392156862745098,2.818823529411765,87058.82352941176,[[0.00171154]],15
5.254901960784314,2.948235294117647,87058.82352941176,[[0.00077992]],15
5.254901960784314,2.948235294117647,80000.0,[[0.00118158]],15
5.254901960784314,2.922352941176471,72941.17647058824,[[0.00170097]],15
4.078431372549019,2.551372549019608,57058.82352941176,[[0.00541673]],15
4.0,2.9396078431372548,71176.4705882353,[[0.04430696]],15
5.254901960784314,2.542745098039216,87058.82352941176,[[0.0311772]],15
4.078431372549019,2.508235294117647,76470.58823529413,[[0.00118723]],15
5.333333333333333,2.922352941176471,72941.17647058824,[[0.00123741]],15
5.254901960784314,2.9396078431372548,87058.82352941176,[[0.0008017]],15
4.392156862745098,2.9396078431372548,97647.05882352941,[[0.00304763]],15
4.549019607843137,2.9396078431372548,87058.82352941176,[[0.0060972]],15
5.333333333333333,2.974117647058824,115294.11764705883,[[0.00718449]],15
4.0,2.508235294117647,71176.4705882353,[[0.00021952]],15
4.078431372549019,2.551372549019608,72941.17647058824,[[0.00025929]],15
4.0,2.490980392156863,71176.4705882353,[[0.00151013]],15
16.941176470588236,2.7843137254901964,57058.82352941176,[[0.27597943]],15
4.392156862745098,2.508235294117647,115294.11764705883,[[0.04168622]],16
4.0,2.922352941176471,71176.4705882353,[[0.04070252]],16
5.254901960784314,2.9654901960784317,87058.82352941176,[[0.00082001]],16
10.352941176470587,2.922352941176471,71176.4705882353,[[0.13691574]],16
5.254901960784314,2.542745098039216,71176.4705882353,[[0.01725803]],16
9.098039215686274,2.8878431372549027,65882.35294117648,[[0.09936423]],16
4.078431372549019,2.629019607843137,72941.17647058824,[[0.00184243]],16
4.392156862745098,2.8274509803921566,327058.82352941175,[[0.47213821]],16
4.392156862745098,2.75843137254902,104705.88235294117,[[0.00375445]],16
4.078431372549019,2.508235294117647,58823.529411764706,[[0.00213751]],16
4.392156862745098,2.922352941176471,101176.4705882353,[[0.00129226]],16
4.0,2.490980392156863,71176.4705882353,[[0.00151013]],16
4.392156862745098,2.9396078431372548,101176.4705882353,[[0.00183301]],16
4.078431372549019,2.508235294117647,71176.4705882353,[[0.0003193]],16
4.0,2.594509803921569,94117.64705882352,[[0.00345046]],16
5.254901960784314,2.9050980392156864,58823.529411764706,[[0.00528231]],16
5.333333333333333,2.896470588235294,71176.4705882353,[[0.00102216]],16
4.313725490196078,2.836078431372549,101176.4705882353,[[0.00037418]],16
4.0,2.9568627450980394,99411.76470588235,[[0.00820965]],16
4.078431372549019,2.551372549019608,72941.17647058824,[[0.00025929]],16
4.1568627450980395,2.8015686274509806,65882.35294117648,[[0.02129067]],16
4.9411764705882355,2.4737254901960783,71176.4705882353,[[0.02229356]],16
5.333333333333333,2.922352941176471,85294.11764705883,[[0.00106903]],16
5.254901960784314,2.9396078431372548,72941.17647058824,[[0.00222104]],16
5.333333333333333,2.9568627450980394,71176.4705882353,[[0.00249486]],16
4.0,2.5254901960784317,72941.17647058824,[[0.00022237]],16
4.0,2.059607843137255,300588.23529411765,[[0.6202317]],16
5.254901960784314,2.7756862745098045,80000.0,[[0.00372263]],16
4.0,2.508235294117647,71176.4705882353,[[0.00021952]],16
4.078431372549019,2.551372549019608,76470.58823529413,[[0.00037302]],16
4.078431372549019,2.974117647058824,115294.11764705883,[[0.00087788]],16
4.078431372549019,2.974117647058824,115294.11764705883,[[0.00087788]],16
4.078431372549019,2.922352941176471,72941.17647058824,[[0.03378002]],16
5.647058823529411,2.836078431372549,129411.76470588235,[[0.04004294]],16
5.254901960784314,2.948235294117647,87058.82352941176,[[0.00077992]],16
5.254901960784314,2.948235294117647,87058.82352941176,[[0.00077992]],16
4.078431372549019,2.490980392156863,58823.529411764706,[[0.00029173]],16
5.254901960784314,2.922352941176471,72941.17647058824,[[0.00170097]],16
5.333333333333333,2.9309803921568633,76470.58823529413,[[0.00100322]],16
4.078431372549019,2.508235294117647,71176.4705882353,[[0.0003193]],16
4.470588235294118,2.922352941176471,72941.17647058824,[[0.01783335]],16
5.647058823529411,2.5254901960784317,87058.82352941176,[[0.04883015]],16
4.0,2.6635294117647064,71176.4705882353,[[0.00553669]],16
5.333333333333333,2.7843137254901964,71176.4705882353,[[0.00192019]],16
4.313725490196078,2.4823529411764707,71176.4705882353,[[0.005909]],16
4.078431372549019,2.577254901960784,185882.35294117648,[[0.15487964]],16
4.0,2.542745098039216,71176.4705882353,[[0.00046993]],16
5.254901960784314,2.9050980392156864,87058.82352941176,[[0.00116476]],16
5.96078431372549,2.922352941176471,362352.9411764706,[[0.39608364]],16
4.0,2.9654901960784317,87058.82352941176,[[0.02234825]],16
5.647058823529411,2.9396078431372548,87058.82352941176,[[0.00332977]],16
4.0,2.9396078431372548,101176.4705882353,[[0.00561895]],16
5.333333333333333,2.629019607843137,58823.529411764706,[[0.00486345]],16
4.0,2.7843137254901964,72941.17647058824,[[0.01555827]],16
4.862745098039216,2.508235294117647,57058.82352941176,[[0.00314032]],16
4.078431372549019,2.508235294117647,72941.17647058824,[[0.00050381]],16
4.078431372549019,2.75843137254902,115294.11764705883,[[0.00582643]],16
14.117647058823529,2.542745098039216,72941.17647058824,[[0.30065642]],16
4.392156862745098,1.662745098039216,87058.82352941176,[[0.15962518]],16
4.392156862745098,2.922352941176471,101176.4705882353,[[0.00129226]],16
5.254901960784314,2.9396078431372548,72941.17647058824,[[0.00222104]],16
5.333333333333333,2.922352941176471,87058.82352941176,[[0.0012616]],16
4.0,2.922352941176471,143529.4117647059,[[0.01196859]],16
5.254901960784314,2.542745098039216,87058.82352941176,[[0.0311772]],16
4.0,2.7498039215686276,71176.4705882353,[[0.01342634]],16
4.078431372549019,2.508235294117647,115294.11764705883,[[0.03290465]],16
5.254901960784314,2.9396078431372548,58823.529411764706,[[0.0075743]],16
5.333333333333333,2.9309803921568633,99411.76470588235,[[0.00364438]],16
5.254901960784314,2.490980392156863,58823.529411764706,[[0.02012337]],16
4.862745098039216,2.922352941176471,57058.82352941176,[[0.01978269]],16
4.0,2.5341176470588236,80000.0,[[0.00087982]],16
5.254901960784314,2.9050980392156864,71176.4705882353,[[0.00157443]],16
4.392156862745098,2.9396078431372548,71176.4705882353,[[0.02537609]],16
4.0,2.6462745098039218,87058.82352941176,[[0.00026017]],16
4.0,2.974117647058824,113529.41176470587,[[0.00161837]],16
4.078431372549019,2.508235294117647,72941.17647058824,[[0.00050381]],16
4.392156862745098,2.767058823529412,87058.82352941176,[[0.00053183]],16
5.254901960784314,2.948235294117647,80000.0,[[0.00118158]],16
4.0,2.9050980392156864,127647.05882352941,[[0.00313562]],16
5.647058823529411,2.9568627450980394,74705.88235294117,[[0.00105629]],16
5.647058823529411,2.9568627450980394,74705.88235294117,[[0.00105629]],16
5.333333333333333,2.9309803921568633,76470.58823529413,[[0.00100322]],16
5.333333333333333,2.9396078431372548,397647.0588235294,[[0.52200181]],16
4.078431372549019,2.974117647058824,87058.82352941176,[[0.02120091]],16
4.0,2.508235294117647,71176.4705882353,[[0.00021952]],16
4.0,2.508235294117647,71176.4705882353,[[0.00021952]],16
5.254901960784314,2.948235294117647,87058.82352941176,[[0.00077992]],16
5.647058823529411,2.9396078431372548,87058.82352941176,[[0.00332977]],16
4.0,2.508235294117647,71176.4705882353,[[0.00021952]],16
4.078431372549019,2.508235294117647,72941.17647058824,[[0.00050381]],16
4.078431372549019,2.7843137254901964,115294.11764705883,[[0.00425021]],16
4.0,2.4737254901960783,71176.4705882353,[[0.00208655]],16
4.392156862745098,2.7498039215686276,87058.82352941176,[[0.00039516]],16
4.235294117647059,2.767058823529412,94117.64705882352,[[0.00032991]],16
4.0,2.9396078431372548,71176.4705882353,[[0.04430696]],16
4.0,2.9050980392156864,132941.17647058825,[[0.00582293]],16
4.0,2.6894117647058824,71176.4705882353,[[0.00751538]],17
5.254901960784314,2.508235294117647,87058.82352941176,[[0.03644942]],17
4.235294117647059,2.974117647058824,113529.41176470587,[[0.0007353]],17
4.0,2.767058823529412,94117.64705882352,[[0.00074]],17
5.254901960784314,2.922352941176471,72941.17647058824,[[0.00170097]],17
4.078431372549019,2.629019607843137,72941.17647058824,[[0.00184243]],17
4.235294117647059,2.767058823529412,85294.11764705883,[[0.00162439]],17
4.0,2.974117647058824,122352.94117647059,[[0.0002976]],17
4.392156862745098,2.5254901960784317,71176.4705882353,[[0.0017186]],17
4.0,2.9396078431372548,72941.17647058824,[[0.0408445]],17
4.470588235294118,1.4039215686274509,74705.88235294117,[[0.20167602]],17
4.078431372549019,2.7498039215686276,87058.82352941176,[[0.00161462]],17
5.254901960784314,2.9396078431372548,87058.82352941176,[[0.0008017]],17
5.647058823529411,2.9396078431372548,58823.529411764706,[[0.00178871]],17
4.0,2.4737254901960783,71176.4705882353,[[0.00208655]],17
4.0,2.508235294117647,71176.4705882353,[[0.00021952]],17
4.0,2.5341176470588236,80000.0,[[0.00087982]],17
4.078431372549019,2.508235294117647,71176.4705882353,[[0.0003193]],17
5.254901960784314,2.948235294117647,87058.82352941176,[[0.00077992]],17
5.647058823529411,2.9568627450980394,74705.88235294117,[[0.00105629]],17
4.392156862745098,2.9396078431372548,87058.82352941176,[[0.00907137]],17
5.254901960784314,2.948235294117647,101176.4705882353,[[0.00263906]],17
4.0,2.508235294117647,71176.4705882353,[[0.00021952]],17
4.078431372549019,2.508235294117647,71176.4705882353,[[0.0003193]],17
4.235294117647059,2.7843137254901964,71176.4705882353,[[0.01097245]],17
5.254901960784314,2.56,94117.64705882352,[[0.03576367]],17
4.0,2.7498039215686276,71176.4705882353,[[0.01342634]],17
6.588235294117647,2.145882352941177,115294.11764705883,[[0.25392133]],17
5.647058823529411,2.9568627450980394,87058.82352941176,[[0.00269361]],17
5.254901960784314,2.5254901960784317,87058.82352941176,[[0.03376204]],17
5.333333333333333,2.9568627450980394,71176.4705882353,[[0.00249486]],17
4.078431372549019,2.508235294117647,72941.17647058824,[[0.00050381]],17
5.333333333333333,2.508235294117647,72941.17647058824,[[0.02540213]],17
4.0,2.9396078431372548,71176.4705882353,[[0.04430696]],17
5.254901960784314,2.9654901960784317,88823.5294117647,[[0.0007831]],17
5.647058823529411,2.9568627450980394,72941.17647058824,[[0.00100106]],17
5.882352941176471,2.6635294117647064,184117.64705882352,[[0.15907132]],17
4.0,2.948235294117647,80000.0,[[0.03004685]],17
4.0,2.5341176470588236,80000.0,[[0.00087982]],17
4.078431372549019,2.490980392156863,58823.529411764706,[[0.00029173]],17
5.254901960784314,2.9654901960784317,87058.82352941176,[[0.00082001]],17
4.078431372549019,2.974117647058824,87058.82352941176,[[0.02120091]],17
4.392156862745098,2.922352941176471,101176.4705882353,[[0.00129226]],17
5.333333333333333,2.9309803921568633,76470.58823529413,[[0.00100322]],17
4.862745098039216,2.896470588235294,71176.4705882353,[[0.00631417]],17
5.333333333333333,2.508235294117647,57058.82352941176,[[0.01308187]],17
4.0,2.922352941176471,87058.82352941176,[[0.01648714]],17
4.0,2.6462745098039218,143529.4117647059,[[0.05017337]],17
5.647058823529411,2.9396078431372548,85294.11764705883,[[0.00289894]],17
4.0,2.4737254901960783,72941.17647058824,[[0.00275037]],17
4.0,2.594509803921569,71176.4705882353,[[0.00182156]],17
4.0,2.508235294117647,94117.64705882352,[[0.00909458]],17
4.0,2.9050980392156864,71176.4705882353,[[0.03726054]],17
5.254901960784314,2.9050980392156864,132941.17647058825,[[0.02353191]],17
4.313725490196078,2.836078431372549,101176.4705882353,[[0.00037418]],17
4.0,2.594509803921569,94117.64705882352,[[0.00345046]],17
4.0,2.508235294117647,57058.82352941176,[[0.00396152]],17
5.254901960784314,2.3960784313725494,94117.64705882352,[[0.07638522]],17
8.156862745098039,2.9913725490196086,74705.88235294117,[[0.05539721]],17
4.392156862745098,2.8878431372549027,101176.4705882353,[[0.00059343]],17
4.627450980392156,2.4737254901960783,71176.4705882353,[[0.0129641]],17
5.254901960784314,2.9050980392156864,71176.4705882353,[[0.00157443]],17
4.078431372549019,2.508235294117647,72941.17647058824,[[0.00050381]],17
4.0,2.9654901960784317,87058.82352941176,[[0.02234825]],17
4.078431372549019,2.974117647058824,58823.529411764706,[[0.07673444]],17
4.392156862745098,2.7498039215686276,143529.4117647059,[[0.03952608]],17
4.862745098039216,2.4650980392156865,87058.82352941176,[[0.03723105]],17
5.254901960784314,2.9913725490196086,57058.82352941176,[[0.01312736]],17
4.0,2.9654901960784317,87058.82352941176,[[0.02234825]],17
4.0,2.490980392156863,71176.4705882353,[[0.00151013]],17
5.333333333333333,2.9137254901960787,298823.5294117647,[[0.2918908]],17
4.078431372549019,2.508235294117647,72941.17647058824,[[0.00050381]],17
4.078431372549019,2.551372549019608,72941.17647058824,[[0.00025929]],17
4.078431372549019,2.508235294117647,76470.58823529413,[[0.00118723]],17
5.333333333333333,2.8274509803921566,76470.58823529413,[[0.00173868]],17
4.078431372549019,2.6462745098039218,85294.11764705883,[[0.00028179]],17
4.0,2.508235294117647,101176.4705882353,[[0.01505243]],17
4.392156862745098,2.922352941176471,71176.4705882353,[[0.02280267]],17
4.1568627450980395,2.8015686274509806,65882.35294117648,[[0.02129067]],17
4.0,2.9050980392156864,127647.05882352941,[[0.00313562]],17
5.333333333333333,2.896470588235294,71176.4705882353,[[0.00102216]],17
5.254901960784314,2.922352941176471,72941.17647058824,[[0.00170097]],17
4.078431372549019,2.9654901960784317,87058.82352941176,[[0.01999512]],17
5.254901960784314,2.974117647058824,87058.82352941176,[[0.00088167]],17
5.254901960784314,2.7843137254901964,72941.17647058824,[[0.00161871]],17
4.0,2.6635294117647064,57058.82352941176,[[0.01907526]],17
4.078431372549019,2.508235294117647,71176.4705882353,[[0.0003193]],17
4.078431372549019,2.508235294117647,72941.17647058824,[[0.00050381]],17
4.392156862745098,2.7843137254901964,76470.58823529413,[[0.00423086]],17
4.078431372549019,2.4823529411764707,99411.76470588235,[[0.02449602]],17
5.333333333333333,2.508235294117647,58823.529411764706,[[0.01426122]],17
4.078431372549019,2.9309803921568633,76470.58823529413,[[0.02956577]],17
4.313725490196078,2.4823529411764707,71176.4705882353,[[0.005909]],17
5.254901960784314,2.948235294117647,87058.82352941176,[[0.00077992]],17
5.333333333333333,2.9309803921568633,72941.17647058824,[[0.00140759]],17
5.254901960784314,2.948235294117647,87058.82352941176,[[0.00077992]],17
5.647058823529411,2.9568627450980394,74705.88235294117,[[0.00105629]],18
4.078431372549019,2.508235294117647,71176.4705882353,[[0.0003193]],18
4.078431372549019,2.5254901960784317,87058.82352941176,[[0.00457944]],18
5.254901960784314,2.551372549019608,72941.17647058824,[[0.01764301]],18
4.313725490196078,2.9654901960784317,71176.4705882353,[[0.03327301]],18
5.254901960784314,2.4650980392156865,87058.82352941176,[[0.05311126]],18
5.647058823529411,2.896470588235294,76470.58823529413,[[0.00242611]],18
4.078431372549019,2.818823529411765,101176.4705882353,[[0.00038706]],18
5.647058823529411,2.922352941176471,71176.4705882353,[[0.00114948]],18
4.392156862745098,2.8878431372549027,101176.4705882353,[[0.00059343]],18
4.392156862745098,2.922352941176471,71176.4705882353,[[0.02280267]],18
4.392156862745098,2.9396078431372548,87058.82352941176,[[0.00907137]],18
5.7254901960784315,2.4047058823529417,300588.23529411765,[[0.5179348]],18
4.078431372549019,2.508235294117647,72941.17647058824,[[0.00050381]],18
4.0,2.7498039215686276,72941.17647058824,[[0.01164708]],18
4.078431372549019,2.508235294117647,71176.4705882353,[[0.0003193]],18
4.0,2.508235294117647,85294.11764705883,[[0.00368681]],18
5.647058823529411,2.9396078431372548,57058.82352941176,[[0.00209343]],18
4.078431372549019,2.490980392156863,72941.17647058824,[[0.0028976]],18
4.0,2.767058823529412,94117.64705882352,[[0.00074]],18
5.647058823529411,2.9568627450980394,74705.88235294117,[[0.00105629]],18
4.0,2.4737254901960783,71176.4705882353,[[0.00208655]],18
5.254901960784314,2.9396078431372548,87058.82352941176,[[0.0008017]],18
4.078431372549019,2.490980392156863,58823.529411764706,[[0.00029173]],18
4.0,2.922352941176471,72941.17647058824,[[0.0374006]],18
4.078431372549019,2.508235294117647,87058.82352941176,[[0.00562935]],18
4.078431372549019,2.490980392156863,71176.4705882353,[[0.00222534]],18
4.078431372549019,2.490980392156863,58823.529411764706,[[0.00029173]],18
4.0,2.508235294117647,71176.4705882353,[[0.00021952]],18
4.0,2.9050980392156864,127647.05882352941,[[0.00313562]],18
9.098039215686274,2.6462745098039218,85294.11764705883,[[0.16464713]],18
4.078431372549019,2.508235294117647,71176.4705882353,[[0.0003193]],18
4.078431372549019,2.56,113529.41176470587,[[0.02366998]],18
4.235294117647059,2.9050980392156864,58823.529411764706,[[0.04761434]],18
4.0,2.7843137254901964,72941.17647058824,[[0.01555827]],18
5.254901960784314,2.516862745098039,71176.4705882353,[[0.02022838]],18
4.0,2.767058823529412,94117.64705882352,[[0.00074]],18
4.078431372549019,2.551372549019608,72941.17647058824,[[0.00025929]],18
4.078431372549019,2.508235294117647,72941.17647058824,[[0.00050381]],18
5.254901960784314,2.9050980392156864,72941.17647058824,[[0.00129439]],18
5.333333333333333,2.9309803921568633,85294.11764705883,[[0.00096623]],18
4.078431372549019,2.6462745098039218,76470.58823529413,[[0.00133978]],18
4.078431372549019,2.490980392156863,58823.529411764706,[[0.00029173]],18
4.862745098039216,2.896470588235294,71176.4705882353,[[0.00631417]],18
4.392156862745098,2.4737254901960783,101176.4705882353,[[0.03732482]],18
4.392156862745098,2.922352941176471,72941.17647058824,[[0.02065966]],18
4.0,2.767058823529412,94117.64705882352,[[0.00074]],18
5.254901960784314,2.9654901960784317,88823.5294117647,[[0.0007831]],18
4.078431372549019,2.508235294117647,71176.4705882353,[[0.0003193]],18
4.078431372549019,1.956078431372549,72941.17647058824,[[0.05964699]],18
5.254901960784314,2.922352941176471,72941.17647058824,[[0.00170097]],18
9.098039215686274,2.508235294117647,58823.529411764706,[[0.17718606]],18
4.078431372549019,2.508235294117647,72941.17647058824,[[0.00050381]],18
5.254901960784314,2.922352941176471,72941.17647058824,[[0.00170097]],18
5.254901960784314,2.9913725490196086,76470.58823529413,[[0.00325784]],18
4.392156862745098,2.7325490196078435,312941.17647058825,[[0.46757348]],18
5.333333333333333,2.6462745098039218,71176.4705882353,[[0.0094286]],18
4.078431372549019,2.9396078431372548,72941.17647058824,[[0.03701933]],18
5.254901960784314,2.948235294117647,101176.4705882353,[[0.00263906]],18
5.254901960784314,2.9396078431372548,87058.82352941176,[[0.0008017]],18
4.0,2.508235294117647,71176.4705882353,[[0.00021952]],18
5.254901960784314,2.9913725490196086,57058.82352941176,[[0.01312736]],18
5.254901960784314,2.974117647058824,58823.529411764706,[[0.01033883]],18
4.078431372549019,2.490980392156863,87058.82352941176,[[0.01153439]],18
5.647058823529411,2.68078431372549,312941.17647058825,[[0.41083321]],18
5.254901960784314,2.9654901960784317,87058.82352941176,[[0.00082001]],18
4.078431372549019,2.516862745098039,72941.17647058824,[[0.00039305]],18
5.254901960784314,2.9568627450980394,87058.82352941176,[[0.00078615]],18
4.0,2.508235294117647,57058.82352941176,[[0.00396152]],18
4.0,2.508235294117647,57058.82352941176,[[0.00396152]],18
5.333333333333333,2.948235294117647,87058.82352941176,[[0.00092079]],18
5.254901960784314,2.9568627450980394,71176.4705882353,[[0.00338803]],18
5.254901960784314,2.974117647058824,113529.41176470587,[[0.00538673]],18
9.098039215686274,2.9654901960784317,87058.82352941176,[[0.09852845]],18
5.254901960784314,2.9654901960784317,87058.82352941176,[[0.00082001]],18
4.078431372549019,2.629019607843137,85294.11764705883,[[0.00040936]],18
4.0,2.974117647058824,71176.4705882353,[[0.05200613]],18
4.078431372549019,2.508235294117647,122352.94117647059,[[0.04278205]],18
4.078431372549019,2.508235294117647,71176.4705882353,[[0.0003193]],18
4.078431372549019,2.508235294117647,72941.17647058824,[[0.00050381]],18
5.254901960784314,2.948235294117647,85294.11764705883,[[0.00079429]],18
5.254901960784314,2.948235294117647,87058.82352941176,[[0.00077992]],18
4.0,2.508235294117647,71176.4705882353,[[0.00021952]],18
4.078431372549019,2.508235294117647,71176.4705882353,[[0.0003193]],18
5.333333333333333,2.9654901960784317,88823.5294117647,[[0.00088511]],18
5.254901960784314,2.896470588235294,71176.4705882353,[[0.0013724]],18
5.254901960784314,2.948235294117647,94117.64705882352,[[0.00127896]],18
4.0,2.508235294117647,87058.82352941176,[[0.00457897]],18
4.0,1.8180392156862746,71176.4705882353,[[0.07341633]],18
5.254901960784314,2.9050980392156864,129411.76470588235,[[0.02071142]],18
4.392156862745098,2.508235294117647,72941.17647058824,[[0.00300755]],18
4.0,2.922352941176471,99411.76470588235,[[0.00553483]],18
4.078431372549019,2.490980392156863,58823.529411764706,[[0.00029173]],18
5.254901960784314,2.9396078431372548,87058.82352941176,[[0.0008017]],18
5.333333333333333,2.922352941176471,71176.4705882353,[[0.00148556]],18
5.254901960784314,2.896470588235294,72941.17647058824,[[0.0011337]],18
4.078431372549019,2.508235294117647,71176.4705882353,[[0.0003193]],19
4.078431372549019,2.490980392156863,58823.529411764706,[[0.00029173]],19
4.0,2.7843137254901964,58823.529411764706,[[0.03633241]],19
14.117647058823529,1.3866666666666667,72941.17647058824,[[0.65336182]],19
4.078431372549019,2.490980392156863,72941.17647058824,[[0.0028976]],19
5.254901960784314,2.896470588235294,58823.529411764706,[[0.0047823]],19
5.254901960784314,2.6894117647058824,88823.5294117647,[[0.01453745]],19
4.0,2.7843137254901964,87058.82352941176,[[0.00392182]],19
5.254901960784314,2.9568627450980394,87058.82352941176,[[0.00078615]],19
4.0,2.767058823529412,94117.64705882352,[[0.00074]],19
4.078431372549019,2.629019607843137,85294.11764705883,[[0.00040936]],19
4.078431372549019,2.490980392156863,58823.529411764706,[[0.00029173]],19
4.0,2.896470588235294,76470.58823529413,[[0.02687363]],19
5.647058823529411,2.508235294117647,87058.82352941176,[[0.05196205]],19
5.568627450980392,2.508235294117647,71176.4705882353,[[0.03230173]],19
4.078431372549019,2.9568627450980394,74705.88235294117,[[0.03720859]],19
5.254901960784314,2.922352941176471,72941.17647058824,[[0.00170097]],19
4.078431372549019,2.5254901960784317,87058.82352941176,[[0.00457944]],19
5.254901960784314,2.9050980392156864,284705.8823529412,[[0.26659113]],19
5.333333333333333,2.9309803921568633,99411.76470588235,[[0.00364438]],19
4.0,2.4737254901960783,101176.4705882353,[[0.02548771]],19
4.392156862745098,2.922352941176471,71176.4705882353,[[0.02280267]],19
9.098039215686274,2.818823529411765,104705.88235294117,[[0.13978931]],19
4.078431372549019,2.490980392156863,58823.529411764706,[[0.00029173]],19
4.392156862745098,2.68078431372549,102941.17647058824,[[0.00779239]],19
5.647058823529411,2.7843137254901964,72941.17647058824,[[0.00663589]],19
5.333333333333333,2.818823529411765,74705.88235294117,[[0.00164824]],19
4.313725490196078,2.508235294117647,71176.4705882353,[[0.00159085]],19
4.0,2.948235294117647,94117.64705882352,[[0.01200207]],19
5.254901960784314,2.767058823529412,85294.11764705883,[[0.00621885]],19
5.254901960784314,2.9396078431372548,87058.82352941176,[[0.0008017]],19
5.333333333333333,2.9309803921568633,71176.4705882353,[[0.00169581]],19
5.254901960784314,2.9396078431372548,87058.82352941176,[[0.0008017]],19
4.078431372549019,2.508235294117647,72941.17647058824,[[0.00050381]],19
4.078431372549019,2.490980392156863,58823.529411764706,[[0.00029173]],19
4.078431372549019,2.508235294117647,72941.17647058824,[[0.00050381]],19
5.333333333333333,2.974117647058824,58823.529411764706,[[0.00830704]],19
4.078431372549019,2.4823529411764707,88823.5294117647,[[0.01380117]],19
4.078431372549019,2.974117647058824,58823.529411764706,[[0.07673444]],19
5.333333333333333,2.4823529411764707,88823.5294117647,[[0.05548217]],19
4.392156862745098,2.508235294117647,71176.4705882353,[[0.00235814]],19
4.078431372549019,2.508235294117647,72941.17647058824,[[0.00050381]],19
4.078431372549019,2.508235294117647,71176.4705882353,[[0.0003193]],19
4.078431372549019,2.516862745098039,72941.17647058824,[[0.00039305]],19
4.078431372549019,2.9654901960784317,71176.4705882353,[[0.04562253]],19
5.333333333333333,2.508235294117647,88823.5294117647,[[0.04131494]],19
4.0,2.5254901960784317,87058.82352941176,[[0.00364257]],19
4.078431372549019,2.508235294117647,87058.82352941176,[[0.00562935]],19
5.254901960784314,2.9654901960784317,87058.82352941176,[[0.00082001]],19
5.647058823529411,2.9568627450980394,74705.88235294117,[[0.00105629]],19
5.254901960784314,2.9654901960784317,87058.82352941176,[[0.00082001]],19
4.078431372549019,2.490980392156863,58823.529411764706,[[0.00029173]],19
4.078431372549019,2.922352941176471,71176.4705882353,[[0.03683632]],19
4.0,2.490980392156863,127647.05882352941,[[0.06121001]],19
4.078431372549019,2.508235294117647,72941.17647058824,[[0.00050381]],19
4.078431372549019,2.490980392156863,58823.529411764706,[[0.00029173]],19
4.078431372549019,2.7325490196078435,58823.529411764706,[[0.02371041]],19
4.078431372549019,2.490980392156863,71176.4705882353,[[0.00222534]],19
5.254901960784314,2.9654901960784317,88823.5294117647,[[0.0007831]],19
5.254901960784314,2.516862745098039,71176.4705882353,[[0.02022838]],19
4.078431372549019,2.490980392156863,87058.82352941176,[[0.01153439]],19
4.392156862745098,2.9396078431372548,58823.529411764706,[[0.04478399]],19
5.254901960784314,2.551372549019608,76470.58823529413,[[0.02043378]],19
5.647058823529411,2.896470588235294,72941.17647058824,[[0.00179152]],19
4.078431372549019,2.922352941176471,87058.82352941176,[[0.01452419]],19
5.333333333333333,2.508235294117647,71176.4705882353,[[0.02384885]],19
4.078431372549019,2.9654901960784317,71176.4705882353,[[0.04562253]],19
5.333333333333333,2.508235294117647,88823.5294117647,[[0.04131494]],19
4.078431372549019,2.818823529411765,87058.82352941176,[[0.00509224]],19
5.254901960784314,2.9396078431372548,104705.88235294117,[[0.00403572]],19
5.254901960784314,2.508235294117647,72941.17647058824,[[0.02277498]],19
4.0,2.922352941176471,85294.11764705883,[[0.01858996]],19
4.0,2.508235294117647,71176.4705882353,[[0.00021952]],19
5.647058823529411,2.9568627450980394,74705.88235294117,[[0.00105629]],19
4.078431372549019,2.490980392156863,72941.17647058824,[[0.0028976]],19
4.0,2.9050980392156864,127647.05882352941,[[0.00313562]],19
5.254901960784314,2.7843137254901964,72941.17647058824,[[0.00161871]],19
4.0,2.9654901960784317,87058.82352941176,[[0.02234825]],19
4.313725490196078,2.7843137254901964,71176.4705882353,[[0.00906361]],19
4.078431372549019,2.9050980392156864,94117.64705882352,[[0.00672752]],19
5.647058823529411,2.767058823529412,74705.88235294117,[[0.00856664]],19
4.0,2.9568627450980394,94117.64705882352,[[0.01292784]],19
4.078431372549019,2.490980392156863,101176.4705882353,[[0.02545848]],19
4.392156862745098,2.8878431372549027,58823.529411764706,[[0.03466913]],19
5.333333333333333,2.490980392156863,58823.529411764706,[[0.0227986]],19
4.392156862745098,2.9568627450980394,74705.88235294117,[[0.02341719]],19
5.333333333333333,2.9309803921568633,85294.11764705883,[[0.00096623]],19
4.078431372549019,2.508235294117647,72941.17647058824,[[0.00050381]],19
5.254901960784314,2.9654901960784317,72941.17647058824,[[0.00321672]],19
4.078431372549019,2.508235294117647,87058.82352941176,[[0.00562935]],19
4.078431372549019,2.508235294117647,71176.4705882353,[[0.0003193]],19
4.0,2.974117647058824,72941.17647058824,[[0.04821838]],19
5.647058823529411,2.922352941176471,72941.17647058824,[[0.00129711]],19
4.0,2.7498039215686276,71176.4705882353,[[0.01342634]],19
4.0,2.508235294117647,57058.82352941176,[[0.00396152]],19
4.078431372549019,2.508235294117647,72941.17647058824,[[0.00050381]],19
4.078431372549019,2.490980392156863,58823.529411764706,[[0.00029173]],20
4.078431372549019,2.490980392156863,58823.529411764706,[[0.00029173]],20
4.078431372549019,2.490980392156863,58823.529411764706,[[0.00029173]],20
4.078431372549019,2.490980392156863,58823.529411764706,[[0.00029173]],20
4.078431372549019,2.490980392156863,85294.11764705883,[[0.01015163]],20
4.078431372549019,2.629019607843137,71176.4705882353,[[0.00250419]],20
4.0,2.7756862745098045,94117.64705882352,[[0.00093385]],20
5.333333333333333,2.922352941176471,85294.11764705883,[[0.00106903]],20
4.078431372549019,2.4564705882352946,85294.11764705883,[[0.01314373]],20
4.392156862745098,2.922352941176471,74705.88235294117,[[0.01863461]],20
4.078431372549019,2.4564705882352946,71176.4705882353,[[0.00373639]],20
4.078431372549019,2.516862745098039,88823.5294117647,[[0.0061134]],20
4.078431372549019,2.490980392156863,71176.4705882353,[[0.00222534]],20
4.078431372549019,2.490980392156863,71176.4705882353,[[0.00222534]],20
4.392156862745098,2.508235294117647,71176.4705882353,[[0.00235814]],20
4.078431372549019,2.508235294117647,72941.17647058824,[[0.00050381]],20
5.254901960784314,2.9396078431372548,87058.82352941176,[[0.0008017]],20
4.0,2.9050980392156864,127647.05882352941,[[0.00313562]],20
4.078431372549019,2.508235294117647,72941.17647058824,[[0.00050381]],20
4.078431372549019,2.508235294117647,72941.17647058824,[[0.00050381]],20
5.254901960784314,2.767058823529412,87058.82352941176,[[0.00701462]],20
5.254901960784314,2.9568627450980394,85294.11764705883,[[0.00084019]],20
4.078431372549019,2.551372549019608,76470.58823529413,[[0.00037302]],20
5.254901960784314,2.508235294117647,72941.17647058824,[[0.02277498]],20
4.0,2.508235294117647,71176.4705882353,[[0.00021952]],20
5.333333333333333,2.9309803921568633,71176.4705882353,[[0.00169581]],20
4.078431372549019,2.490980392156863,71176.4705882353,[[0.00222534]],20
4.078431372549019,2.508235294117647,71176.4705882353,[[0.0003193]],20
4.078431372549019,2.508235294117647,87058.82352941176,[[0.00562935]],20
4.078431372549019,2.508235294117647,72941.17647058824,[[0.00050381]],20
4.078431372549019,2.629019607843137,71176.4705882353,[[0.00250419]],20
4.0,2.7498039215686276,85294.11764705883,[[0.0029387]],20
4.0,2.767058823529412,58823.529411764706,[[0.03306769]],20
5.333333333333333,2.6635294117647064,87058.82352941176,[[0.01800719]],20
4.078431372549019,2.9309803921568633,85294.11764705883,[[0.01753826]],20
5.333333333333333,2.508235294117647,71176.4705882353,[[0.02384885]],20
5.333333333333333,2.490980392156863,72941.17647058824,[[0.03599494]],20
4.078431372549019,2.508235294117647,72941.17647058824,[[0.00050381]],20
5.647058823529411,2.9568627450980394,131176.4705882353,[[0.02455838]],20
4.078431372549019,2.508235294117647,72941.17647058824,[[0.00050381]],20
4.078431372549019,2.508235294117647,71176.4705882353,[[0.0003193]],20
4.078431372549019,2.490980392156863,87058.82352941176,[[0.01153439]],20
4.0,2.9568627450980394,94117.64705882352,[[0.01292784]],20
4.0,2.767058823529412,94117.64705882352,[[0.00074]],20
4.078431372549019,2.508235294117647,72941.17647058824,[[0.00050381]],20
4.078431372549019,2.508235294117647,72941.17647058824,[[0.00050381]],20
5.333333333333333,2.9309803921568633,127647.05882352941,[[0.01810767]],20
4.0,2.9050980392156864,71176.4705882353,[[0.03726054]],20
4.078431372549019,2.508235294117647,72941.17647058824,[[0.00050381]],20
4.078431372549019,2.490980392156863,58823.529411764706,[[0.00029173]],20
4.078431372549019,2.508235294117647,58823.529411764706,[[0.00213751]],20
4.0,2.767058823529412,72941.17647058824,[[0.01352709]],20
5.254901960784314,2.7843137254901964,58823.529411764706,[[0.00093013]],20
4.078431372549019,2.6203921568627453,72941.17647058824,[[0.00153384]],20
4.078431372549019,2.508235294117647,72941.17647058824,[[0.00050381]],20
4.078431372549019,2.508235294117647,72941.17647058824,[[0.00050381]],20
5.333333333333333,2.896470588235294,72941.17647058824,[[0.00089384]],20
5.647058823529411,2.9309803921568633,99411.76470588235,[[0.00807994]],20
4.392156862745098,2.508235294117647,72941.17647058824,[[0.00300755]],20
4.078431372549019,2.508235294117647,99411.76470588235,[[0.01498924]],20
4.078431372549019,2.7152941176470593,72941.17647058824,[[0.00683191]],20
4.078431372549019,2.490980392156863,57058.82352941176,[[0.00043253]],20
4.078431372549019,2.922352941176471,72941.17647058824,[[0.03378002]],20
4.078431372549019,2.9050980392156864,320000.0,[[0.44877536]],20
4.078431372549019,2.490980392156863,58823.529411764706,[[0.00029173]],20
4.078431372549019,2.490980392156863,58823.529411764706,[[0.00029173]],20
4.078431372549019,2.508235294117647,72941.17647058824,[[0.00050381]],20
4.078431372549019,2.490980392156863,58823.529411764706,[[0.00029173]],20
4.078431372549019,1.4039215686274509,87058.82352941176,[[0.23681652]],20
4.0,2.6462745098039218,189411.76470588235,[[0.14411472]],20
5.333333333333333,2.974117647058824,58823.529411764706,[[0.00830704]],20
4.0,2.767058823529412,94117.64705882352,[[0.00074]],20
4.078431372549019,2.508235294117647,71176.4705882353,[[0.0003193]],20
4.078431372549019,2.508235294117647,72941.17647058824,[[0.00050381]],20
5.333333333333333,2.508235294117647,88823.5294117647,[[0.04131494]],20
5.333333333333333,2.9309803921568633,85294.11764705883,[[0.00096623]],20
5.333333333333333,2.9309803921568633,85294.11764705883,[[0.00096623]],20
4.078431372549019,2.4823529411764707,88823.5294117647,[[0.01380117]],20
4.078431372549019,2.9309803921568633,71176.4705882353,[[0.03851482]],20
5.333333333333333,2.629019607843137,85294.11764705883,[[0.02061438]],20
4.078431372549019,2.490980392156863,58823.529411764706,[[0.00029173]],20
4.078431372549019,2.508235294117647,71176.4705882353,[[0.0003193]],20
5.647058823529411,2.767058823529412,74705.88235294117,[[0.00856664]],20
4.0,1.8180392156862746,85294.11764705883,[[0.09784901]],20
5.647058823529411,2.922352941176471,71176.4705882353,[[0.00114948]],20
4.313725490196078,2.508235294117647,72941.17647058824,[[0.00213019]],20
4.0,2.767058823529412,127647.05882352941,[[0.01330583]],20
4.0,2.9050980392156864,87058.82352941176,[[0.01440539]],20
4.078431372549019,2.5254901960784317,101176.4705882353,[[0.01485954]],20
4.078431372549019,2.508235294117647,58823.529411764706,[[0.00213751]],20
5.647058823529411,2.490980392156863,57058.82352941176,[[0.03311586]],20
4.705882352941177,2.9568627450980394,302352.9411764706,[[0.3141674]],20
5.254901960784314,2.5254901960784317,88823.5294117647,[[0.03560163]],20
4.0,1.5850980392156864,85294.11764705883,[[0.16516898]],20
4.078431372549019,2.490980392156863,58823.529411764706,[[0.00029173]],20
5.333333333333333,2.508235294117647,72941.17647058824,[[0.02540213]],20
5.333333333333333,2.922352941176471,71176.4705882353,[[0.00148556]],21
4.078431372549019,2.6203921568627453,87058.82352941176,[[0.00080614]],21
4.078431372549019,2.508235294117647,72941.17647058824,[[0.00050381]],21
4.078431372549019,2.490980392156863,58823.529411764706,[[0.00029173]],21
4.078431372549019,2.767058823529412,72941.17647058824,[[0.01154265]],21
4.0,2.490980392156863,58823.529411764706,[[0.00047865]],21
4.078431372549019,2.508235294117647,72941.17647058824,[[0.00050381]],21
4.078431372549019,2.508235294117647,71176.4705882353,[[0.0003193]],21
5.254901960784314,2.767058823529412,87058.82352941176,[[0.00701462]],21
4.313725490196078,2.508235294117647,72941.17647058824,[[0.00213019]],21
4.0,2.508235294117647,94117.64705882352,[[0.00909458]],21
4.392156862745098,2.767058823529412,72941.17647058824,[[0.00500733]],21
4.078431372549019,2.508235294117647,72941.17647058824,[[0.00050381]],21
4.078431372549019,2.490980392156863,58823.529411764706,[[0.00029173]],21
4.078431372549019,2.508235294117647,72941.17647058824,[[0.00050381]],21
4.078431372549019,2.516862745098039,88823.5294117647,[[0.0061134]],21
4.078431372549019,2.508235294117647,72941.17647058824,[[0.00050381]],21
4.078431372549019,2.508235294117647,72941.17647058824,[[0.00050381]],21
4.078431372549019,2.490980392156863,58823.529411764706,[[0.00029173]],21
4.078431372549019,2.490980392156863,71176.4705882353,[[0.00222534]],21
5.254901960784314,2.7843137254901964,58823.529411764706,[[0.00093013]],21
4.078431372549019,2.490980392156863,57058.82352941176,[[0.00043253]],21
4.078431372549019,2.4996078431372553,71176.4705882353,[[0.00191237]],21
4.078431372549019,2.542745098039216,76470.58823529413,[[0.00047535]],21
4.078431372549019,2.508235294117647,71176.4705882353,[[0.0003193]],21
4.078431372549019,2.508235294117647,72941.17647058824,[[0.00050381]],21
4.078431372549019,2.508235294117647,72941.17647058824,[[0.00050381]],21
4.0,2.767058823529412,94117.64705882352,[[0.00074]],21
4.078431372549019,2.516862745098039,65882.35294117648,[[0.0005408]],21
4.078431372549019,2.551372549019608,76470.58823529413,[[0.00037302]],21
4.078431372549019,2.508235294117647,72941.17647058824,[[0.00050381]],21
4.078431372549019,2.490980392156863,71176.4705882353,[[0.00222534]],21
4.0,2.490980392156863,72941.17647058824,[[0.00207273]],21
4.078431372549019,2.7152941176470593,58823.529411764706,[[0.02114137]],21
5.647058823529411,2.6462745098039218,71176.4705882353,[[0.0173708]],21
4.078431372549019,2.767058823529412,58823.529411764706,[[0.02933126]],21
4.0,2.767058823529412,94117.64705882352,[[0.00074]],21
4.078431372549019,1.956078431372549,71176.4705882353,[[0.05695846]],21
5.333333333333333,2.896470588235294,72941.17647058824,[[0.00089384]],21
4.078431372549019,2.629019607843137,71176.4705882353,[[0.00250419]],21
4.078431372549019,2.767058823529412,58823.529411764706,[[0.02933126]],21
5.333333333333333,2.654901960784314,71176.4705882353,[[0.00875486]],21
4.078431372549019,2.508235294117647,72941.17647058824,[[0.00050381]],21
4.313725490196078,2.508235294117647,72941.17647058824,[[0.00213019]],21
4.0,2.7756862745098045,94117.64705882352,[[0.00093385]],21
5.254901960784314,2.7843137254901964,58823.529411764706,[[0.00093013]],21
4.078431372549019,2.508235294117647,71176.4705882353,[[0.0003193]],21
4.078431372549019,2.629019607843137,72941.17647058824,[[0.00184243]],21
4.078431372549019,2.56,58823.529411764706,[[0.00490825]],21
4.235294117647059,2.490980392156863,58823.529411764706,[[0.00049716]],21
4.078431372549019,2.508235294117647,72941.17647058824,[[0.00050381]],21
4.0,2.9568627450980394,94117.64705882352,[[0.01292784]],21
4.078431372549019,2.490980392156863,94117.64705882352,[[0.01787712]],21
4.0,2.767058823529412,58823.529411764706,[[0.03306769]],21
4.549019607843137,1.4039215686274509,71176.4705882353,[[0.19421131]],21
4.078431372549019,2.508235294117647,72941.17647058824,[[0.00050381]],21
4.078431372549019,2.490980392156863,94117.64705882352,[[0.01787712]],21
4.0,2.767058823529412,58823.529411764706,[[0.03306769]],21
5.254901960784314,2.7843137254901964,72941.17647058824,[[0.00161871]],21
4.078431372549019,2.508235294117647,58823.529411764706,[[0.00213751]],21
4.0,2.508235294117647,71176.4705882353,[[0.00021952]],21
5.254901960784314,2.9568627450980394,85294.11764705883,[[0.00084019]],21
4.078431372549019,2.542745098039216,94117.64705882352,[[0.00767634]],21
4.0,2.9050980392156864,85294.11764705883,[[0.01636476]],21
4.078431372549019,2.896470588235294,94117.64705882352,[[0.0060821]],21
5.254901960784314,2.9568627450980394,72941.17647058824,[[0.00285747]],21
4.078431372549019,2.508235294117647,71176.4705882353,[[0.0003193]],21
4.078431372549019,2.508235294117647,72941.17647058824,[[0.00050381]],21
4.078431372549019,2.490980392156863,72941.17647058824,[[0.0028976]],21
4.078431372549019,1.4039215686274509,57058.82352941176,[[0.16071179]],21
4.078431372549019,2.490980392156863,58823.529411764706,[[0.00029173]],21
4.078431372549019,2.490980392156863,58823.529411764706,[[0.00029173]],21
4.078431372549019,2.508235294117647,71176.4705882353,[[0.0003193]],21
4.078431372549019,2.508235294117647,72941.17647058824,[[0.00050381]],21
4.078431372549019,2.490980392156863,71176.4705882353,[[0.00222534]],21
5.647058823529411,2.767058823529412,74705.88235294117,[[0.00856664]],21
4.078431372549019,2.490980392156863,58823.529411764706,[[0.00029173]],21
5.254901960784314,2.508235294117647,72941.17647058824,[[0.02277498]],21
5.333333333333333,2.490980392156863,85294.11764705883,[[0.04965227]],21
4.078431372549019,2.922352941176471,62352.94117647059,[[0.05445706]],21
4.078431372549019,2.508235294117647,72941.17647058824,[[0.00050381]],21
4.078431372549019,2.508235294117647,72941.17647058824,[[0.00050381]],21
4.078431372549019,2.508235294117647,71176.4705882353,[[0.0003193]],21
4.078431372549019,2.629019607843137,72941.17647058824,[[0.00184243]],21
4.078431372549019,2.508235294117647,71176.4705882353,[[0.0003193]],21
4.078431372549019,2.6203921568627453,72941.17647058824,[[0.00153384]],21
5.647058823529411,2.767058823529412,74705.88235294117,[[0.00856664]],21
4.078431372549019,2.490980392156863,71176.4705882353,[[0.00222534]],21
4.078431372549019,2.490980392156863,92352.94117647059,[[0.01617226]],21
4.0,2.7756862745098045,87058.82352941176,[[0.00344038]],21
4.078431372549019,2.4823529411764707,72941.17647058824,[[0.00328647]],21
4.078431372549019,2.6462745098039218,72941.17647058824,[[0.00256162]],21
4.078431372549019,2.490980392156863,62352.94117647059,[[0.00033195]],21
4.078431372549019,2.490980392156863,58823.529411764706,[[0.00029173]],21
5.647058823529411,2.922352941176471,71176.4705882353,[[0.00114948]],21
4.0,2.767058823529412,58823.529411764706,[[0.03306769]],21
4.078431372549019,2.490980392156863,62352.94117647059,[[0.00033195]],22
4.078431372549019,2.490980392156863,58823.529411764706,[[0.00029173]],22
9.098039215686274,2.56,62352.94117647059,[[0.16713363]],22
4.078431372549019,2.508235294117647,72941.17647058824,[[0.00050381]],22
4.078431372549019,2.508235294117647,72941.17647058824,[[0.00050381]],22
4.078431372549019,2.508235294117647,72941.17647058824,[[0.00050381]],22
4.078431372549019,2.508235294117647,72941.17647058824,[[0.00050381]],22
4.078431372549019,2.490980392156863,58823.529411764706,[[0.00029173]],22
4.0,2.508235294117647,71176.4705882353,[[0.00021952]],22
5.333333333333333,2.508235294117647,101176.4705882353,[[0.05594709]],22
4.078431372549019,2.896470588235294,87058.82352941176,[[0.01168031]],22
4.0,2.6462745098039218,72941.17647058824,[[0.00345207]],22
4.392156862745098,2.922352941176471,72941.17647058824,[[0.02065966]],22
5.333333333333333,2.6203921568627453,71176.4705882353,[[0.01161349]],22
4.0,2.767058823529412,72941.17647058824,[[0.01352709]],22
6.588235294117647,2.508235294117647,58823.529411764706,[[0.06364502]],22
4.078431372549019,2.490980392156863,71176.4705882353,[[0.00222534]],22
4.078431372549019,2.508235294117647,71176.4705882353,[[0.0003193]],22
4.078431372549019,2.490980392156863,76470.58823529413,[[0.0045227]],22
4.078431372549019,2.542745098039216,72941.17647058824,[[0.00024578]],22
4.078431372549019,2.490980392156863,94117.64705882352,[[0.01787712]],22
4.0,2.9568627450980394,94117.64705882352,[[0.01292784]],22
4.078431372549019,2.6203921568627453,72941.17647058824,[[0.00153384]],22
4.078431372549019,2.508235294117647,72941.17647058824,[[0.00050381]],22
4.078431372549019,2.767058823529412,58823.529411764706,[[0.02933126]],22
4.0,2.4996078431372553,94117.64705882352,[[0.01519814]],22
5.333333333333333,2.629019607843137,85294.11764705883,[[0.02061438]],22
5.254901960784314,2.7929411764705883,72941.17647058824,[[0.00141132]],22
4.078431372549019,2.508235294117647,94117.64705882352,[[0.01045638]],22
4.0,2.767058823529412,72941.17647058824,[[0.01352709]],22
4.078431372549019,2.490980392156863,58823.529411764706,[[0.00029173]],22
4.078431372549019,2.508235294117647,72941.17647058824,[[0.00050381]],22
4.0,2.508235294117647,71176.4705882353,[[0.00021952]],22
4.0,2.508235294117647,71176.4705882353,[[0.00021952]],22
4.078431372549019,2.5686274509803924,58823.529411764706,[[0.00549398]],22
4.078431372549019,2.490980392156863,62352.94117647059,[[0.00033195]],22
5.333333333333333,2.896470588235294,72941.17647058824,[[0.00089384]],22
5.333333333333333,2.922352941176471,71176.4705882353,[[0.00148556]],22
4.078431372549019,2.508235294117647,58823.529411764706,[[0.00213751]],22
4.078431372549019,2.490980392156863,72941.17647058824,[[0.0028976]],22
14.431372549019608,2.551372549019608,189411.76470588235,[[0.34838318]],22
4.235294117647059,2.490980392156863,58823.529411764706,[[0.00049716]],22
4.078431372549019,2.490980392156863,58823.529411764706,[[0.00029173]],22
15.372549019607844,2.6203921568627453,129411.76470588235,[[0.31666894]],22
14.117647058823529,2.7756862745098045,80000.0,[[0.25370389]],22
4.0,2.508235294117647,72941.17647058824,[[0.00027943]],22
4.313725490196078,2.508235294117647,58823.529411764706,[[0.00048104]],22
4.078431372549019,2.490980392156863,76470.58823529413,[[0.0045227]],22
4.078431372549019,2.508235294117647,58823.529411764706,[[0.00213751]],22
4.078431372549019,2.490980392156863,72941.17647058824,[[0.0028976]],22
4.078431372549019,2.6462745098039218,71176.4705882353,[[0.00335145]],22
4.078431372549019,2.490980392156863,72941.17647058824,[[0.0028976]],22
4.078431372549019,2.508235294117647,58823.529411764706,[[0.00213751]],22
4.0,2.767058823529412,71176.4705882353,[[0.01545137]],22
4.078431372549019,2.508235294117647,72941.17647058824,[[0.00050381]],22
5.647058823529411,2.654901960784314,177058.82352941175,[[0.14422467]],22
4.078431372549019,2.6376470588235295,71176.4705882353,[[0.00291054]],22
4.078431372549019,2.490980392156863,71176.4705882353,[[0.00222534]],22
9.098039215686274,2.508235294117647,298823.5294117647,[[0.41063121]],22
4.078431372549019,2.508235294117647,72941.17647058824,[[0.00050381]],22
4.078431372549019,2.508235294117647,71176.4705882353,[[0.0003193]],22
4.078431372549019,2.490980392156863,58823.529411764706,[[0.00029173]],22
4.078431372549019,2.490980392156863,58823.529411764706,[[0.00029173]],22
5.254901960784314,2.7843137254901964,72941.17647058824,[[0.00161871]],22
5.254901960784314,2.7843137254901964,72941.17647058824,[[0.00161871]],22
5.333333333333333,2.654901960784314,71176.4705882353,[[0.00875486]],22
4.078431372549019,2.490980392156863,72941.17647058824,[[0.0028976]],22
4.0,2.516862745098039,108235.29411764705,[[0.02132531]],22
4.078431372549019,2.508235294117647,71176.4705882353,[[0.0003193]],22
4.078431372549019,2.490980392156863,58823.529411764706,[[0.00029173]],22
4.078431372549019,2.490980392156863,72941.17647058824,[[0.0028976]],22
4.078431372549019,2.508235294117647,62352.94117647059,[[0.00104305]],22
4.078431372549019,2.6203921568627453,101176.4705882353,[[0.00665766]],22
4.078431372549019,2.6203921568627453,87058.82352941176,[[0.00080614]],22
4.078431372549019,2.6203921568627453,72941.17647058824,[[0.00153384]],22
4.078431372549019,2.508235294117647,72941.17647058824,[[0.00050381]],22
4.0,2.767058823529412,94117.64705882352,[[0.00074]],22
5.254901960784314,2.9568627450980394,72941.17647058824,[[0.00285747]],22
4.0,2.490980392156863,57058.82352941176,[[0.00076917]],22
4.078431372549019,2.767058823529412,101176.4705882353,[[0.00048497]],22
4.078431372549019,2.508235294117647,58823.529411764706,[[0.00213751]],22
4.078431372549019,2.508235294117647,72941.17647058824,[[0.00050381]],22
9.098039215686274,1.3780392156862744,72941.17647058824,[[0.6360144]],22
4.078431372549019,2.508235294117647,72941.17647058824,[[0.00050381]],22
4.0,2.818823529411765,76470.58823529413,[[0.01577974]],22
4.078431372549019,2.4996078431372553,87058.82352941176,[[0.01079786]],22
4.078431372549019,2.4823529411764707,72941.17647058824,[[0.00328647]],22
5.333333333333333,2.508235294117647,72941.17647058824,[[0.02540213]],22
4.0,2.7843137254901964,58823.529411764706,[[0.03633241]],22
5.333333333333333,2.508235294117647,58823.529411764706,[[0.01426122]],22
4.078431372549019,2.490980392156863,71176.4705882353,[[0.00222534]],22
5.333333333333333,2.922352941176471,58823.529411764706,[[0.00488391]],22
9.098039215686274,2.516862745098039,65882.35294117648,[[0.1809491]],22
4.078431372549019,2.508235294117647,71176.4705882353,[[0.0003193]],22
4.0,2.508235294117647,71176.4705882353,[[0.00021952]],22
4.078431372549019,2.508235294117647,72941.17647058824,[[0.00050381]],22
4.078431372549019,2.490980392156863,71176.4705882353,[[0.00222534]],23
4.078431372549019,2.508235294117647,58823.529411764706,[[0.00213751]],23
4.0,2.7843137254901964,58823.529411764706,[[0.03633241]],23
4.078431372549019,2.508235294117647,72941.17647058824,[[0.00050381]],23
4.078431372549019,2.508235294117647,72941.17647058824,[[0.00050381]],23
4.078431372549019,1.3866666666666667,171764.70588235295,[[0.49388104]],23
9.098039215686274,2.508235294117647,72941.17647058824,[[0.18923551]],23
4.078431372549019,2.508235294117647,72941.17647058824,[[0.00050381]],23
4.392156862745098,2.508235294117647,99411.76470588235,[[0.02238335]],23
4.078431372549019,1.956078431372549,72941.17647058824,[[0.05964699]],23
4.078431372549019,2.654901960784314,71176.4705882353,[[0.00382725]],23
5.254901960784314,2.767058823529412,71176.4705882353,[[0.00174609]],23
4.0,2.508235294117647,71176.4705882353,[[0.00021952]],23
4.235294117647059,2.508235294117647,72941.17647058824,[[0.00142406]],23
4.0,2.508235294117647,71176.4705882353,[[0.00021952]],23
4.078431372549019,2.490980392156863,58823.529411764706,[[0.00029173]],23
4.078431372549019,1.9388235294117648,58823.529411764706,[[0.04151645]],23
4.313725490196078,2.508235294117647,58823.529411764706,[[0.00048104]],23
4.078431372549019,2.490980392156863,58823.529411764706,[[0.00029173]],23
4.078431372549019,1.516078431372549,72941.17647058824,[[0.159476]],23
5.333333333333333,2.508235294117647,72941.17647058824,[[0.02540213]],23
4.0,2.508235294117647,57058.82352941176,[[0.00396152]],23
4.078431372549019,2.5686274509803924,58823.529411764706,[[0.00549398]],23
4.0,2.508235294117647,71176.4705882353,[[0.00021952]],23
4.0,2.7843137254901964,58823.529411764706,[[0.03633241]],23
4.078431372549019,2.508235294117647,58823.529411764706,[[0.00213751]],23
4.078431372549019,2.508235294117647,72941.17647058824,[[0.00050381]],23
4.078431372549019,2.6203921568627453,71176.4705882353,[[0.0021322]],23
4.078431372549019,2.508235294117647,185882.35294117648,[[0.17385719]],23
4.0,2.508235294117647,57058.82352941176,[[0.00396152]],23
4.078431372549019,2.490980392156863,58823.529411764706,[[0.00029173]],23
4.078431372549019,2.490980392156863,58823.529411764706,[[0.00029173]],23
4.0,2.508235294117647,71176.4705882353,[[0.00021952]],23
4.078431372549019,2.508235294117647,72941.17647058824,[[0.00050381]],23
4.078431372549019,2.508235294117647,71176.4705882353,[[0.0003193]],23
4.0,2.490980392156863,57058.82352941176,[[0.00076917]],23
4.078431372549019,2.490980392156863,72941.17647058824,[[0.0028976]],23
4.078431372549019,2.508235294117647,58823.529411764706,[[0.00213751]],23
4.235294117647059,2.490980392156863,58823.529411764706,[[0.00049716]],23
4.078431372549019,2.490980392156863,58823.529411764706,[[0.00029173]],23
4.078431372549019,2.490980392156863,58823.529411764706,[[0.00029173]],23
4.078431372549019,2.490980392156863,72941.17647058824,[[0.0028976]],23
4.0,2.629019607843137,58823.529411764706,[[0.01275986]],23
4.078431372549019,2.508235294117647,72941.17647058824,[[0.00050381]],23
4.078431372549019,2.508235294117647,62352.94117647059,[[0.00104305]],23
4.0,2.767058823529412,72941.17647058824,[[0.01352709]],23
4.078431372549019,2.508235294117647,72941.17647058824,[[0.00050381]],23
4.078431372549019,2.5686274509803924,58823.529411764706,[[0.00549398]],23
5.333333333333333,2.6117647058823534,58823.529411764706,[[0.00587688]],23
14.117647058823529,2.516862745098039,129411.76470588235,[[0.32989536]],23
4.078431372549019,2.490980392156863,71176.4705882353,[[0.00222534]],23
4.0,2.767058823529412,62352.94117647059,[[0.02726747]],23
4.078431372549019,1.3866666666666667,57058.82352941176,[[0.16683216]],23
4.627450980392156,2.490980392156863,58823.529411764706,[[0.00424324]],23
4.078431372549019,2.490980392156863,72941.17647058824,[[0.0028976]],23
4.078431372549019,2.508235294117647,58823.529411764706,[[0.00213751]],23
4.235294117647059,1.3780392156862744,72941.17647058824,[[0.20880255]],23
5.333333333333333,2.508235294117647,71176.4705882353,[[0.02384885]],23
4.0,2.818823529411765,72941.17647058824,[[0.02008144]],23
4.078431372549019,2.508235294117647,76470.58823529413,[[0.00118723]],23
4.078431372549019,2.490980392156863,71176.4705882353,[[0.00222534]],23
4.078431372549019,2.490980392156863,58823.529411764706,[[0.00029173]],23
5.333333333333333,2.508235294117647,288235.29411764705,[[0.44090842]],23
4.0,2.508235294117647,71176.4705882353,[[0.00021952]],23
4.078431372549019,2.490980392156863,58823.529411764706,[[0.00029173]],23
4.078431372549019,2.508235294117647,58823.529411764706,[[0.00213751]],23
4.078431372549019,2.490980392156863,58823.529411764706,[[0.00029173]],23
4.078431372549019,2.508235294117647,62352.94117647059,[[0.00104305]],23
4.078431372549019,2.490980392156863,62352.94117647059,[[0.00033195]],23
4.313725490196078,2.508235294117647,58823.529411764706,[[0.00048104]],23
4.313725490196078,2.508235294117647,58823.529411764706,[[0.00048104]],23
5.333333333333333,2.922352941176471,71176.4705882353,[[0.00148556]],23
4.0,2.767058823529412,72941.17647058824,[[0.01352709]],23
4.235294117647059,2.490980392156863,58823.529411764706,[[0.00049716]],23
4.078431372549019,2.767058823529412,58823.529411764706,[[0.02933126]],23
4.078431372549019,2.490980392156863,94117.64705882352,[[0.01787712]],23
4.078431372549019,2.490980392156863,58823.529411764706,[[0.00029173]],23
5.254901960784314,2.9568627450980394,72941.17647058824,[[0.00285747]],23
4.078431372549019,2.508235294117647,71176.4705882353,[[0.0003193]],23
4.078431372549019,2.508235294117647,71176.4705882353,[[0.0003193]],23
4.078431372549019,2.508235294117647,72941.17647058824,[[0.00050381]],23
4.078431372549019,2.508235294117647,72941.17647058824,[[0.00050381]],23
4.078431372549019,2.508235294117647,72941.17647058824,[[0.00050381]],23
4.078431372549019,2.508235294117647,58823.529411764706,[[0.00213751]],23
4.078431372549019,2.508235294117647,72941.17647058824,[[0.00050381]],23
4.705882352941177,2.490980392156863,284705.8823529412,[[0.47356191]],23
4.0,2.7843137254901964,58823.529411764706,[[0.03633241]],23
4.078431372549019,2.6462745098039218,71176.4705882353,[[0.00335145]],23
4.078431372549019,2.508235294117647,72941.17647058824,[[0.00050381]],23
5.333333333333333,2.654901960784314,71176.4705882353,[[0.00875486]],23
4.078431372549019,2.490980392156863,58823.529411764706,[[0.00029173]],23
4.078431372549019,2.5686274509803924,71176.4705882353,[[0.0006089]],23
4.0,2.490980392156863,72941.17647058824,[[0.00207273]],23
4.078431372549019,2.508235294117647,71176.4705882353,[[0.0003193]],23
4.078431372549019,2.508235294117647,62352.94117647059,[[0.00104305]],23
4.078431372549019,2.508235294117647,58823.529411764706,[[0.00213751]],23
4.0,2.508235294117647,71176.4705882353,[[0.00021952]],24
4.0,2.508235294117647,71176.4705882353,[[0.00021952]],24
4.078431372549019,2.508235294117647,71176.4705882353,[[0.0003193]],24
4.0,2.490980392156863,71176.4705882353,[[0.00151013]],24
4.0,2.7843137254901964,58823.529411764706,[[0.03633241]],24
4.0,2.508235294117647,71176.4705882353,[[0.00021952]],24
4.0,2.508235294117647,58823.529411764706,[[0.00306322]],24
4.0,2.7843137254901964,71176.4705882353,[[0.01762925]],24
4.0,2.508235294117647,71176.4705882353,[[0.00021952]],24
4.0,2.508235294117647,71176.4705882353,[[0.00021952]],24
4.078431372549019,2.508235294117647,72941.17647058824,[[0.00050381]],24
4.078431372549019,1.9388235294117648,58823.529411764706,[[0.04151645]],24
4.078431372549019,2.629019607843137,71176.4705882353,[[0.00250419]],24
4.0,2.6203921568627453,58823.529411764706,[[0.01182548]],24
4.078431372549019,2.5686274509803924,58823.529411764706,[[0.00549398]],24
4.627450980392156,2.490980392156863,58823.529411764706,[[0.00424324]],24
4.078431372549019,2.490980392156863,72941.17647058824,[[0.0028976]],24
4.0,2.7843137254901964,72941.17647058824,[[0.01555827]],24
4.0,2.490980392156863,62352.94117647059,[[0.00023578]],24
4.235294117647059,2.490980392156863,58823.529411764706,[[0.00049716]],24
4.078431372549019,2.490980392156863,71176.4705882353,[[0.00222534]],24
4.078431372549019,2.5686274509803924,71176.4705882353,[[0.0006089]],24
4.078431372549019,2.490980392156863,72941.17647058824,[[0.0028976]],24
4.078431372549019,2.508235294117647,72941.17647058824,[[0.00050381]],24
4.078431372549019,2.508235294117647,72941.17647058824,[[0.00050381]],24
4.078431372549019,2.490980392156863,58823.529411764706,[[0.00029173]],24
4.078431372549019,2.508235294117647,72941.17647058824,[[0.00050381]],24
4.0,2.4737254901960783,71176.4705882353,[[0.00208655]],24
4.078431372549019,1.3866666666666667,57058.82352941176,[[0.16683216]],24
4.078431372549019,2.490980392156863,58823.529411764706,[[0.00029173]],24
4.078431372549019,2.508235294117647,62352.94117647059,[[0.00104305]],24
4.078431372549019,2.490980392156863,58823.529411764706,[[0.00029173]],24
4.078431372549019,2.56,58823.529411764706,[[0.00490825]],24
4.078431372549019,1.4643137254901961,57058.82352941176,[[0.14044922]],24
4.078431372549019,1.956078431372549,72941.17647058824,[[0.05964699]],24
4.078431372549019,2.508235294117647,72941.17647058824,[[0.00050381]],24
4.078431372549019,2.5686274509803924,71176.4705882353,[[0.0006089]],24
4.078431372549019,2.767058823529412,58823.529411764706,[[0.02933126]],24
4.235294117647059,2.56,87058.82352941176,[[0.00462037]],24
4.078431372549019,2.508235294117647,64117.64705882353,[[0.00067236]],24
4.078431372549019,2.508235294117647,72941.17647058824,[[0.00050381]],24
4.078431372549019,2.490980392156863,58823.529411764706,[[0.00029173]],24
4.078431372549019,2.508235294117647,72941.17647058824,[[0.00050381]],24
4.313725490196078,2.508235294117647,58823.529411764706,[[0.00048104]],24
4.078431372549019,2.508235294117647,57058.82352941176,[[0.00286552]],24
4.0,2.490980392156863,58823.529411764706,[[0.00047865]],24
5.254901960784314,2.508235294117647,71176.4705882353,[[0.02127087]],24
4.078431372549019,2.508235294117647,71176.4705882353,[[0.0003193]],24
19.137254901960784,2.490980392156863,51764.705882352944,[[0.33979021]],24
4.078431372549019,2.490980392156863,58823.529411764706,[[0.00029173]],24
4.078431372549019,2.5686274509803924,58823.529411764706,[[0.00549398]],24
4.078431372549019,2.508235294117647,76470.58823529413,[[0.00118723]],24
4.078431372549019,2.490980392156863,58823.529411764706,[[0.00029173]],24
4.078431372549019,2.490980392156863,58823.529411764706,[[0.00029173]],24
4.078431372549019,2.508235294117647,62352.94117647059,[[0.00104305]],24
4.1568627450980395,2.508235294117647,71176.4705882353,[[0.00057665]],24
4.078431372549019,2.508235294117647,58823.529411764706,[[0.00213751]],24
4.078431372549019,2.490980392156863,62352.94117647059,[[0.00033195]],24
4.078431372549019,2.508235294117647,72941.17647058824,[[0.00050381]],24
4.078431372549019,2.490980392156863,58823.529411764706,[[0.00029173]],24
4.235294117647059,2.508235294117647,72941.17647058824,[[0.00142406]],24
4.078431372549019,2.490980392156863,58823.529411764706,[[0.00029173]],24
4.0,2.508235294117647,71176.4705882353,[[0.00021952]],24
4.078431372549019,2.508235294117647,76470.58823529413,[[0.00118723]],24
4.078431372549019,2.490980392156863,58823.529411764706,[[0.00029173]],24
4.078431372549019,2.508235294117647,71176.4705882353,[[0.0003193]],24
4.0,2.767058823529412,72941.17647058824,[[0.01352709]],24
4.235294117647059,2.508235294117647,72941.17647058824,[[0.00142406]],24
4.078431372549019,2.490980392156863,62352.94117647059,[[0.00033195]],24
4.078431372549019,2.508235294117647,58823.529411764706,[[0.00213751]],24
4.078431372549019,2.490980392156863,58823.529411764706,[[0.00029173]],24
4.078431372549019,1.9388235294117648,58823.529411764706,[[0.04151645]],24
4.078431372549019,2.490980392156863,58823.529411764706,[[0.00029173]],24
4.078431372549019,2.508235294117647,72941.17647058824,[[0.00050381]],24
4.078431372549019,2.508235294117647,72941.17647058824,[[0.00050381]],24
4.078431372549019,2.490980392156863,58823.529411764706,[[0.00029173]],24
4.078431372549019,2.490980392156863,72941.17647058824,[[0.0028976]],24
4.235294117647059,2.508235294117647,58823.529411764706,[[0.00083345]],24
4.078431372549019,2.490980392156863,58823.529411764706,[[0.00029173]],24
4.235294117647059,2.490980392156863,58823.529411764706,[[0.00049716]],24
4.078431372549019,2.508235294117647,58823.529411764706,[[0.00213751]],24
4.078431372549019,2.490980392156863,58823.529411764706,[[0.00029173]],24
4.313725490196078,2.508235294117647,58823.529411764706,[[0.00048104]],24
4.078431372549019,2.490980392156863,58823.529411764706,[[0.00029173]],24
4.078431372549019,2.508235294117647,58823.529411764706,[[0.00213751]],24
4.313725490196078,2.508235294117647,72941.17647058824,[[0.00213019]],24
4.078431372549019,2.490980392156863,58823.529411764706,[[0.00029173]],24
4.078431372549019,2.508235294117647,72941.17647058824,[[0.00050381]],24
4.0,2.7843137254901964,72941.17647058824,[[0.01555827]],24
4.078431372549019,2.490980392156863,72941.17647058824,[[0.0028976]],24
4.078431372549019,2.508235294117647,76470.58823529413,[[0.00118723]],24
4.0,2.508235294117647,57058.82352941176,[[0.00396152]],24
4.078431372549019,2.508235294117647,58823.529411764706,[[0.00213751]],24
4.313725490196078,2.490980392156863,58823.529411764706,[[0.00090233]],24
4.0,2.490980392156863,72941.17647058824,[[0.00207273]],24
4.078431372549019,2.490980392156863,58823.529411764706,[[0.00029173]],24
20.470588235294116,2.2580392156862743,357058.82352941175,[[0.44034409]],24
6.03921568627451,2.3701960784313725,302352.9411764706,[[0.52735168]],24
15.764705882352942,2.9309803921568633,316470.5882352941,[[0.31429247]],24
22.274509803921568,2.490980392156863,173529.4117647059,[[0.35933972]],24
7.843137254901961,1.395294117647059,413529.4117647059,[[1.24388915]],24
18.03921568627451,1.567843137254902,291764.70588235295,[[0.62432974]],24
23.45098039215686,2.836078431372549,459411.76470588235,[[0.34293786]],24
21.098039215686274,2.033725490196079,215882.35294117648,[[0.45275894]],24
16.0,1.0847058823529412,240588.23529411765,[[0.81856405]],24
20.54901960784314,1.1450980392156862,447058.82352941175,[[0.7322026]],24
21.88235294117647,1.0415686274509806,184117.64705882352,[[0.67371372]],24
4.9411764705882355,2.508235294117647,150588.23529411765,[[0.11788498]],24
13.333333333333334,1.4125490196078432,383529.4117647059,[[0.8563715]],24
20.54901960784314,2.0768627450980395,328823.5294117647,[[0.47073592]],24
18.588235294117645,2.154509803921569,95882.35294117648,[[0.41469201]],24
4.9411764705882355,0.8086274509803922,230000.0,[[0.8678859]],24
6.509803921568627,1.6713725490196079,251176.4705882353,[[0.76092244]],24
5.411764705882353,2.56,177058.82352941175,[[0.16660797]],24
11.843137254901961,2.9568627450980394,247647.0588235294,[[0.25744894]],24
18.980392156862745,1.6541176470588237,452352.9411764706,[[0.62721077]],24
20.470588235294116,2.335686274509804,362352.9411764706,[[0.42637554]],24
23.294117647058822,2.3960784313725494,222941.17647058822,[[0.37765557]],24
19.686274509803923,1.5937254901960785,477058.82352941175,[[0.6356259]],24
19.84313725490196,1.662745098039216,369411.76470588235,[[0.58665185]],24
20.862745098039216,1.7921568627450983,297058.8235294118,[[0.52332032]],24
22.50980392156863,2.145882352941177,348235.29411764705,[[0.44296448]],24
23.215686274509803,2.2666666666666666,500000.0,[[0.43813411]],24
19.92156862745098,1.2054901960784314,150588.23529411765,[[0.65149648]],24
16.0,2.8533333333333335,374705.8823529412,[[0.34754996]],24
8.470588235294118,1.9043137254901963,178823.5294117647,[[0.51682646]],24
10.901960784313726,1.8094117647058825,57058.82352941176,[[0.46360364]],24
15.215686274509803,2.4737254901960783,286470.5882352941,[[0.40813059]],24
22.823529411764707,1.6713725490196079,457647.0588235294,[[0.55409151]],24
12.235294117647058,2.6376470588235295,203529.41176470587,[[0.31692427]],24
12.392156862745098,1.783529411764706,464705.8823529412,[[0.78252028]],24
7.215686274509804,2.1976470588235295,461176.4705882353,[[0.88491485]],24
19.686274509803923,1.3866666666666667,402941.17647058825,[[0.67770904]],24
16.0,2.4047058823529417,99411.76470588235,[[0.3600766]],24
12.235294117647058,2.516862745098039,244117.64705882352,[[0.37286013]],24
5.490196078431373,1.9905882352941178,341176.4705882353,[[0.8492095]],24
15.607843137254902,2.3184313725490195,127647.05882352941,[[0.38794503]],24
14.901960784313726,2.154509803921569,78235.29411764706,[[0.4073157]],24
17.490196078431374,1.0588235294117647,159411.76470588235,[[0.75565077]],24
4.1568627450980395,2.490980392156863,104705.88235294117,[[0.03193436]],24
6.901960784313726,1.1537254901960785,94117.64705882352,[[0.691519]],24
11.058823529411764,1.6023529411764708,401176.4705882353,[[0.87715926]],24
8.705882352941178,1.9647058823529413,131176.4705882353,[[0.43060907]],24
16.705882352941174,2.542745098039216,353529.4117647059,[[0.40564312]],24
8.549019607843137,2.9309803921568633,360588.23529411765,[[0.32824246]],24
10.901960784313726,1.3349019607843138,399411.76470588235,[[1.03473224]],24
23.529411764705884,2.2580392156862743,298823.5294117647,[[0.40880699]],24
5.568627450980392,2.2494117647058824,480588.23529411765,[[1.12118176]],24
5.333333333333333,2.0423529411764707,258235.29411764705,[[0.58361011]],24
4.313725490196078,2.2925490196078435,330588.23529411765,[[0.71789274]],24
16.549019607843135,1.127843137254902,380000.0,[[0.84343864]],24
6.901960784313726,1.4729411764705884,390588.23529411765,[[1.21129004]],24
7.764705882352941,1.2227450980392158,282941.1764705882,[[1.07849015]],24
7.215686274509804,1.6023529411764708,330588.23529411765,[[0.97138533]],24
14.431372549019608,2.387450980392157,487647.0588235294,[[0.51948883]],24
18.19607843137255,2.9827450980392154,95882.35294117648,[[0.26128404]],24
11.372549019607842,0.9207843137254903,392352.9411764706,[[1.24218116]],24
13.098039215686274,2.68078431372549,450588.23529411765,[[0.43485611]],24
16.07843137254902,1.0674509803921568,330588.23529411765,[[0.86510116]],24
22.58823529411765,1.7662745098039219,358823.5294117647,[[0.51925915]],24
12.470588235294118,2.5254901960784317,87058.82352941176,[[0.28641671]],24
12.313725490196079,1.2658823529411767,380000.0,[[0.97639021]],24
17.176470588235293,1.619607843137255,369411.76470588235,[[0.65151596]],24
16.784313725490197,1.1105882352941177,108235.29411764705,[[0.73089581]],24
23.058823529411764,1.1882352941176473,117058.82352941176,[[0.59834895]],24
6.2745098039215685,1.1623529411764706,358823.5294117647,[[1.28494125]],24
4.392156862745098,2.8015686274509806,154117.64705882352,[[0.04505416]],24
16.627450980392155,2.6894117647058824,219411.76470588235,[[0.33573468]],24
16.0,1.0847058823529412,240588.23529411765,[[0.81856405]],25
23.294117647058822,2.3960784313725494,222941.17647058822,[[0.37765557]],25
19.686274509803923,1.3866666666666667,177058.82352941175,[[0.61711141]],25
5.411764705882353,2.56,402941.17647058825,[[0.72897388]],25
18.588235294117645,2.154509803921569,95882.35294117648,[[0.41469201]],25
15.607843137254902,2.3184313725490195,127647.05882352941,[[0.38794503]],25
14.117647058823529,2.490980392156863,95882.35294117648,[[0.32661093]],25
8.156862745098039,3.0,58823.529411764706,[[0.04516675]],25
16.0,2.577254901960784,374705.8823529412,[[0.40818087]],25
4.0,2.7843137254901964,127647.05882352941,[[0.01165902]],25
4.078431372549019,2.4650980392156865,228235.29411764705,[[0.31797487]],25
23.294117647058822,2.4219607843137254,53529.41176470588,[[0.3509115]],25
12.235294117647058,2.516862745098039,58823.529411764706,[[0.26905099]],25
4.078431372549019,2.490980392156863,244117.64705882352,[[0.35943377]],25
4.078431372549019,2.5254901960784317,58823.529411764706,[[0.0029211]],25
14.431372549019608,2.3529411764705888,487647.0588235294,[[0.52955971]],25
17.490196078431374,2.145882352941177,99411.76470588235,[[0.41952255]],25
21.019607843137255,2.4047058823529417,348235.29411764705,[[0.40725057]],25
4.078431372549019,2.490980392156863,58823.529411764706,[[0.00029173]],25
13.098039215686274,2.68078431372549,450588.23529411765,[[0.43485611]],25
4.0,2.508235294117647,71176.4705882353,[[0.00021952]],25
16.0,1.0847058823529412,240588.23529411765,[[0.81856405]],25
4.0,2.508235294117647,57058.82352941176,[[0.00396152]],25
4.0,2.508235294117647,71176.4705882353,[[0.00021952]],25
21.88235294117647,2.9568627450980394,233529.41176470587,[[0.29930154]],25
13.411764705882353,2.836078431372549,473529.4117647059,[[0.4003806]],25
7.450980392156863,2.145882352941177,376470.5882352941,[[0.73368891]],25
21.96078431372549,1.1537254901960785,65882.35294117648,[[0.61392156]],25
18.980392156862745,1.6541176470588237,452352.9411764706,[[0.62721077]],25
15.607843137254902,2.3184313725490195,127647.05882352941,[[0.38794503]],25
12.470588235294118,2.4823529411764707,87058.82352941176,[[0.30327892]],25
15.215686274509803,2.5254901960784317,286470.5882352941,[[0.3929212]],25
20.862745098039216,1.8525490196078434,297058.8235294118,[[0.50953607]],25
11.843137254901961,2.896470588235294,247647.0588235294,[[0.27173904]],25
9.019607843137255,2.490980392156863,62352.94117647059,[[0.19139875]],25
14.901960784313726,1.2054901960784314,150588.23529411765,[[0.75160597]],25
4.078431372549019,2.490980392156863,72941.17647058824,[[0.0028976]],25
4.078431372549019,2.490980392156863,58823.529411764706,[[0.00029173]],25
12.235294117647058,2.508235294117647,74705.88235294117,[[0.27975853]],25
4.0,2.516862745098039,240588.23529411765,[[0.328863]],25
4.1568627450980395,2.542745098039216,387058.82352941175,[[0.85092757]],25
23.215686274509803,2.283921568627451,104705.88235294117,[[0.37912204]],25
4.0,2.490980392156863,58823.529411764706,[[0.00047865]],25
4.078431372549019,2.508235294117647,71176.4705882353,[[0.0003193]],25
4.0,1.619607843137255,369411.76470588235,[[1.00241819]],25
17.254901960784316,2.490980392156863,58823.529411764706,[[0.3357588]],25
12.235294117647058,2.516862745098039,244117.64705882352,[[0.37286013]],25
15.764705882352942,2.9309803921568633,316470.5882352941,[[0.31429247]],25
4.392156862745098,2.8015686274509806,62352.94117647059,[[0.01676955]],25
4.078431372549019,2.490980392156863,150588.23529411765,[[0.1076019]],25
16.627450980392155,2.490980392156863,57058.82352941176,[[0.33222699]],25
4.078431372549019,2.6894117647058824,221176.4705882353,[[0.21446263]],25
4.0,2.508235294117647,58823.529411764706,[[0.00306322]],25
4.078431372549019,2.490980392156863,71176.4705882353,[[0.00222534]],25
4.0,2.5254901960784317,71176.4705882353,[[0.00028087]],25
23.529411764705884,2.2407843137254906,298823.5294117647,[[0.41165268]],25
4.078431372549019,2.490980392156863,58823.529411764706,[[0.00029173]],25
4.078431372549019,2.490980392156863,58823.529411764706,[[0.00029173]],25
19.058823529411764,2.490980392156863,402941.17647058825,[[0.4152126]],25
4.627450980392156,1.4039215686274509,71176.4705882353,[[0.19455669]],25
4.078431372549019,2.490980392156863,58823.529411764706,[[0.00029173]],25
4.078431372549019,2.490980392156863,58823.529411764706,[[0.00029173]],25
12.549019607843137,1.7662745098039219,353529.4117647059,[[0.70485216]],25
14.196078431372548,2.516862745098039,62352.94117647059,[[0.30322107]],25
4.0,2.508235294117647,104705.88235294117,[[0.01854357]],25
16.07843137254902,1.0674509803921568,297058.8235294118,[[0.84965094]],25
8.549019607843137,2.9050980392156864,57058.82352941176,[[0.0714091]],25
4.078431372549019,2.516862745098039,362352.9411764706,[[0.76899222]],25
4.0,2.508235294117647,71176.4705882353,[[0.00021952]],25
23.45098039215686,2.836078431372549,459411.76470588235,[[0.34293786]],25
7.215686274509804,1.6023529411764708,330588.23529411765,[[0.97138533]],25
4.078431372549019,2.490980392156863,58823.529411764706,[[0.00029173]],25
4.078431372549019,2.9568627450980394,256470.58823529413,[[0.22490783]],25
11.843137254901961,2.490980392156863,50000.0,[[0.26869594]],25
4.078431372549019,2.490980392156863,72941.17647058824,[[0.0028976]],25
4.0,2.508235294117647,57058.82352941176,[[0.00396152]],25
4.0,2.490980392156863,57058.82352941176,[[0.00076917]],25
4.078431372549019,2.508235294117647,72941.17647058824,[[0.00050381]],25
5.7254901960784315,2.2149019607843137,58823.529411764706,[[0.0915919]],25
21.647058823529413,2.6721568627450982,222941.17647058822,[[0.33914609]],25
21.098039215686274,2.033725490196079,215882.35294117648,[[0.45275894]],25
4.078431372549019,2.490980392156863,58823.529411764706,[[0.00029173]],25
22.274509803921568,2.629019607843137,108235.29411764705,[[0.32804942]],25
6.745098039215686,1.6713725490196079,203529.41176470587,[[0.65245731]],25
8.470588235294118,1.9043137254901963,65882.35294117648,[[0.36167035]],25
4.078431372549019,2.490980392156863,171764.70588235295,[[0.15546094]],25
4.078431372549019,2.490980392156863,58823.529411764706,[[0.00029173]],25
9.725490196078432,1.5333333333333334,90588.23529411765,[[0.59505265]],25
21.88235294117647,2.9568627450980394,272352.9411764706,[[0.30473552]],25
23.058823529411764,2.0768627450980395,304117.6470588235,[[0.44418013]],25
4.078431372549019,2.490980392156863,58823.529411764706,[[0.00029173]],25
4.0,2.508235294117647,71176.4705882353,[[0.00021952]],25
13.098039215686274,2.68078431372549,450588.23529411765,[[0.43485611]],25
13.098039215686274,2.68078431372549,450588.23529411765,[[0.43485611]],25
11.058823529411764,2.033725490196079,215882.35294117648,[[0.51517286]],25
16.07843137254902,2.3529411764705888,302352.9411764706,[[0.43888168]],25
4.0,2.490980392156863,72941.17647058824,[[0.00207273]],26
4.078431372549019,2.490980392156863,58823.529411764706,[[0.00029173]],26
5.96078431372549,2.577254901960784,381764.70588235295,[[0.60684563]],26
16.549019607843135,2.5254901960784317,64117.64705882353,[[0.32370483]],26
4.784313725490196,1.4039215686274509,72941.17647058824,[[0.23109225]],26
4.078431372549019,2.490980392156863,57058.82352941176,[[0.00043253]],26
7.843137254901961,3.0,58823.529411764706,[[0.03539351]],26
4.313725490196078,2.7843137254901964,127647.05882352941,[[0.01576689]],26
4.627450980392156,1.4039215686274509,71176.4705882353,[[0.19455669]],26
4.0,2.508235294117647,71176.4705882353,[[0.00021952]],26
21.88235294117647,3.0,215882.35294117648,[[0.29101051]],26
21.098039215686274,1.9905882352941178,233529.41176470587,[[0.46489541]],26
4.0,2.490980392156863,50000.0,[[0.00310753]],26
23.294117647058822,2.43921568627451,74705.88235294117,[[0.35119781]],26
4.078431372549019,2.508235294117647,57058.82352941176,[[0.00286552]],26
4.0,2.490980392156863,171764.70588235295,[[0.15316792]],26
4.0,2.508235294117647,72941.17647058824,[[0.00027943]],26
4.078431372549019,2.490980392156863,57058.82352941176,[[0.00043253]],26
4.078431372549019,2.490980392156863,150588.23529411765,[[0.1076019]],26
4.078431372549019,2.490980392156863,58823.529411764706,[[0.00029173]],26
12.235294117647058,2.490980392156863,57058.82352941176,[[0.28095558]],26
4.078431372549019,2.508235294117647,76470.58823529413,[[0.00118723]],26
4.0,2.508235294117647,71176.4705882353,[[0.00021952]],26
4.078431372549019,2.490980392156863,72941.17647058824,[[0.0028976]],26
9.098039215686274,2.490980392156863,113529.41176470587,[[0.23988281]],26
16.627450980392155,2.490980392156863,244117.64705882352,[[0.38679428]],26
14.196078431372548,2.490980392156863,62352.94117647059,[[0.31380765]],26
4.0,2.516862745098039,57058.82352941176,[[0.00448529]],26
4.078431372549019,2.490980392156863,171764.70588235295,[[0.15546094]],26
9.725490196078432,1.5333333333333334,90588.23529411765,[[0.59505265]],26
4.1568627450980395,2.6980392156862747,71176.4705882353,[[0.00535501]],26
4.0,2.508235294117647,402941.17647058825,[[0.94398741]],26
4.313725490196078,2.508235294117647,58823.529411764706,[[0.00048104]],26
11.529411764705882,2.490980392156863,50000.0,[[0.26140432]],26
23.058823529411764,2.0768627450980395,304117.6470588235,[[0.44418013]],26
4.0,2.508235294117647,58823.529411764706,[[0.00306322]],26
4.078431372549019,2.5254901960784317,71176.4705882353,[[0.00024362]],26
4.0,2.490980392156863,58823.529411764706,[[0.00047865]],26
4.078431372549019,2.490980392156863,58823.529411764706,[[0.00029173]],26
4.078431372549019,2.490980392156863,58823.529411764706,[[0.00029173]],26
4.0,2.508235294117647,71176.4705882353,[[0.00021952]],26
4.0,2.508235294117647,58823.529411764706,[[0.00306322]],26
7.450980392156863,2.4219607843137254,376470.5882352941,[[0.5925618]],26
15.607843137254902,2.0423529411764707,155882.35294117648,[[0.46814586]],26
4.0,2.490980392156863,58823.529411764706,[[0.00047865]],26
4.0,2.508235294117647,71176.4705882353,[[0.00021952]],26
4.0,2.836078431372549,58823.529411764706,[[0.04712901]],26
23.529411764705884,2.490980392156863,459411.76470588235,[[0.3934001]],26
4.078431372549019,2.490980392156863,58823.529411764706,[[0.00029173]],26
4.0,2.508235294117647,58823.529411764706,[[0.00306322]],26
4.0,2.767058823529412,71176.4705882353,[[0.01545137]],26
6.745098039215686,1.4125490196078432,203529.41176470587,[[0.79529031]],26
4.078431372549019,2.490980392156863,72941.17647058824,[[0.0028976]],26
4.0,2.508235294117647,113529.41176470587,[[0.02868063]],26
21.88235294117647,2.8878431372549027,272352.9411764706,[[0.3143892]],26
15.607843137254902,2.387450980392157,127647.05882352941,[[0.3719511]],26
8.156862745098039,2.283921568627451,104705.88235294117,[[0.26080957]],26
19.137254901960784,2.4650980392156865,228235.29411764705,[[0.38188033]],26
4.627450980392156,2.490980392156863,85294.11764705883,[[0.02357268]],26
18.588235294117645,2.154509803921569,95882.35294117648,[[0.41469201]],26
4.078431372549019,2.9568627450980394,256470.58823529413,[[0.22490783]],26
4.078431372549019,2.5254901960784317,58823.529411764706,[[0.0029211]],26
4.078431372549019,2.508235294117647,72941.17647058824,[[0.00050381]],26
4.078431372549019,2.508235294117647,72941.17647058824,[[0.00050381]],26
12.549019607843137,1.7662745098039219,353529.4117647059,[[0.70485216]],26
5.254901960784314,2.5254901960784317,71176.4705882353,[[0.0192108]],26
19.686274509803923,1.662745098039216,177058.82352941175,[[0.54157677]],26
4.0,2.508235294117647,127647.05882352941,[[0.04877626]],26
15.607843137254902,2.3184313725490195,127647.05882352941,[[0.38794503]],26
4.078431372549019,2.490980392156863,58823.529411764706,[[0.00029173]],26
21.647058823529413,2.516862745098039,244117.64705882352,[[0.36718855]],26
12.470588235294118,2.9568627450980394,272352.9411764706,[[0.27606972]],26
18.980392156862745,1.6541176470588237,452352.9411764706,[[0.62721077]],26
21.098039215686274,2.033725490196079,215882.35294117648,[[0.45275894]],26
4.078431372549019,2.9568627450980394,221176.4705882353,[[0.13371431]],26
11.843137254901961,2.490980392156863,85294.11764705883,[[0.28888459]],26
21.568627450980394,2.4996078431372553,222941.17647058822,[[0.36750065]],26
9.098039215686274,2.6635294117647064,62352.94117647059,[[0.1427102]],26
4.078431372549019,2.490980392156863,72941.17647058824,[[0.0028976]],26
4.078431372549019,2.490980392156863,58823.529411764706,[[0.00029173]],26
12.235294117647058,2.516862745098039,173529.4117647059,[[0.33234702]],26
4.078431372549019,2.490980392156863,72941.17647058824,[[0.0028976]],26
13.098039215686274,2.490980392156863,58823.529411764706,[[0.29728362]],26
4.0,2.68078431372549,448823.5294117647,[[1.08344773]],26
4.078431372549019,2.490980392156863,51764.705882352944,[[0.0015218]],26
4.078431372549019,2.516862745098039,383529.4117647059,[[0.85420628]],26
4.078431372549019,2.490980392156863,58823.529411764706,[[0.00029173]],26
4.0,2.508235294117647,58823.529411764706,[[0.00306322]],26
4.0,2.508235294117647,104705.88235294117,[[0.01854357]],26
4.0,2.508235294117647,57058.82352941176,[[0.00396152]],26
4.078431372549019,2.4823529411764707,87058.82352941176,[[0.01229302]],26
12.470588235294118,2.490980392156863,58823.529411764706,[[0.28641052]],26
8.07843137254902,2.68078431372549,447058.82352941175,[[0.54377518]],26
13.490196078431373,1.9043137254901963,69411.76470588235,[[0.46815417]],26
5.254901960784314,2.508235294117647,71176.4705882353,[[0.02127087]],26
4.0,2.508235294117647,71176.4705882353,[[0.00021952]],26
4.078431372549019,2.4564705882352946,58823.529411764706,[[0.00033707]],27
4.078431372549019,2.490980392156863,58823.529411764706,[[0.00029173]],27
4.078431372549019,2.5254901960784317,71176.4705882353,[[0.00024362]],27
9.098039215686274,2.490980392156863,113529.41176470587,[[0.23988281]],27
4.078431372549019,2.508235294117647,72941.17647058824,[[0.00050381]],27
4.078431372549019,2.490980392156863,72941.17647058824,[[0.0028976]],27
4.0,2.508235294117647,58823.529411764706,[[0.00306322]],27
14.196078431372548,2.490980392156863,62352.94117647059,[[0.31380765]],27
4.0,2.508235294117647,58823.529411764706,[[0.00306322]],27
4.078431372549019,2.111372549019608,113529.41176470587,[[0.10811268]],27
4.0,2.490980392156863,87058.82352941176,[[0.00998219]],27
4.627450980392156,2.490980392156863,57058.82352941176,[[0.00351052]],27
4.0,1.9388235294117648,71176.4705882353,[[0.05313025]],27
4.078431372549019,2.508235294117647,71176.4705882353,[[0.0003193]],27
4.078431372549019,2.629019607843137,57058.82352941176,[[0.01230427]],27
4.078431372549019,2.490980392156863,72941.17647058824,[[0.0028976]],27
17.333333333333336,1.3866666666666667,62352.94117647059,[[0.61472076]],27
4.078431372549019,2.490980392156863,58823.529411764706,[[0.00029173]],27
11.843137254901961,2.490980392156863,58823.529411764706,[[0.27370713]],27
4.9411764705882355,2.508235294117647,58823.529411764706,[[0.00509102]],27
4.078431372549019,2.508235294117647,71176.4705882353,[[0.0003193]],27
4.0,2.490980392156863,57058.82352941176,[[0.00076917]],27
4.0,2.508235294117647,72941.17647058824,[[0.00027943]],27
4.078431372549019,2.490980392156863,150588.23529411765,[[0.1076019]],27
4.0,2.508235294117647,72941.17647058824,[[0.00027943]],27
4.0,2.490980392156863,57058.82352941176,[[0.00076917]],27
4.0,2.508235294117647,58823.529411764706,[[0.00306322]],27
4.0,2.508235294117647,71176.4705882353,[[0.00021952]],27
4.078431372549019,2.9568627450980394,254705.88235294117,[[0.21994766]],27
4.0,2.508235294117647,72941.17647058824,[[0.00027943]],27
4.078431372549019,2.490980392156863,184117.64705882352,[[0.18620313]],27
16.549019607843135,2.508235294117647,58823.529411764706,[[0.32564664]],27
4.0,2.508235294117647,58823.529411764706,[[0.00306322]],27
16.549019607843135,2.5254901960784317,64117.64705882353,[[0.32370483]],27
4.0,2.508235294117647,57058.82352941176,[[0.00396152]],27
4.078431372549019,2.508235294117647,58823.529411764706,[[0.00213751]],27
4.0,2.490980392156863,171764.70588235295,[[0.15316792]],27
4.0,2.767058823529412,71176.4705882353,[[0.01545137]],27
12.470588235294118,2.767058823529412,284705.8823529412,[[0.32837751]],27
6.588235294117647,2.68078431372549,265294.1176470588,[[0.2988174]],27
4.078431372549019,2.490980392156863,58823.529411764706,[[0.00029173]],27
4.0,2.508235294117647,58823.529411764706,[[0.00306322]],27
4.078431372549019,2.490980392156863,71176.4705882353,[[0.00222534]],27
4.0,2.508235294117647,58823.529411764706,[[0.00306322]],27
14.03921568627451,2.490980392156863,71176.4705882353,[[0.31557877]],27
4.0,2.508235294117647,57058.82352941176,[[0.00396152]],27
4.0,2.508235294117647,64117.64705882353,[[0.00112419]],27
4.0,2.508235294117647,113529.41176470587,[[0.02868063]],27
7.450980392156863,2.9568627450980394,272352.9411764706,[[0.21907862]],27
9.098039215686274,2.490980392156863,72941.17647058824,[[0.20360819]],27
4.078431372549019,2.490980392156863,58823.529411764706,[[0.00029173]],27
4.078431372549019,2.508235294117647,76470.58823529413,[[0.00118723]],27
4.078431372549019,2.490980392156863,57058.82352941176,[[0.00043253]],27
4.0,2.490980392156863,51764.705882352944,[[0.00234215]],27
4.0,2.508235294117647,57058.82352941176,[[0.00396152]],27
4.0,2.508235294117647,57058.82352941176,[[0.00396152]],27
8.235294117647058,2.4047058823529417,447058.82352941175,[[0.67073743]],27
23.137254901960784,2.7152941176470593,74705.88235294117,[[0.31143937]],27
4.078431372549019,2.490980392156863,72941.17647058824,[[0.0028976]],27
4.078431372549019,2.490980392156863,51764.705882352944,[[0.0015218]],27
4.0,2.508235294117647,104705.88235294117,[[0.01854357]],27
4.0,2.490980392156863,58823.529411764706,[[0.00047865]],27
4.078431372549019,2.490980392156863,57058.82352941176,[[0.00043253]],27
4.078431372549019,2.490980392156863,58823.529411764706,[[0.00029173]],27
4.0,2.6980392156862747,71176.4705882353,[[0.0082477]],27
4.1568627450980395,2.516862745098039,57058.82352941176,[[0.00230445]],27
4.078431372549019,2.508235294117647,72941.17647058824,[[0.00050381]],27
4.078431372549019,2.508235294117647,57058.82352941176,[[0.00286552]],27
4.0,2.508235294117647,51764.705882352944,[[0.00744561]],27
4.0,2.490980392156863,57058.82352941176,[[0.00076917]],27
9.098039215686274,2.490980392156863,170000.0,[[0.2931718]],27
9.019607843137255,2.490980392156863,50000.0,[[0.18077776]],27
5.254901960784314,2.508235294117647,71176.4705882353,[[0.02127087]],27
4.627450980392156,1.55921568627451,282941.1764705882,[[0.71685699]],27
4.078431372549019,2.490980392156863,72941.17647058824,[[0.0028976]],27
4.078431372549019,2.490980392156863,58823.529411764706,[[0.00029173]],27
4.0,2.508235294117647,71176.4705882353,[[0.00021952]],27
4.078431372549019,2.490980392156863,58823.529411764706,[[0.00029173]],27
9.098039215686274,2.490980392156863,113529.41176470587,[[0.23988281]],27
4.078431372549019,2.490980392156863,57058.82352941176,[[0.00043253]],27
4.0,2.516862745098039,58823.529411764706,[[0.00351959]],27
4.0,2.490980392156863,57058.82352941176,[[0.00076917]],27
4.078431372549019,2.516862745098039,58823.529411764706,[[0.00251201]],27
4.0,1.3866666666666667,57058.82352941176,[[0.16606978]],27
4.0,2.508235294117647,72941.17647058824,[[0.00027943]],27
4.078431372549019,2.508235294117647,72941.17647058824,[[0.00050381]],27
4.078431372549019,2.490980392156863,50000.0,[[0.00211388]],27
4.078431372549019,2.508235294117647,58823.529411764706,[[0.00213751]],27
4.0,2.508235294117647,71176.4705882353,[[0.00021952]],27
4.078431372549019,2.490980392156863,150588.23529411765,[[0.1076019]],27
4.0,2.4996078431372553,50000.0,[[0.0035488]],27
9.098039215686274,2.490980392156863,115294.11764705883,[[0.24150035]],27
14.03921568627451,2.508235294117647,62352.94117647059,[[0.3031715]],27
16.627450980392155,2.542745098039216,64117.64705882353,[[0.32074908]],27
9.019607843137255,2.490980392156863,62352.94117647059,[[0.19139875]],27
4.078431372549019,2.68078431372549,58823.529411764706,[[0.01647013]],27
4.078431372549019,2.4564705882352946,58823.529411764706,[[0.00033707]],28
4.0,2.490980392156863,57058.82352941176,[[0.00076917]],28
4.078431372549019,2.516862745098039,58823.529411764706,[[0.00251201]],28
4.078431372549019,2.490980392156863,58823.529411764706,[[0.00029173]],28
4.078431372549019,2.490980392156863,57058.82352941176,[[0.00043253]],28
4.0,2.508235294117647,58823.529411764706,[[0.00306322]],28
4.078431372549019,2.490980392156863,58823.529411764706,[[0.00029173]],28
4.078431372549019,2.508235294117647,71176.4705882353,[[0.0003193]],28
4.0,2.508235294117647,57058.82352941176,[[0.00396152]],28
4.0,2.490980392156863,71176.4705882353,[[0.00151013]],28
4.0,2.508235294117647,58823.529411764706,[[0.00306322]],28
4.0,2.508235294117647,64117.64705882353,[[0.00112419]],28
4.0,2.508235294117647,58823.529411764706,[[0.00306322]],28
4.0,2.490980392156863,57058.82352941176,[[0.00076917]],28
4.078431372549019,2.508235294117647,57058.82352941176,[[0.00286552]],28
4.0,2.490980392156863,58823.529411764706,[[0.00047865]],28
4.0,2.4564705882352946,58823.529411764706,[[0.00022889]],28
4.078431372549019,2.508235294117647,58823.529411764706,[[0.00213751]],28
4.0,2.490980392156863,58823.529411764706,[[0.00047865]],28
4.078431372549019,2.508235294117647,57058.82352941176,[[0.00286552]],28
4.0,2.490980392156863,51764.705882352944,[[0.00234215]],28
4.078431372549019,2.490980392156863,58823.529411764706,[[0.00029173]],28
4.078431372549019,2.490980392156863,57058.82352941176,[[0.00043253]],28
4.078431372549019,2.490980392156863,58823.529411764706,[[0.00029173]],28
4.705882352941177,2.490980392156863,57058.82352941176,[[0.00476976]],28
5.254901960784314,2.508235294117647,71176.4705882353,[[0.02127087]],28
4.078431372549019,2.508235294117647,72941.17647058824,[[0.00050381]],28
4.0,2.490980392156863,57058.82352941176,[[0.00076917]],28
4.078431372549019,2.490980392156863,150588.23529411765,[[0.1076019]],28
4.078431372549019,2.490980392156863,72941.17647058824,[[0.0028976]],28
4.078431372549019,2.508235294117647,57058.82352941176,[[0.00286552]],28
4.0,2.508235294117647,71176.4705882353,[[0.00021952]],28
4.0,2.508235294117647,58823.529411764706,[[0.00306322]],28
4.0,2.490980392156863,87058.82352941176,[[0.00998219]],28
4.0,2.490980392156863,57058.82352941176,[[0.00076917]],28
4.078431372549019,2.508235294117647,72941.17647058824,[[0.00050381]],28
4.078431372549019,2.5254901960784317,71176.4705882353,[[0.00024362]],28
4.078431372549019,2.508235294117647,76470.58823529413,[[0.00118723]],28
4.078431372549019,2.490980392156863,76470.58823529413,[[0.0045227]],28
4.0,2.508235294117647,99411.76470588235,[[0.01343285]],28
4.078431372549019,2.490980392156863,72941.17647058824,[[0.0028976]],28
4.0,2.490980392156863,50000.0,[[0.00310753]],28
4.078431372549019,2.508235294117647,71176.4705882353,[[0.0003193]],28
4.0,2.508235294117647,57058.82352941176,[[0.00396152]],28
4.078431372549019,2.490980392156863,72941.17647058824,[[0.0028976]],28
4.0,2.490980392156863,57058.82352941176,[[0.00076917]],28
4.078431372549019,2.490980392156863,71176.4705882353,[[0.00222534]],28
4.0,2.508235294117647,72941.17647058824,[[0.00027943]],28
4.078431372549019,2.5858823529411765,57058.82352941176,[[0.00810529]],28
4.1568627450980395,2.4564705882352946,71176.4705882353,[[0.00487623]],28
4.0,2.56,57058.82352941176,[[0.00765051]],28
4.078431372549019,2.490980392156863,71176.4705882353,[[0.00222534]],28
4.0,2.508235294117647,72941.17647058824,[[0.00027943]],28
4.392156862745098,2.490980392156863,58823.529411764706,[[0.00151457]],28
4.0,2.490980392156863,162941.17647058825,[[0.13233095]],28
4.078431372549019,2.4996078431372553,71176.4705882353,[[0.00191237]],28
4.078431372549019,2.577254901960784,184117.64705882352,[[0.1505508]],28
4.078431372549019,2.490980392156863,58823.529411764706,[[0.00029173]],28
4.078431372549019,2.490980392156863,57058.82352941176,[[0.00043253]],28
4.078431372549019,2.508235294117647,58823.529411764706,[[0.00213751]],28
4.078431372549019,1.3866666666666667,58823.529411764706,[[0.17115574]],28
4.078431372549019,2.490980392156863,58823.529411764706,[[0.00029173]],28
14.03921568627451,2.6980392156862747,76470.58823529413,[[0.26720216]],28
4.0,2.508235294117647,57058.82352941176,[[0.00396152]],28
4.078431372549019,2.490980392156863,57058.82352941176,[[0.00043253]],28
4.0,2.490980392156863,57058.82352941176,[[0.00076917]],28
4.0,2.508235294117647,58823.529411764706,[[0.00306322]],28
5.333333333333333,2.516862745098039,72941.17647058824,[[0.02426825]],28
4.0,2.508235294117647,57058.82352941176,[[0.00396152]],28
4.0,2.508235294117647,104705.88235294117,[[0.01854357]],28
5.411764705882353,2.4564705882352946,57058.82352941176,[[0.02859014]],28
4.078431372549019,2.508235294117647,72941.17647058824,[[0.00050381]],28
4.078431372549019,2.490980392156863,72941.17647058824,[[0.0028976]],28
4.0,2.508235294117647,51764.705882352944,[[0.00744561]],28
11.843137254901961,2.490980392156863,58823.529411764706,[[0.27370713]],28
4.078431372549019,2.490980392156863,58823.529411764706,[[0.00029173]],28
14.03921568627451,2.508235294117647,62352.94117647059,[[0.3031715]],28
4.078431372549019,2.111372549019608,113529.41176470587,[[0.10811268]],28
4.0,2.490980392156863,76470.58823529413,[[0.00349165]],28
4.078431372549019,2.508235294117647,87058.82352941176,[[0.00562935]],28
5.254901960784314,2.508235294117647,71176.4705882353,[[0.02127087]],28
4.078431372549019,2.508235294117647,58823.529411764706,[[0.00213751]],28
4.078431372549019,2.508235294117647,71176.4705882353,[[0.0003193]],28
4.0,2.490980392156863,57058.82352941176,[[0.00076917]],28
4.078431372549019,2.68078431372549,64117.64705882353,[[0.01094995]],28
6.509803921568627,2.508235294117647,265294.1176470588,[[0.36844693]],28
4.078431372549019,2.490980392156863,58823.529411764706,[[0.00029173]],28
4.0,2.490980392156863,57058.82352941176,[[0.00076917]],28
4.0,2.508235294117647,72941.17647058824,[[0.00027943]],28
4.078431372549019,2.490980392156863,72941.17647058824,[[0.0028976]],28
4.0,2.508235294117647,71176.4705882353,[[0.00021952]],28
4.0,2.767058823529412,92352.94117647059,[[0.00112632]],28
4.078431372549019,2.490980392156863,57058.82352941176,[[0.00043253]],28
4.0,2.508235294117647,72941.17647058824,[[0.00027943]],28
4.078431372549019,2.490980392156863,72941.17647058824,[[0.0028976]],28
4.078431372549019,2.68078431372549,58823.529411764706,[[0.01647013]],28
4.078431372549019,2.508235294117647,58823.529411764706,[[0.00213751]],29
4.0,2.508235294117647,72941.17647058824,[[0.00027943]],29
4.078431372549019,2.508235294117647,72941.17647058824,[[0.00050381]],29
4.078431372549019,2.490980392156863,57058.82352941176,[[0.00043253]],29
4.078431372549019,2.490980392156863,58823.529411764706,[[0.00029173]],29
4.078431372549019,2.490980392156863,58823.529411764706,[[0.00029173]],29
4.0,2.490980392156863,57058.82352941176,[[0.00076917]],29
4.0,2.490980392156863,57058.82352941176,[[0.00076917]],29
4.078431372549019,2.490980392156863,51764.705882352944,[[0.0015218]],29
4.0,2.490980392156863,71176.4705882353,[[0.00151013]],29
4.0,2.4564705882352946,58823.529411764706,[[0.00022889]],29
4.078431372549019,2.490980392156863,72941.17647058824,[[0.0028976]],29
4.078431372549019,2.490980392156863,58823.529411764706,[[0.00029173]],29
4.078431372549019,2.490980392156863,72941.17647058824,[[0.0028976]],29
4.0,2.490980392156863,58823.529411764706,[[0.00047865]],29
4.0,2.508235294117647,57058.82352941176,[[0.00396152]],29
4.313725490196078,1.9043137254901963,284705.8823529412,[[0.64112264]],29
4.0,2.508235294117647,58823.529411764706,[[0.00306322]],29
4.078431372549019,2.490980392156863,297058.8235294118,[[0.53756796]],29
4.0,2.508235294117647,71176.4705882353,[[0.00021952]],29
4.078431372549019,2.508235294117647,71176.4705882353,[[0.0003193]],29
4.078431372549019,2.490980392156863,72941.17647058824,[[0.0028976]],29
4.078431372549019,2.508235294117647,72941.17647058824,[[0.00050381]],29
4.0,2.490980392156863,57058.82352941176,[[0.00076917]],29
4.078431372549019,2.508235294117647,71176.4705882353,[[0.0003193]],29
4.078431372549019,2.508235294117647,72941.17647058824,[[0.00050381]],29
4.078431372549019,2.490980392156863,57058.82352941176,[[0.00043253]],29
4.0,2.490980392156863,57058.82352941176,[[0.00076917]],29
4.0,2.508235294117647,72941.17647058824,[[0.00027943]],29
4.078431372549019,2.490980392156863,58823.529411764706,[[0.00029173]],29
4.0,2.490980392156863,57058.82352941176,[[0.00076917]],29
4.078431372549019,2.007843137254902,71176.4705882353,[[0.05027559]],29
5.333333333333333,2.4564705882352946,58823.529411764706,[[0.0271814]],29
4.0,2.490980392156863,58823.529411764706,[[0.00047865]],29
4.0,2.490980392156863,57058.82352941176,[[0.00076917]],29
4.0,2.508235294117647,72941.17647058824,[[0.00027943]],29
4.0,2.490980392156863,58823.529411764706,[[0.00047865]],29
4.078431372549019,2.490980392156863,57058.82352941176,[[0.00043253]],29
4.0,2.767058823529412,92352.94117647059,[[0.00112632]],29
4.078431372549019,2.490980392156863,58823.529411764706,[[0.00029173]],29
4.1568627450980395,2.4564705882352946,71176.4705882353,[[0.00487623]],29
4.0,2.508235294117647,71176.4705882353,[[0.00021952]],29
4.0,2.508235294117647,72941.17647058824,[[0.00027943]],29
4.0,2.508235294117647,71176.4705882353,[[0.00021952]],29
4.0,2.490980392156863,57058.82352941176,[[0.00076917]],29
4.0,2.508235294117647,57058.82352941176,[[0.00396152]],29
4.0,2.4564705882352946,58823.529411764706,[[0.00022889]],29
4.078431372549019,2.490980392156863,57058.82352941176,[[0.00043253]],29
4.078431372549019,2.508235294117647,72941.17647058824,[[0.00050381]],29
4.078431372549019,2.490980392156863,57058.82352941176,[[0.00043253]],29
4.078431372549019,2.508235294117647,57058.82352941176,[[0.00286552]],29
16.0,2.629019607843137,57058.82352941176,[[0.29678781]],29
4.0,2.508235294117647,71176.4705882353,[[0.00021952]],29
4.0,2.508235294117647,65882.35294117648,[[0.00072226]],29
4.0,2.490980392156863,71176.4705882353,[[0.00151013]],29
4.705882352941177,1.956078431372549,57058.82352941176,[[0.07891263]],29
4.0,2.508235294117647,64117.64705882353,[[0.00112419]],29
4.078431372549019,2.56,58823.529411764706,[[0.00490825]],29
4.078431372549019,2.508235294117647,72941.17647058824,[[0.00050381]],29
4.0,2.490980392156863,71176.4705882353,[[0.00151013]],29
4.0,2.490980392156863,57058.82352941176,[[0.00076917]],29
4.078431372549019,2.508235294117647,71176.4705882353,[[0.0003193]],29
4.078431372549019,2.490980392156863,58823.529411764706,[[0.00029173]],29
4.078431372549019,2.508235294117647,170000.0,[[0.13492827]],29
4.078431372549019,2.490980392156863,58823.529411764706,[[0.00029173]],29
4.078431372549019,2.490980392156863,58823.529411764706,[[0.00029173]],29
4.0,2.508235294117647,71176.4705882353,[[0.00021952]],29
4.0,2.490980392156863,57058.82352941176,[[0.00076917]],29
4.078431372549019,2.56,58823.529411764706,[[0.00490825]],29
4.078431372549019,2.4564705882352946,71176.4705882353,[[0.00373639]],29
4.078431372549019,2.5254901960784317,57058.82352941176,[[0.00377982]],29
4.078431372549019,2.508235294117647,71176.4705882353,[[0.0003193]],29
4.078431372549019,2.490980392156863,71176.4705882353,[[0.00222534]],29
4.078431372549019,2.490980392156863,58823.529411764706,[[0.00029173]],29
4.078431372549019,2.490980392156863,58823.529411764706,[[0.00029173]],29
4.078431372549019,2.508235294117647,71176.4705882353,[[0.0003193]],29
4.0,2.490980392156863,72941.17647058824,[[0.00207273]],29
4.0,2.508235294117647,57058.82352941176,[[0.00396152]],29
4.0,2.490980392156863,57058.82352941176,[[0.00076917]],29
4.078431372549019,1.956078431372549,57058.82352941176,[[0.03724998]],29
4.078431372549019,2.490980392156863,58823.529411764706,[[0.00029173]],29
4.0,2.4564705882352946,58823.529411764706,[[0.00022889]],29
4.0,2.490980392156863,58823.529411764706,[[0.00047865]],29
4.0,2.508235294117647,57058.82352941176,[[0.00396152]],29
4.078431372549019,2.4996078431372553,71176.4705882353,[[0.00191237]],29
4.0,2.767058823529412,92352.94117647059,[[0.00112632]],29
4.0,2.508235294117647,72941.17647058824,[[0.00027943]],29
4.078431372549019,2.508235294117647,58823.529411764706,[[0.00213751]],29
4.0,2.490980392156863,51764.705882352944,[[0.00234215]],29
4.078431372549019,2.68078431372549,58823.529411764706,[[0.01647013]],29
4.078431372549019,2.490980392156863,58823.529411764706,[[0.00029173]],29
4.0,2.508235294117647,71176.4705882353,[[0.00021952]],29
4.078431372549019,2.490980392156863,58823.529411764706,[[0.00029173]],29
4.0,2.490980392156863,57058.82352941176,[[0.00076917]],29
4.078431372549019,2.490980392156863,58823.529411764706,[[0.00029173]],29
4.0,2.56,57058.82352941176,[[0.00765051]],29
4.078431372549019,2.490980392156863,58823.529411764706,[[0.00029173]],30
4.0,2.490980392156863,57058.82352941176,[[0.00076917]],30
4.078431372549019,2.508235294117647,71176.4705882353,[[0.0003193]],30
4.0,2.490980392156863,58823.529411764706,[[0.00047865]],30
6.588235294117647,2.6462745098039218,72941.17647058824,[[0.05189182]],30
4.0,2.508235294117647,72941.17647058824,[[0.00027943]],30
4.0,2.490980392156863,57058.82352941176,[[0.00076917]],30
4.0,2.490980392156863,58823.529411764706,[[0.00047865]],30
4.0,2.508235294117647,64117.64705882353,[[0.00112419]],30
4.0,2.767058823529412,99411.76470588235,[[0.00026307]],30
4.078431372549019,2.490980392156863,57058.82352941176,[[0.00043253]],30
4.0,2.767058823529412,282941.1764705882,[[0.38252283]],30
4.078431372549019,2.490980392156863,58823.529411764706,[[0.00029173]],30
4.078431372549019,2.490980392156863,58823.529411764706,[[0.00029173]],30
4.078431372549019,2.490980392156863,57058.82352941176,[[0.00043253]],30
4.078431372549019,2.508235294117647,72941.17647058824,[[0.00050381]],30
4.078431372549019,2.490980392156863,57058.82352941176,[[0.00043253]],30
4.078431372549019,2.490980392156863,58823.529411764706,[[0.00029173]],30
4.0,2.7843137254901964,58823.529411764706,[[0.03633241]],30
4.0,2.4564705882352946,71176.4705882353,[[0.00276551]],30
4.078431372549019,2.490980392156863,58823.529411764706,[[0.00029173]],30
4.078431372549019,2.490980392156863,58823.529411764706,[[0.00029173]],30
4.0,2.508235294117647,71176.4705882353,[[0.00021952]],30
4.0,2.490980392156863,72941.17647058824,[[0.00207273]],30
4.078431372549019,2.490980392156863,57058.82352941176,[[0.00043253]],30
4.0,2.490980392156863,58823.529411764706,[[0.00047865]],30
4.078431372549019,2.508235294117647,71176.4705882353,[[0.0003193]],30
4.0,2.508235294117647,72941.17647058824,[[0.00027943]],30
4.078431372549019,2.508235294117647,71176.4705882353,[[0.0003193]],30
4.0,2.508235294117647,72941.17647058824,[[0.00027943]],30
4.078431372549019,2.490980392156863,58823.529411764706,[[0.00029173]],30
4.0,2.490980392156863,57058.82352941176,[[0.00076917]],30
4.0,2.508235294117647,57058.82352941176,[[0.00396152]],30
4.0,2.490980392156863,58823.529411764706,[[0.00047865]],30
4.0,2.508235294117647,71176.4705882353,[[0.00021952]],30
4.0,2.490980392156863,57058.82352941176,[[0.00076917]],30
4.0,2.508235294117647,72941.17647058824,[[0.00027943]],30
4.078431372549019,2.490980392156863,57058.82352941176,[[0.00043253]],30
4.0,2.490980392156863,57058.82352941176,[[0.00076917]],30
4.078431372549019,2.490980392156863,58823.529411764706,[[0.00029173]],30
4.0,2.629019607843137,57058.82352941176,[[0.01465044]],30
4.078431372549019,2.5254901960784317,57058.82352941176,[[0.00377982]],30
4.0,2.4564705882352946,71176.4705882353,[[0.00276551]],30
4.0,2.508235294117647,58823.529411764706,[[0.00306322]],30
4.078431372549019,2.490980392156863,58823.529411764706,[[0.00029173]],30
4.078431372549019,2.490980392156863,58823.529411764706,[[0.00029173]],30
4.0,2.490980392156863,57058.82352941176,[[0.00076917]],30
4.078431372549019,2.508235294117647,72941.17647058824,[[0.00050381]],30
4.0,2.490980392156863,71176.4705882353,[[0.00151013]],30
4.0,2.508235294117647,57058.82352941176,[[0.00396152]],30
4.0,2.508235294117647,71176.4705882353,[[0.00021952]],30
4.0,2.508235294117647,71176.4705882353,[[0.00021952]],30
4.0,2.508235294117647,51764.705882352944,[[0.00744561]],30
4.078431372549019,2.490980392156863,72941.17647058824,[[0.0028976]],30
4.0,2.490980392156863,71176.4705882353,[[0.00151013]],30
4.0,2.490980392156863,57058.82352941176,[[0.00076917]],30
4.078431372549019,2.508235294117647,58823.529411764706,[[0.00213751]],30
4.0,2.4564705882352946,72941.17647058824,[[0.00352849]],30
4.078431372549019,2.508235294117647,57058.82352941176,[[0.00286552]],30
4.0,2.490980392156863,71176.4705882353,[[0.00151013]],30
4.0,2.508235294117647,58823.529411764706,[[0.00306322]],30
4.078431372549019,2.508235294117647,71176.4705882353,[[0.0003193]],30
4.0,2.508235294117647,65882.35294117648,[[0.00072226]],30
4.078431372549019,2.490980392156863,57058.82352941176,[[0.00043253]],30
4.0,2.4564705882352946,58823.529411764706,[[0.00022889]],30
4.078431372549019,2.508235294117647,72941.17647058824,[[0.00050381]],30
4.0,2.490980392156863,72941.17647058824,[[0.00207273]],30
4.0,2.508235294117647,57058.82352941176,[[0.00396152]],30
4.0,2.490980392156863,58823.529411764706,[[0.00047865]],30
4.078431372549019,2.490980392156863,57058.82352941176,[[0.00043253]],30
4.078431372549019,2.490980392156863,58823.529411764706,[[0.00029173]],30
4.078431372549019,2.490980392156863,58823.529411764706,[[0.00029173]],30
4.0,2.490980392156863,58823.529411764706,[[0.00047865]],30
4.078431372549019,2.490980392156863,72941.17647058824,[[0.0028976]],30
4.078431372549019,2.629019607843137,57058.82352941176,[[0.01230427]],30
4.078431372549019,2.56,57058.82352941176,[[0.00603427]],30
4.078431372549019,2.4564705882352946,58823.529411764706,[[0.00033707]],30
4.0,2.6462745098039218,99411.76470588235,[[0.00329563]],30
4.0,2.4564705882352946,58823.529411764706,[[0.00022889]],30
4.0,2.508235294117647,71176.4705882353,[[0.00021952]],30
4.078431372549019,2.6462745098039218,58823.529411764706,[[0.01241816]],30
4.0,2.490980392156863,71176.4705882353,[[0.00151013]],30
4.078431372549019,2.490980392156863,58823.529411764706,[[0.00029173]],30
4.078431372549019,2.490980392156863,58823.529411764706,[[0.00029173]],30
4.0,2.490980392156863,72941.17647058824,[[0.00207273]],30
14.117647058823529,2.4996078431372553,57058.82352941176,[[0.30881471]],30
4.0,2.490980392156863,58823.529411764706,[[0.00047865]],30
4.078431372549019,2.4564705882352946,58823.529411764706,[[0.00033707]],30
4.0,2.508235294117647,57058.82352941176,[[0.00396152]],30
4.078431372549019,2.508235294117647,58823.529411764706,[[0.00213751]],30
4.0,2.490980392156863,57058.82352941176,[[0.00076917]],30
4.078431372549019,2.508235294117647,72941.17647058824,[[0.00050381]],30
4.078431372549019,2.490980392156863,58823.529411764706,[[0.00029173]],30
4.078431372549019,2.490980392156863,58823.529411764706,[[0.00029173]],30
4.0,2.767058823529412,71176.4705882353,[[0.01545137]],30
4.078431372549019,2.4996078431372553,92352.94117647059,[[0.01530769]],30
4.0,2.508235294117647,72941.17647058824,[[0.00027943]],31
4.078431372549019,2.490980392156863,58823.529411764706,[[0.00029173]],31
4.078431372549019,2.508235294117647,64117.64705882353,[[0.00067236]],31
4.0,2.6462745098039218,185882.35294117648,[[0.13559199]],31
4.0,2.490980392156863,72941.17647058824,[[0.00207273]],31
4.078431372549019,2.490980392156863,57058.82352941176,[[0.00043253]],31
4.078431372549019,2.490980392156863,58823.529411764706,[[0.00029173]],31
4.078431372549019,2.56,58823.529411764706,[[0.00490825]],31
4.078431372549019,2.508235294117647,71176.4705882353,[[0.0003193]],31
4.0,2.490980392156863,58823.529411764706,[[0.00047865]],31
4.078431372549019,2.508235294117647,58823.529411764706,[[0.00213751]],31
4.0,2.508235294117647,65882.35294117648,[[0.00072226]],31
4.078431372549019,2.508235294117647,58823.529411764706,[[0.00213751]],31
4.078431372549019,2.490980392156863,185882.35294117648,[[0.19075076]],31
4.078431372549019,2.490980392156863,58823.529411764706,[[0.00029173]],31
4.0,2.490980392156863,57058.82352941176,[[0.00076917]],31
4.0,2.508235294117647,71176.4705882353,[[0.00021952]],31
4.0,2.490980392156863,58823.529411764706,[[0.00047865]],31
4.0,2.508235294117647,72941.17647058824,[[0.00027943]],31
4.078431372549019,2.508235294117647,71176.4705882353,[[0.0003193]],31
4.078431372549019,2.490980392156863,58823.529411764706,[[0.00029173]],31
4.0,2.4564705882352946,72941.17647058824,[[0.00352849]],31
4.0,2.490980392156863,72941.17647058824,[[0.00207273]],31
4.0,2.508235294117647,71176.4705882353,[[0.00021952]],31
4.078431372549019,2.508235294117647,57058.82352941176,[[0.00286552]],31
7.764705882352941,2.490980392156863,71176.4705882353,[[0.14650044]],31
4.0,2.508235294117647,58823.529411764706,[[0.00306322]],31
4.0,2.490980392156863,65882.35294117648,[[0.00043056]],31
4.078431372549019,2.490980392156863,58823.529411764706,[[0.00029173]],31
4.078431372549019,2.490980392156863,57058.82352941176,[[0.00043253]],31
4.0,2.490980392156863,71176.4705882353,[[0.00151013]],31
4.0,2.508235294117647,58823.529411764706,[[0.00306322]],31
4.0,2.490980392156863,57058.82352941176,[[0.00076917]],31
4.0,2.767058823529412,99411.76470588235,[[0.00026307]],31
4.0,2.508235294117647,57058.82352941176,[[0.00396152]],31
4.0,2.490980392156863,72941.17647058824,[[0.00207273]],31
4.078431372549019,2.508235294117647,72941.17647058824,[[0.00050381]],31
4.0,2.4564705882352946,60588.23529411765,[[0.00027819]],31
4.0,2.490980392156863,72941.17647058824,[[0.00207273]],31
4.0,2.508235294117647,57058.82352941176,[[0.00396152]],31
4.0,2.490980392156863,72941.17647058824,[[0.00207273]],31
9.019607843137255,2.508235294117647,71176.4705882353,[[0.18469688]],31
4.078431372549019,2.508235294117647,72941.17647058824,[[0.00050381]],31
4.0,2.490980392156863,57058.82352941176,[[0.00076917]],31
4.0,2.508235294117647,71176.4705882353,[[0.00021952]],31
4.078431372549019,2.490980392156863,57058.82352941176,[[0.00043253]],31
4.0,2.508235294117647,72941.17647058824,[[0.00027943]],31
5.254901960784314,2.490980392156863,58823.529411764706,[[0.02012337]],31
4.078431372549019,2.508235294117647,65882.35294117648,[[0.00041661]],31
4.0,2.490980392156863,58823.529411764706,[[0.00047865]],31
4.0,2.508235294117647,57058.82352941176,[[0.00396152]],31
4.078431372549019,2.490980392156863,71176.4705882353,[[0.00222534]],31
4.0,2.508235294117647,72941.17647058824,[[0.00027943]],31
4.078431372549019,2.508235294117647,71176.4705882353,[[0.0003193]],31
4.0,2.4564705882352946,58823.529411764706,[[0.00022889]],31
4.0,2.508235294117647,71176.4705882353,[[0.00021952]],31
4.0,2.490980392156863,58823.529411764706,[[0.00047865]],31
4.078431372549019,2.490980392156863,58823.529411764706,[[0.00029173]],31
4.078431372549019,2.490980392156863,58823.529411764706,[[0.00029173]],31
4.235294117647059,2.490980392156863,62352.94117647059,[[0.0010801]],31
4.078431372549019,2.490980392156863,71176.4705882353,[[0.00222534]],31
4.078431372549019,2.490980392156863,58823.529411764706,[[0.00029173]],31
4.0,2.508235294117647,57058.82352941176,[[0.00396152]],31
4.0,2.4564705882352946,72941.17647058824,[[0.00352849]],31
4.0,2.490980392156863,58823.529411764706,[[0.00047865]],31
4.078431372549019,2.4564705882352946,58823.529411764706,[[0.00033707]],31
4.078431372549019,2.508235294117647,297058.8235294118,[[0.52370906]],31
4.0,2.490980392156863,58823.529411764706,[[0.00047865]],31
4.078431372549019,2.490980392156863,57058.82352941176,[[0.00043253]],31
4.078431372549019,2.490980392156863,58823.529411764706,[[0.00029173]],31
4.078431372549019,2.508235294117647,57058.82352941176,[[0.00286552]],31
4.0,2.490980392156863,58823.529411764706,[[0.00047865]],31
4.078431372549019,2.490980392156863,58823.529411764706,[[0.00029173]],31
4.078431372549019,2.490980392156863,58823.529411764706,[[0.00029173]],31
4.078431372549019,2.490980392156863,58823.529411764706,[[0.00029173]],31
4.0,2.490980392156863,58823.529411764706,[[0.00047865]],31
6.509803921568627,2.490980392156863,60588.23529411765,[[0.07513795]],31
4.0,2.490980392156863,72941.17647058824,[[0.00207273]],31
4.078431372549019,2.490980392156863,71176.4705882353,[[0.00222534]],31
4.627450980392156,2.508235294117647,171764.70588235295,[[0.15160003]],31
4.078431372549019,2.490980392156863,57058.82352941176,[[0.00043253]],31
4.0,2.490980392156863,58823.529411764706,[[0.00047865]],31
4.0,2.508235294117647,58823.529411764706,[[0.00306322]],31
4.078431372549019,2.629019607843137,58823.529411764706,[[0.01062039]],31
4.0,2.490980392156863,58823.529411764706,[[0.00047865]],31
4.078431372549019,2.490980392156863,58823.529411764706,[[0.00029173]],31
4.078431372549019,2.490980392156863,71176.4705882353,[[0.00222534]],31
4.0,2.508235294117647,71176.4705882353,[[0.00021952]],31
4.078431372549019,2.490980392156863,58823.529411764706,[[0.00029173]],31
4.078431372549019,2.490980392156863,57058.82352941176,[[0.00043253]],31
4.078431372549019,2.490980392156863,58823.529411764706,[[0.00029173]],31
4.078431372549019,2.490980392156863,58823.529411764706,[[0.00029173]],31
5.333333333333333,2.490980392156863,58823.529411764706,[[0.0227986]],31
4.0,2.508235294117647,71176.4705882353,[[0.00021952]],31
4.0,2.508235294117647,72941.17647058824,[[0.00027943]],31
4.0,2.490980392156863,71176.4705882353,[[0.00151013]],31
4.0,2.490980392156863,72941.17647058824,[[0.00207273]],32
5.254901960784314,2.508235294117647,57058.82352941176,[[0.01099517]],32
4.235294117647059,2.490980392156863,58823.529411764706,[[0.00049716]],32
4.078431372549019,2.490980392156863,62352.94117647059,[[0.00033195]],32
4.078431372549019,2.508235294117647,71176.4705882353,[[0.0003193]],32
4.0,2.508235294117647,58823.529411764706,[[0.00306322]],32
4.0,2.508235294117647,72941.17647058824,[[0.00027943]],32
4.0,2.490980392156863,58823.529411764706,[[0.00047865]],32
4.078431372549019,2.490980392156863,58823.529411764706,[[0.00029173]],32
4.0,2.629019607843137,58823.529411764706,[[0.01275986]],32
4.0,2.508235294117647,71176.4705882353,[[0.00021952]],32
4.078431372549019,2.508235294117647,72941.17647058824,[[0.00050381]],32
4.0,2.490980392156863,71176.4705882353,[[0.00151013]],32
4.078431372549019,2.490980392156863,71176.4705882353,[[0.00222534]],32
4.0,2.508235294117647,72941.17647058824,[[0.00027943]],32
4.078431372549019,2.490980392156863,57058.82352941176,[[0.00043253]],32
4.078431372549019,2.490980392156863,58823.529411764706,[[0.00029173]],32
4.078431372549019,2.508235294117647,72941.17647058824,[[0.00050381]],32
4.0,2.508235294117647,58823.529411764706,[[0.00306322]],32
4.0,2.490980392156863,71176.4705882353,[[0.00151013]],32
4.078431372549019,2.490980392156863,57058.82352941176,[[0.00043253]],32
4.078431372549019,2.490980392156863,57058.82352941176,[[0.00043253]],32
4.078431372549019,2.490980392156863,57058.82352941176,[[0.00043253]],32
4.078431372549019,2.490980392156863,58823.529411764706,[[0.00029173]],32
4.078431372549019,2.490980392156863,58823.529411764706,[[0.00029173]],32
4.0,2.508235294117647,72941.17647058824,[[0.00027943]],32
4.078431372549019,2.508235294117647,58823.529411764706,[[0.00213751]],32
4.078431372549019,2.490980392156863,64117.64705882353,[[0.00050927]],32
4.078431372549019,2.490980392156863,58823.529411764706,[[0.00029173]],32
4.078431372549019,2.490980392156863,58823.529411764706,[[0.00029173]],32
4.0,2.508235294117647,298823.5294117647,[[0.53236694]],32
4.078431372549019,2.490980392156863,57058.82352941176,[[0.00043253]],32
4.0,1.3866666666666667,58823.529411764706,[[0.17056206]],32
4.0,2.508235294117647,58823.529411764706,[[0.00306322]],32
4.078431372549019,2.508235294117647,72941.17647058824,[[0.00050381]],32
4.0,2.508235294117647,71176.4705882353,[[0.00021952]],32
4.0,2.508235294117647,72941.17647058824,[[0.00027943]],32
4.078431372549019,2.508235294117647,71176.4705882353,[[0.0003193]],32
4.078431372549019,2.490980392156863,58823.529411764706,[[0.00029173]],32
4.0,2.490980392156863,65882.35294117648,[[0.00043056]],32
4.0,1.4729411764705884,71176.4705882353,[[0.17024435]],32
4.0,2.508235294117647,74705.88235294117,[[0.00044978]],32
4.078431372549019,2.490980392156863,50000.0,[[0.00211388]],32
4.078431372549019,2.490980392156863,58823.529411764706,[[0.00029173]],32
4.078431372549019,2.490980392156863,58823.529411764706,[[0.00029173]],32
4.705882352941177,2.490980392156863,87058.82352941176,[[0.02790918]],32
4.0,2.490980392156863,72941.17647058824,[[0.00207273]],32
4.078431372549019,2.490980392156863,58823.529411764706,[[0.00029173]],32
4.078431372549019,2.490980392156863,58823.529411764706,[[0.00029173]],32
4.078431372549019,2.490980392156863,58823.529411764706,[[0.00029173]],32
4.0,2.767058823529412,99411.76470588235,[[0.00026307]],32
4.0,2.490980392156863,71176.4705882353,[[0.00151013]],32
4.078431372549019,2.508235294117647,58823.529411764706,[[0.00213751]],32
4.078431372549019,2.490980392156863,58823.529411764706,[[0.00029173]],32
4.078431372549019,2.490980392156863,58823.529411764706,[[0.00029173]],32
4.0,2.4564705882352946,72941.17647058824,[[0.00352849]],32
4.0,2.7843137254901964,71176.4705882353,[[0.01762925]],32
4.078431372549019,2.490980392156863,58823.529411764706,[[0.00029173]],32
4.078431372549019,2.490980392156863,58823.529411764706,[[0.00029173]],32
4.078431372549019,2.490980392156863,58823.529411764706,[[0.00029173]],32
4.0,2.508235294117647,57058.82352941176,[[0.00396152]],32
16.627450980392155,2.4564705882352946,72941.17647058824,[[0.34378581]],32
4.078431372549019,2.490980392156863,58823.529411764706,[[0.00029173]],32
4.0,2.508235294117647,72941.17647058824,[[0.00027943]],32
4.705882352941177,2.6462745098039218,290000.0,[[0.41101602]],32
4.0,2.490980392156863,87058.82352941176,[[0.00998219]],32
4.0,2.490980392156863,57058.82352941176,[[0.00076917]],32
4.078431372549019,2.490980392156863,72941.17647058824,[[0.0028976]],32
4.078431372549019,2.490980392156863,58823.529411764706,[[0.00029173]],32
4.078431372549019,2.490980392156863,58823.529411764706,[[0.00029173]],32
4.0,2.508235294117647,72941.17647058824,[[0.00027943]],32
4.0,2.490980392156863,72941.17647058824,[[0.00207273]],32
4.078431372549019,2.490980392156863,57058.82352941176,[[0.00043253]],32
4.078431372549019,2.508235294117647,71176.4705882353,[[0.0003193]],32
4.0,2.490980392156863,58823.529411764706,[[0.00047865]],32
4.078431372549019,2.490980392156863,58823.529411764706,[[0.00029173]],32
4.078431372549019,2.490980392156863,57058.82352941176,[[0.00043253]],32
4.078431372549019,2.490980392156863,58823.529411764706,[[0.00029173]],32
4.078431372549019,2.508235294117647,58823.529411764706,[[0.00213751]],32
4.078431372549019,2.490980392156863,58823.529411764706,[[0.00029173]],32
4.0,2.508235294117647,72941.17647058824,[[0.00027943]],32
4.0,2.508235294117647,71176.4705882353,[[0.00021952]],32
4.078431372549019,2.4564705882352946,58823.529411764706,[[0.00033707]],32
4.078431372549019,2.490980392156863,58823.529411764706,[[0.00029173]],32
4.078431372549019,2.490980392156863,58823.529411764706,[[0.00029173]],32
4.0,2.4564705882352946,60588.23529411765,[[0.00027819]],32
4.0,2.508235294117647,71176.4705882353,[[0.00021952]],32
4.0,2.490980392156863,58823.529411764706,[[0.00047865]],32
4.0,2.490980392156863,57058.82352941176,[[0.00076917]],32
4.078431372549019,2.490980392156863,57058.82352941176,[[0.00043253]],32
4.0,2.490980392156863,57058.82352941176,[[0.00076917]],32
4.078431372549019,2.490980392156863,71176.4705882353,[[0.00222534]],32
4.0,2.508235294117647,71176.4705882353,[[0.00021952]],32
4.0,2.508235294117647,71176.4705882353,[[0.00021952]],32
4.0,2.490980392156863,58823.529411764706,[[0.00047865]],32
20.941176470588236,2.490980392156863,58823.529411764706,[[0.34285445]],32
4.078431372549019,2.508235294117647,72941.17647058824,[[0.00050381]],33
4.0,2.490980392156863,58823.529411764706,[[0.00047865]],33
4.078431372549019,2.508235294117647,58823.529411764706,[[0.00213751]],33
4.078431372549019,2.490980392156863,72941.17647058824,[[0.0028976]],33
4.078431372549019,2.490980392156863,58823.529411764706,[[0.00029173]],33
4.078431372549019,2.490980392156863,58823.529411764706,[[0.00029173]],33
4.078431372549019,2.508235294117647,71176.4705882353,[[0.0003193]],33
4.0,2.508235294117647,72941.17647058824,[[0.00027943]],33
4.1568627450980395,2.508235294117647,60588.23529411765,[[0.0009433]],33
4.078431372549019,2.4996078431372553,57058.82352941176,[[0.00055125]],33
4.0,2.767058823529412,85294.11764705883,[[0.00385868]],33
4.078431372549019,2.490980392156863,72941.17647058824,[[0.0028976]],33
4.078431372549019,2.490980392156863,58823.529411764706,[[0.00029173]],33
4.078431372549019,2.490980392156863,58823.529411764706,[[0.00029173]],33
4.0,2.7843137254901964,72941.17647058824,[[0.01555827]],33
4.0,2.490980392156863,99411.76470588235,[[0.02145332]],33
4.078431372549019,2.490980392156863,58823.529411764706,[[0.00029173]],33
4.078431372549019,2.490980392156863,58823.529411764706,[[0.00029173]],33
4.078431372549019,2.490980392156863,57058.82352941176,[[0.00043253]],33
4.0,2.508235294117647,72941.17647058824,[[0.00027943]],33
4.078431372549019,2.4564705882352946,58823.529411764706,[[0.00033707]],33
4.0,2.490980392156863,60588.23529411765,[[0.00030152]],33
4.078431372549019,2.490980392156863,58823.529411764706,[[0.00029173]],33
4.0,2.508235294117647,72941.17647058824,[[0.00027943]],33
4.235294117647059,2.508235294117647,71176.4705882353,[[0.00099901]],33
4.0,2.490980392156863,58823.529411764706,[[0.00047865]],33
4.0,2.508235294117647,72941.17647058824,[[0.00027943]],33
4.078431372549019,2.490980392156863,57058.82352941176,[[0.00043253]],33
4.078431372549019,2.490980392156863,58823.529411764706,[[0.00029173]],33
14.431372549019608,1.9388235294117648,58823.529411764706,[[0.45633221]],33
4.078431372549019,2.490980392156863,71176.4705882353,[[0.00222534]],33
4.078431372549019,2.508235294117647,57058.82352941176,[[0.00286552]],33
4.078431372549019,2.508235294117647,71176.4705882353,[[0.0003193]],33
4.078431372549019,2.508235294117647,58823.529411764706,[[0.00213751]],33
4.705882352941177,2.490980392156863,57058.82352941176,[[0.00476976]],33
4.078431372549019,2.508235294117647,72941.17647058824,[[0.00050381]],33
4.078431372549019,2.490980392156863,58823.529411764706,[[0.00029173]],33
4.078431372549019,2.490980392156863,71176.4705882353,[[0.00222534]],33
4.078431372549019,2.490980392156863,58823.529411764706,[[0.00029173]],33
4.0,2.508235294117647,72941.17647058824,[[0.00027943]],33
4.0,2.508235294117647,72941.17647058824,[[0.00027943]],33
4.0,2.508235294117647,71176.4705882353,[[0.00021952]],33
4.078431372549019,2.490980392156863,58823.529411764706,[[0.00029173]],33
4.078431372549019,2.490980392156863,58823.529411764706,[[0.00029173]],33
4.078431372549019,2.490980392156863,71176.4705882353,[[0.00222534]],33
4.0,2.508235294117647,71176.4705882353,[[0.00021952]],33
4.0,2.508235294117647,71176.4705882353,[[0.00021952]],33
4.0,2.490980392156863,65882.35294117648,[[0.00043056]],33
4.0,2.508235294117647,71176.4705882353,[[0.00021952]],33
4.078431372549019,2.508235294117647,71176.4705882353,[[0.0003193]],33
4.0,2.508235294117647,58823.529411764706,[[0.00306322]],33
4.078431372549019,2.490980392156863,72941.17647058824,[[0.0028976]],33
4.0,2.490980392156863,65882.35294117648,[[0.00043056]],33
4.235294117647059,2.490980392156863,50000.0,[[0.00077012]],33
4.078431372549019,2.490980392156863,58823.529411764706,[[0.00029173]],33
4.078431372549019,2.490980392156863,58823.529411764706,[[0.00029173]],33
4.078431372549019,2.508235294117647,72941.17647058824,[[0.00050381]],33
4.0,2.508235294117647,72941.17647058824,[[0.00027943]],33
4.0,2.490980392156863,58823.529411764706,[[0.00047865]],33
4.235294117647059,2.490980392156863,58823.529411764706,[[0.00049716]],33
4.0,2.490980392156863,58823.529411764706,[[0.00047865]],33
4.0,2.490980392156863,87058.82352941176,[[0.00998219]],33
4.078431372549019,2.490980392156863,50000.0,[[0.00211388]],33
4.078431372549019,2.490980392156863,58823.529411764706,[[0.00029173]],33
4.078431372549019,2.490980392156863,71176.4705882353,[[0.00222534]],33
4.078431372549019,2.508235294117647,58823.529411764706,[[0.00213751]],33
4.078431372549019,2.508235294117647,72941.17647058824,[[0.00050381]],33
4.0,2.490980392156863,62352.94117647059,[[0.00023578]],33
4.078431372549019,2.490980392156863,58823.529411764706,[[0.00029173]],33
4.0,2.508235294117647,72941.17647058824,[[0.00027943]],33
4.0,2.508235294117647,72941.17647058824,[[0.00027943]],33
4.0,2.508235294117647,72941.17647058824,[[0.00027943]],33
4.078431372549019,2.490980392156863,58823.529411764706,[[0.00029173]],33
14.03921568627451,2.767058823529412,99411.76470588235,[[0.2616663]],33
4.078431372549019,2.490980392156863,58823.529411764706,[[0.00029173]],33
4.078431372549019,2.490980392156863,58823.529411764706,[[0.00029173]],33
4.078431372549019,2.490980392156863,58823.529411764706,[[0.00029173]],33
4.078431372549019,2.508235294117647,71176.4705882353,[[0.0003193]],33
4.078431372549019,2.490980392156863,99411.76470588235,[[0.02345122]],33
4.0,2.767058823529412,58823.529411764706,[[0.03306769]],33
4.078431372549019,2.490980392156863,57058.82352941176,[[0.00043253]],33
4.078431372549019,2.490980392156863,57058.82352941176,[[0.00043253]],33
4.0,2.490980392156863,57058.82352941176,[[0.00076917]],33
4.078431372549019,2.490980392156863,57058.82352941176,[[0.00043253]],33
4.0,2.490980392156863,57058.82352941176,[[0.00076917]],33
4.0,2.508235294117647,72941.17647058824,[[0.00027943]],33
4.078431372549019,2.4564705882352946,58823.529411764706,[[0.00033707]],33
4.078431372549019,2.490980392156863,58823.529411764706,[[0.00029173]],33
4.078431372549019,1.3866666666666667,58823.529411764706,[[0.17115574]],33
4.0,2.508235294117647,72941.17647058824,[[0.00027943]],33
4.0,2.767058823529412,99411.76470588235,[[0.00026307]],33
4.0,2.508235294117647,71176.4705882353,[[0.00021952]],33
4.078431372549019,2.490980392156863,71176.4705882353,[[0.00222534]],33
4.078431372549019,2.508235294117647,62352.94117647059,[[0.00104305]],33
4.078431372549019,2.490980392156863,57058.82352941176,[[0.00043253]],33
4.078431372549019,2.490980392156863,58823.529411764706,[[0.00029173]],33
4.0,2.490980392156863,72941.17647058824,[[0.00207273]],34
4.0,2.508235294117647,65882.35294117648,[[0.00072226]],34
4.0,2.508235294117647,72941.17647058824,[[0.00027943]],34
4.0,2.508235294117647,72941.17647058824,[[0.00027943]],34
4.0,2.490980392156863,62352.94117647059,[[0.00023578]],34
4.078431372549019,2.490980392156863,58823.529411764706,[[0.00029173]],34
4.0,2.490980392156863,76470.58823529413,[[0.00349165]],34
4.078431372549019,2.508235294117647,58823.529411764706,[[0.00213751]],34
4.0,1.662745098039216,71176.4705882353,[[0.11083565]],34
4.0,2.508235294117647,99411.76470588235,[[0.01343285]],34
4.078431372549019,2.490980392156863,57058.82352941176,[[0.00043253]],34
4.0,2.490980392156863,58823.529411764706,[[0.00047865]],34
4.235294117647059,2.490980392156863,65882.35294117648,[[0.0020392]],34
4.0,2.490980392156863,58823.529411764706,[[0.00047865]],34
4.078431372549019,2.490980392156863,58823.529411764706,[[0.00029173]],34
4.078431372549019,2.490980392156863,171764.70588235295,[[0.15546094]],34
4.0,2.490980392156863,65882.35294117648,[[0.00043056]],34
4.1568627450980395,2.490980392156863,69411.76470588235,[[0.00241866]],34
4.078431372549019,2.490980392156863,72941.17647058824,[[0.0028976]],34
4.0,2.508235294117647,57058.82352941176,[[0.00396152]],34
4.0,2.508235294117647,72941.17647058824,[[0.00027943]],34
4.078431372549019,2.490980392156863,58823.529411764706,[[0.00029173]],34
4.078431372549019,2.490980392156863,58823.529411764706,[[0.00029173]],34
4.078431372549019,2.490980392156863,58823.529411764706,[[0.00029173]],34
4.078431372549019,2.4564705882352946,58823.529411764706,[[0.00033707]],34
4.078431372549019,2.508235294117647,71176.4705882353,[[0.0003193]],34
4.078431372549019,2.490980392156863,58823.529411764706,[[0.00029173]],34
4.078431372549019,2.508235294117647,71176.4705882353,[[0.0003193]],34
4.0,2.508235294117647,72941.17647058824,[[0.00027943]],34
4.0,2.508235294117647,72941.17647058824,[[0.00027943]],34
4.078431372549019,2.490980392156863,58823.529411764706,[[0.00029173]],34
9.098039215686274,1.9388235294117648,58823.529411764706,[[0.36547271]],34
4.078431372549019,2.508235294117647,58823.529411764706,[[0.00213751]],34
4.0,2.490980392156863,72941.17647058824,[[0.00207273]],34
4.078431372549019,2.490980392156863,58823.529411764706,[[0.00029173]],34
4.078431372549019,2.508235294117647,72941.17647058824,[[0.00050381]],34
4.078431372549019,2.490980392156863,58823.529411764706,[[0.00029173]],34
4.0,2.490980392156863,58823.529411764706,[[0.00047865]],34
4.078431372549019,2.490980392156863,57058.82352941176,[[0.00043253]],34
4.0,1.3866666666666667,58823.529411764706,[[0.17056206]],34
4.0,2.508235294117647,58823.529411764706,[[0.00306322]],34
4.078431372549019,2.490980392156863,71176.4705882353,[[0.00222534]],34
4.078431372549019,2.490980392156863,58823.529411764706,[[0.00029173]],34
4.0,2.508235294117647,71176.4705882353,[[0.00021952]],34
4.078431372549019,2.490980392156863,58823.529411764706,[[0.00029173]],34
4.078431372549019,2.508235294117647,72941.17647058824,[[0.00050381]],34
4.078431372549019,2.490980392156863,72941.17647058824,[[0.0028976]],34
4.0,2.490980392156863,65882.35294117648,[[0.00043056]],34
4.0,2.490980392156863,57058.82352941176,[[0.00076917]],34
4.0,2.508235294117647,298823.5294117647,[[0.53236694]],34
4.0,2.508235294117647,71176.4705882353,[[0.00021952]],34
4.078431372549019,2.490980392156863,58823.529411764706,[[0.00029173]],34
4.0,2.508235294117647,72941.17647058824,[[0.00027943]],34
4.0,2.508235294117647,71176.4705882353,[[0.00021952]],34
4.078431372549019,2.508235294117647,71176.4705882353,[[0.0003193]],34
4.0,2.508235294117647,72941.17647058824,[[0.00027943]],34
4.0,2.508235294117647,58823.529411764706,[[0.00306322]],34
4.078431372549019,2.490980392156863,71176.4705882353,[[0.00222534]],34
4.078431372549019,2.4564705882352946,58823.529411764706,[[0.00033707]],34
4.078431372549019,2.490980392156863,58823.529411764706,[[0.00029173]],34
4.392156862745098,2.767058823529412,51764.705882352944,[[0.02471382]],34
4.078431372549019,2.508235294117647,72941.17647058824,[[0.00050381]],34
4.0,2.508235294117647,72941.17647058824,[[0.00027943]],34
4.078431372549019,2.490980392156863,58823.529411764706,[[0.00029173]],34
4.078431372549019,2.490980392156863,58823.529411764706,[[0.00029173]],34
4.078431372549019,2.490980392156863,58823.529411764706,[[0.00029173]],34
4.078431372549019,2.490980392156863,72941.17647058824,[[0.0028976]],34
4.0,2.508235294117647,58823.529411764706,[[0.00306322]],34
4.0,2.508235294117647,71176.4705882353,[[0.00021952]],34
4.078431372549019,2.490980392156863,76470.58823529413,[[0.0045227]],34
4.0,2.490980392156863,58823.529411764706,[[0.00047865]],34
4.078431372549019,2.490980392156863,65882.35294117648,[[0.000789]],34
4.0,2.490980392156863,62352.94117647059,[[0.00023578]],34
4.0,2.490980392156863,65882.35294117648,[[0.00043056]],34
4.0,2.490980392156863,71176.4705882353,[[0.00151013]],34
4.078431372549019,2.508235294117647,58823.529411764706,[[0.00213751]],34
4.078431372549019,2.490980392156863,58823.529411764706,[[0.00029173]],34
4.0,2.508235294117647,71176.4705882353,[[0.00021952]],34
4.078431372549019,2.508235294117647,62352.94117647059,[[0.00104305]],34
4.078431372549019,2.508235294117647,71176.4705882353,[[0.0003193]],34
4.078431372549019,2.508235294117647,71176.4705882353,[[0.0003193]],34
4.0,2.508235294117647,71176.4705882353,[[0.00021952]],34
4.078431372549019,2.516862745098039,58823.529411764706,[[0.00251201]],34
4.1568627450980395,2.490980392156863,60588.23529411765,[[0.00040265]],34
4.0,2.508235294117647,58823.529411764706,[[0.00306322]],34
4.078431372549019,2.490980392156863,71176.4705882353,[[0.00222534]],34
4.0,2.508235294117647,72941.17647058824,[[0.00027943]],34
4.078431372549019,2.490980392156863,57058.82352941176,[[0.00043253]],34
4.078431372549019,2.490980392156863,71176.4705882353,[[0.00222534]],34
4.078431372549019,2.490980392156863,58823.529411764706,[[0.00029173]],34
4.0,2.490980392156863,62352.94117647059,[[0.00023578]],34
4.078431372549019,2.490980392156863,58823.529411764706,[[0.00029173]],34
4.0,2.490980392156863,58823.529411764706,[[0.00047865]],34
4.078431372549019,2.508235294117647,58823.529411764706,[[0.00213751]],34
4.0,2.490980392156863,57058.82352941176,[[0.00076917]],34
4.078431372549019,2.508235294117647,72941.17647058824,[[0.00050381]],34
4.078431372549019,2.490980392156863,58823.529411764706,[[0.00029173]],35
4.078431372549019,2.490980392156863,58823.529411764706,[[0.00029173]],35
4.078431372549019,2.490980392156863,58823.529411764706,[[0.00029173]],35
4.0,2.508235294117647,71176.4705882353,[[0.00021952]],35
4.078431372549019,2.508235294117647,72941.17647058824,[[0.00050381]],35
4.078431372549019,2.490980392156863,57058.82352941176,[[0.00043253]],35
5.254901960784314,2.508235294117647,72941.17647058824,[[0.02277498]],35
4.0,2.490980392156863,57058.82352941176,[[0.00076917]],35
4.0,2.508235294117647,72941.17647058824,[[0.00027943]],35
4.0,1.4039215686274509,185882.35294117648,[[0.54373607]],35
4.078431372549019,2.490980392156863,58823.529411764706,[[0.00029173]],35
4.078431372549019,2.490980392156863,58823.529411764706,[[0.00029173]],35
4.078431372549019,2.490980392156863,58823.529411764706,[[0.00029173]],35
4.078431372549019,2.490980392156863,71176.4705882353,[[0.00222534]],35
4.078431372549019,2.508235294117647,58823.529411764706,[[0.00213751]],35
4.0,2.490980392156863,55294.117647058825,[[0.00117517]],35
4.078431372549019,2.508235294117647,72941.17647058824,[[0.00050381]],35
4.078431372549019,2.490980392156863,65882.35294117648,[[0.000789]],35
4.0,2.508235294117647,71176.4705882353,[[0.00021952]],35
4.078431372549019,2.508235294117647,71176.4705882353,[[0.0003193]],35
4.0,2.508235294117647,72941.17647058824,[[0.00027943]],35
4.0,2.490980392156863,62352.94117647059,[[0.00023578]],35
4.0,2.490980392156863,71176.4705882353,[[0.00151013]],35
4.078431372549019,2.490980392156863,284705.8823529412,[[0.49428782]],35
4.0,2.490980392156863,65882.35294117648,[[0.00043056]],35
4.078431372549019,2.490980392156863,58823.529411764706,[[0.00029173]],35
4.078431372549019,2.490980392156863,58823.529411764706,[[0.00029173]],35
4.0,2.490980392156863,57058.82352941176,[[0.00076917]],35
4.0,2.490980392156863,71176.4705882353,[[0.00151013]],35
4.0,2.508235294117647,72941.17647058824,[[0.00027943]],35
4.078431372549019,2.490980392156863,65882.35294117648,[[0.000789]],35
4.078431372549019,2.490980392156863,58823.529411764706,[[0.00029173]],35
4.078431372549019,2.490980392156863,57058.82352941176,[[0.00043253]],35
4.0,2.508235294117647,71176.4705882353,[[0.00021952]],35
4.0,2.508235294117647,72941.17647058824,[[0.00027943]],35
4.078431372549019,2.490980392156863,57058.82352941176,[[0.00043253]],35
9.098039215686274,2.508235294117647,298823.5294117647,[[0.41063121]],35
6.588235294117647,2.490980392156863,171764.70588235295,[[0.2271535]],35
4.0,2.508235294117647,71176.4705882353,[[0.00021952]],35
4.0,1.3694117647058826,72941.17647058824,[[0.21474617]],35
4.0,2.508235294117647,72941.17647058824,[[0.00027943]],35
4.0,1.3866666666666667,58823.529411764706,[[0.17056206]],35
4.0,2.508235294117647,71176.4705882353,[[0.00021952]],35
4.078431372549019,2.508235294117647,72941.17647058824,[[0.00050381]],35
4.078431372549019,2.490980392156863,58823.529411764706,[[0.00029173]],35
4.0,2.490980392156863,58823.529411764706,[[0.00047865]],35
4.0,2.490980392156863,58823.529411764706,[[0.00047865]],35
4.0,2.508235294117647,58823.529411764706,[[0.00306322]],35
4.0,2.508235294117647,71176.4705882353,[[0.00021952]],35
4.0,2.490980392156863,62352.94117647059,[[0.00023578]],35
4.078431372549019,2.508235294117647,71176.4705882353,[[0.0003193]],35
4.0,2.508235294117647,72941.17647058824,[[0.00027943]],35
4.078431372549019,2.490980392156863,58823.529411764706,[[0.00029173]],35
4.0,2.490980392156863,65882.35294117648,[[0.00043056]],35
4.078431372549019,2.508235294117647,62352.94117647059,[[0.00104305]],35
4.0,2.508235294117647,58823.529411764706,[[0.00306322]],35
4.078431372549019,2.490980392156863,58823.529411764706,[[0.00029173]],35
4.078431372549019,2.490980392156863,72941.17647058824,[[0.0028976]],35
4.078431372549019,2.490980392156863,58823.529411764706,[[0.00029173]],35
4.078431372549019,2.508235294117647,72941.17647058824,[[0.00050381]],35
4.0,2.490980392156863,58823.529411764706,[[0.00047865]],35
4.078431372549019,2.490980392156863,65882.35294117648,[[0.000789]],35
4.078431372549019,2.508235294117647,57058.82352941176,[[0.00286552]],35
4.078431372549019,2.490980392156863,72941.17647058824,[[0.0028976]],35
4.0,2.508235294117647,72941.17647058824,[[0.00027943]],35
4.0,2.508235294117647,72941.17647058824,[[0.00027943]],35
4.078431372549019,2.508235294117647,62352.94117647059,[[0.00104305]],35
4.0,1.3694117647058826,72941.17647058824,[[0.21474617]],35
4.0,2.508235294117647,71176.4705882353,[[0.00021952]],35
4.078431372549019,2.56,72941.17647058824,[[0.00030456]],35
4.0,2.490980392156863,57058.82352941176,[[0.00076917]],35
4.0,2.490980392156863,62352.94117647059,[[0.00023578]],35
9.019607843137255,2.4737254901960783,71176.4705882353,[[0.2036804]],35
4.078431372549019,2.508235294117647,71176.4705882353,[[0.0003193]],35
4.078431372549019,2.490980392156863,58823.529411764706,[[0.00029173]],35
4.078431372549019,2.490980392156863,58823.529411764706,[[0.00029173]],35
4.0,2.490980392156863,57058.82352941176,[[0.00076917]],35
4.078431372549019,2.508235294117647,71176.4705882353,[[0.0003193]],35
4.078431372549019,2.508235294117647,72941.17647058824,[[0.00050381]],35
4.0,2.508235294117647,72941.17647058824,[[0.00027943]],35
4.078431372549019,2.490980392156863,58823.529411764706,[[0.00029173]],35
4.078431372549019,2.490980392156863,72941.17647058824,[[0.0028976]],35
5.254901960784314,2.508235294117647,71176.4705882353,[[0.02127087]],35
4.0,2.508235294117647,72941.17647058824,[[0.00027943]],35
4.0,2.508235294117647,72941.17647058824,[[0.00027943]],35
4.392156862745098,2.629019607843137,50000.0,[[0.00959119]],35
4.0,2.508235294117647,72941.17647058824,[[0.00027943]],35
4.078431372549019,2.767058823529412,58823.529411764706,[[0.02933126]],35
4.078431372549019,2.508235294117647,58823.529411764706,[[0.00213751]],35
4.0,2.490980392156863,353529.4117647059,[[0.74989158]],35
4.078431372549019,2.490980392156863,72941.17647058824,[[0.0028976]],35
4.0,2.490980392156863,51764.705882352944,[[0.00234215]],35
4.0,2.490980392156863,65882.35294117648,[[0.00043056]],35
4.0,2.490980392156863,74705.88235294117,[[0.00273379]],35
4.078431372549019,2.490980392156863,71176.4705882353,[[0.00222534]],35
4.078431372549019,2.490980392156863,58823.529411764706,[[0.00029173]],35
4.0,2.490980392156863,71176.4705882353,[[0.00151013]],36
4.0,2.508235294117647,57058.82352941176,[[0.00396152]],36
4.0,2.490980392156863,71176.4705882353,[[0.00151013]],36
4.0,2.508235294117647,65882.35294117648,[[0.00072226]],36
4.078431372549019,2.508235294117647,58823.529411764706,[[0.00213751]],36
4.0,2.508235294117647,72941.17647058824,[[0.00027943]],36
4.078431372549019,2.490980392156863,58823.529411764706,[[0.00029173]],36
4.078431372549019,2.56,72941.17647058824,[[0.00030456]],36
4.078431372549019,2.508235294117647,58823.529411764706,[[0.00213751]],36
4.0,2.490980392156863,71176.4705882353,[[0.00151013]],36
4.0,2.490980392156863,58823.529411764706,[[0.00047865]],36
4.078431372549019,2.490980392156863,58823.529411764706,[[0.00029173]],36
4.0,2.490980392156863,58823.529411764706,[[0.00047865]],36
4.0,2.490980392156863,57058.82352941176,[[0.00076917]],36
4.078431372549019,2.508235294117647,71176.4705882353,[[0.0003193]],36
4.0,2.490980392156863,71176.4705882353,[[0.00151013]],36
4.0,2.508235294117647,72941.17647058824,[[0.00027943]],36
4.0,2.508235294117647,71176.4705882353,[[0.00021952]],36
4.0,2.508235294117647,72941.17647058824,[[0.00027943]],36
4.0,2.508235294117647,71176.4705882353,[[0.00021952]],36
4.0,2.508235294117647,72941.17647058824,[[0.00027943]],36
4.078431372549019,2.508235294117647,72941.17647058824,[[0.00050381]],36
4.078431372549019,2.490980392156863,65882.35294117648,[[0.000789]],36
4.078431372549019,2.508235294117647,72941.17647058824,[[0.00050381]],36
4.0,2.508235294117647,71176.4705882353,[[0.00021952]],36
4.0,2.508235294117647,71176.4705882353,[[0.00021952]],36
4.078431372549019,2.508235294117647,71176.4705882353,[[0.0003193]],36
6.588235294117647,2.490980392156863,171764.70588235295,[[0.2271535]],36
4.078431372549019,2.490980392156863,58823.529411764706,[[0.00029173]],36
4.078431372549019,2.490980392156863,58823.529411764706,[[0.00029173]],36
4.0,2.490980392156863,58823.529411764706,[[0.00047865]],36
4.078431372549019,2.508235294117647,72941.17647058824,[[0.00050381]],36
4.078431372549019,2.508235294117647,57058.82352941176,[[0.00286552]],36
4.0,2.490980392156863,57058.82352941176,[[0.00076917]],36
5.333333333333333,2.508235294117647,71176.4705882353,[[0.02384885]],36
4.0,2.490980392156863,58823.529411764706,[[0.00047865]],36
4.0,2.508235294117647,71176.4705882353,[[0.00021952]],36
5.254901960784314,2.508235294117647,72941.17647058824,[[0.02277498]],36
4.0,2.490980392156863,58823.529411764706,[[0.00047865]],36
4.078431372549019,2.508235294117647,72941.17647058824,[[0.00050381]],36
4.0,2.490980392156863,58823.529411764706,[[0.00047865]],36
4.078431372549019,2.508235294117647,72941.17647058824,[[0.00050381]],36
4.0,2.508235294117647,58823.529411764706,[[0.00306322]],36
4.078431372549019,2.490980392156863,58823.529411764706,[[0.00029173]],36
4.0,2.508235294117647,72941.17647058824,[[0.00027943]],36
4.0,2.508235294117647,71176.4705882353,[[0.00021952]],36
4.0,2.508235294117647,71176.4705882353,[[0.00021952]],36
4.0,2.508235294117647,72941.17647058824,[[0.00027943]],36
4.0,2.508235294117647,58823.529411764706,[[0.00306322]],36
4.0,2.490980392156863,71176.4705882353,[[0.00151013]],36
5.96078431372549,2.490980392156863,58823.529411764706,[[0.04759038]],36
4.078431372549019,2.490980392156863,58823.529411764706,[[0.00029173]],36
4.0,2.508235294117647,71176.4705882353,[[0.00021952]],36
4.0,2.508235294117647,72941.17647058824,[[0.00027943]],36
4.078431372549019,2.508235294117647,62352.94117647059,[[0.00104305]],36
4.078431372549019,2.508235294117647,58823.529411764706,[[0.00213751]],36
4.0,2.508235294117647,72941.17647058824,[[0.00027943]],36
4.078431372549019,2.490980392156863,58823.529411764706,[[0.00029173]],36
4.0,2.508235294117647,71176.4705882353,[[0.00021952]],36
4.0,2.508235294117647,72941.17647058824,[[0.00027943]],36
4.078431372549019,2.508235294117647,71176.4705882353,[[0.0003193]],36
4.0,2.3011764705882354,129411.76470588235,[[0.10004526]],36
4.078431372549019,2.490980392156863,58823.529411764706,[[0.00029173]],36
4.235294117647059,2.490980392156863,58823.529411764706,[[0.00049716]],36
4.078431372549019,2.490980392156863,72941.17647058824,[[0.0028976]],36
4.078431372549019,2.508235294117647,72941.17647058824,[[0.00050381]],36
4.0,2.508235294117647,72941.17647058824,[[0.00027943]],36
4.0,2.508235294117647,71176.4705882353,[[0.00021952]],36
4.078431372549019,2.490980392156863,57058.82352941176,[[0.00043253]],36
4.0,2.508235294117647,72941.17647058824,[[0.00027943]],36
4.078431372549019,2.490980392156863,58823.529411764706,[[0.00029173]],36
4.078431372549019,2.490980392156863,58823.529411764706,[[0.00029173]],36
4.0,2.490980392156863,58823.529411764706,[[0.00047865]],36
4.078431372549019,2.508235294117647,72941.17647058824,[[0.00050381]],36
4.078431372549019,2.508235294117647,58823.529411764706,[[0.00213751]],36
4.0,2.490980392156863,72941.17647058824,[[0.00207273]],36
4.0,2.490980392156863,58823.529411764706,[[0.00047865]],36
4.078431372549019,2.490980392156863,58823.529411764706,[[0.00029173]],36
4.078431372549019,2.490980392156863,118823.5294117647,[[0.04935424]],36
4.0,2.490980392156863,58823.529411764706,[[0.00047865]],36
14.03921568627451,2.767058823529412,178823.5294117647,[[0.29230425]],36
4.078431372549019,2.508235294117647,71176.4705882353,[[0.0003193]],36
4.0,2.508235294117647,71176.4705882353,[[0.00021952]],36
4.078431372549019,2.508235294117647,62352.94117647059,[[0.00104305]],36
4.078431372549019,2.490980392156863,58823.529411764706,[[0.00029173]],36
4.078431372549019,2.490980392156863,72941.17647058824,[[0.0028976]],36
4.0,2.490980392156863,72941.17647058824,[[0.00207273]],36
4.078431372549019,2.508235294117647,72941.17647058824,[[0.00050381]],36
4.078431372549019,2.490980392156863,62352.94117647059,[[0.00033195]],36
4.0,2.490980392156863,72941.17647058824,[[0.00207273]],36
4.0,2.508235294117647,71176.4705882353,[[0.00021952]],36
4.0,2.508235294117647,57058.82352941176,[[0.00396152]],36
4.078431372549019,2.490980392156863,58823.529411764706,[[0.00029173]],36
4.078431372549019,2.508235294117647,65882.35294117648,[[0.00041661]],36
4.0,2.490980392156863,58823.529411764706,[[0.00047865]],36
4.078431372549019,2.508235294117647,71176.4705882353,[[0.0003193]],36
4.0,2.508235294117647,58823.529411764706,[[0.00306322]],37
4.0,2.490980392156863,72941.17647058824,[[0.00207273]],37
4.078431372549019,2.490980392156863,58823.529411764706,[[0.00029173]],37
4.235294117647059,2.490980392156863,58823.529411764706,[[0.00049716]],37
4.078431372549019,2.490980392156863,58823.529411764706,[[0.00029173]],37
4.0,2.490980392156863,57058.82352941176,[[0.00076917]],37
4.0,2.508235294117647,71176.4705882353,[[0.00021952]],37
4.078431372549019,2.508235294117647,71176.4705882353,[[0.0003193]],37
4.078431372549019,2.508235294117647,71176.4705882353,[[0.0003193]],37
4.0,2.508235294117647,62352.94117647059,[[0.00164684]],37
4.0,2.508235294117647,72941.17647058824,[[0.00027943]],37
4.0,2.508235294117647,72941.17647058824,[[0.00027943]],37
4.0,2.490980392156863,58823.529411764706,[[0.00047865]],37
4.0,2.508235294117647,72941.17647058824,[[0.00027943]],37
4.078431372549019,2.508235294117647,58823.529411764706,[[0.00213751]],37
4.078431372549019,2.7843137254901964,72941.17647058824,[[0.01340561]],37
4.078431372549019,2.490980392156863,58823.529411764706,[[0.00029173]],37
4.0,2.508235294117647,72941.17647058824,[[0.00027943]],37
4.0,2.508235294117647,71176.4705882353,[[0.00021952]],37
4.0,1.4729411764705884,71176.4705882353,[[0.17024435]],37
4.078431372549019,2.508235294117647,58823.529411764706,[[0.00213751]],37
4.0,2.490980392156863,71176.4705882353,[[0.00151013]],37
4.078431372549019,2.508235294117647,71176.4705882353,[[0.0003193]],37
4.0,2.490980392156863,58823.529411764706,[[0.00047865]],37
4.0,2.508235294117647,72941.17647058824,[[0.00027943]],37
4.0,2.508235294117647,71176.4705882353,[[0.00021952]],37
4.078431372549019,2.490980392156863,58823.529411764706,[[0.00029173]],37
9.019607843137255,2.508235294117647,71176.4705882353,[[0.18469688]],37
4.0,2.490980392156863,58823.529411764706,[[0.00047865]],37
4.0,2.508235294117647,71176.4705882353,[[0.00021952]],37
4.0,2.490980392156863,58823.529411764706,[[0.00047865]],37
4.078431372549019,2.490980392156863,58823.529411764706,[[0.00029173]],37
4.078431372549019,2.490980392156863,71176.4705882353,[[0.00222534]],37
4.0,2.508235294117647,58823.529411764706,[[0.00306322]],37
4.078431372549019,2.508235294117647,65882.35294117648,[[0.00041661]],37
4.0,2.508235294117647,72941.17647058824,[[0.00027943]],37
4.0,2.508235294117647,71176.4705882353,[[0.00021952]],37
4.313725490196078,2.508235294117647,71176.4705882353,[[0.00159085]],37
4.078431372549019,2.490980392156863,58823.529411764706,[[0.00029173]],37
4.0,2.490980392156863,58823.529411764706,[[0.00047865]],37
4.0,2.508235294117647,71176.4705882353,[[0.00021952]],37
4.078431372549019,2.508235294117647,72941.17647058824,[[0.00050381]],37
4.078431372549019,2.508235294117647,72941.17647058824,[[0.00050381]],37
4.0,2.508235294117647,71176.4705882353,[[0.00021952]],37
4.0,2.508235294117647,72941.17647058824,[[0.00027943]],37
4.0,2.508235294117647,72941.17647058824,[[0.00027943]],37
4.078431372549019,2.56,72941.17647058824,[[0.00030456]],37
4.078431372549019,2.508235294117647,72941.17647058824,[[0.00050381]],37
4.0,2.508235294117647,71176.4705882353,[[0.00021952]],37
4.078431372549019,2.490980392156863,72941.17647058824,[[0.0028976]],37
4.0,2.508235294117647,58823.529411764706,[[0.00306322]],37
4.078431372549019,2.490980392156863,72941.17647058824,[[0.0028976]],37
4.0,2.490980392156863,58823.529411764706,[[0.00047865]],37
4.705882352941177,2.508235294117647,76470.58823529413,[[0.010211]],37
4.0,2.490980392156863,58823.529411764706,[[0.00047865]],37
4.078431372549019,2.508235294117647,58823.529411764706,[[0.00213751]],37
4.078431372549019,2.508235294117647,64117.64705882353,[[0.00067236]],37
4.0,2.508235294117647,72941.17647058824,[[0.00027943]],37
4.078431372549019,2.508235294117647,71176.4705882353,[[0.0003193]],37
4.0,2.508235294117647,71176.4705882353,[[0.00021952]],37
4.0,2.490980392156863,58823.529411764706,[[0.00047865]],37
4.0,2.490980392156863,58823.529411764706,[[0.00047865]],37
4.078431372549019,2.490980392156863,58823.529411764706,[[0.00029173]],37
4.078431372549019,2.508235294117647,58823.529411764706,[[0.00213751]],37
4.0,2.508235294117647,58823.529411764706,[[0.00306322]],37
4.078431372549019,2.490980392156863,72941.17647058824,[[0.0028976]],37
4.0,2.490980392156863,65882.35294117648,[[0.00043056]],37
4.078431372549019,2.508235294117647,58823.529411764706,[[0.00213751]],37
4.078431372549019,2.490980392156863,58823.529411764706,[[0.00029173]],37
4.0,2.490980392156863,58823.529411764706,[[0.00047865]],37
4.078431372549019,2.508235294117647,58823.529411764706,[[0.00213751]],37
4.078431372549019,2.490980392156863,71176.4705882353,[[0.00222534]],37
4.078431372549019,2.490980392156863,58823.529411764706,[[0.00029173]],37
4.0,2.577254901960784,72941.17647058824,[[0.00081122]],37
4.0,2.508235294117647,72941.17647058824,[[0.00027943]],37
4.078431372549019,2.508235294117647,72941.17647058824,[[0.00050381]],37
4.078431372549019,2.508235294117647,72941.17647058824,[[0.00050381]],37
4.078431372549019,2.508235294117647,71176.4705882353,[[0.0003193]],37
4.078431372549019,2.490980392156863,58823.529411764706,[[0.00029173]],37
4.0,2.490980392156863,58823.529411764706,[[0.00047865]],37
4.0,2.508235294117647,72941.17647058824,[[0.00027943]],37
4.0,2.490980392156863,72941.17647058824,[[0.00207273]],37
4.0,2.508235294117647,72941.17647058824,[[0.00027943]],37
4.078431372549019,2.490980392156863,58823.529411764706,[[0.00029173]],37
4.078431372549019,2.508235294117647,104705.88235294117,[[0.02026389]],37
4.078431372549019,2.490980392156863,58823.529411764706,[[0.00029173]],37
4.0,2.490980392156863,72941.17647058824,[[0.00207273]],37
4.0,2.508235294117647,58823.529411764706,[[0.00306322]],37
4.0,2.508235294117647,72941.17647058824,[[0.00027943]],37
4.078431372549019,2.490980392156863,57058.82352941176,[[0.00043253]],37
4.078431372549019,2.490980392156863,58823.529411764706,[[0.00029173]],37
4.0,2.490980392156863,58823.529411764706,[[0.00047865]],37
4.0,2.508235294117647,71176.4705882353,[[0.00021952]],37
4.078431372549019,2.508235294117647,71176.4705882353,[[0.0003193]],37
4.0,2.508235294117647,71176.4705882353,[[0.00021952]],37
4.0,2.490980392156863,58823.529411764706,[[0.00047865]],37
4.0,2.508235294117647,72941.17647058824,[[0.00027943]],38
4.0,2.508235294117647,71176.4705882353,[[0.00021952]],38
4.0,2.508235294117647,72941.17647058824,[[0.00027943]],38
4.078431372549019,2.490980392156863,58823.529411764706,[[0.00029173]],38
4.0,2.508235294117647,72941.17647058824,[[0.00027943]],38
4.0,2.508235294117647,71176.4705882353,[[0.00021952]],38
4.078431372549019,2.490980392156863,58823.529411764706,[[0.00029173]],38
4.078431372549019,2.490980392156863,58823.529411764706,[[0.00029173]],38
4.0,2.508235294117647,71176.4705882353,[[0.00021952]],38
4.078431372549019,2.508235294117647,71176.4705882353,[[0.0003193]],38
4.0,2.490980392156863,72941.17647058824,[[0.00207273]],38
4.078431372549019,2.490980392156863,58823.529411764706,[[0.00029173]],38
9.019607843137255,2.490980392156863,58823.529411764706,[[0.1883443]],38
4.392156862745098,2.508235294117647,71176.4705882353,[[0.00235814]],38
4.313725490196078,2.508235294117647,71176.4705882353,[[0.00159085]],38
4.0,2.508235294117647,71176.4705882353,[[0.00021952]],38
4.0,2.508235294117647,71176.4705882353,[[0.00021952]],38
4.078431372549019,2.490980392156863,58823.529411764706,[[0.00029173]],38
4.0,2.508235294117647,71176.4705882353,[[0.00021952]],38
4.0,2.508235294117647,71176.4705882353,[[0.00021952]],38
4.078431372549019,2.490980392156863,58823.529411764706,[[0.00029173]],38
4.078431372549019,2.508235294117647,72941.17647058824,[[0.00050381]],38
4.078431372549019,2.508235294117647,71176.4705882353,[[0.0003193]],38
4.0,2.508235294117647,71176.4705882353,[[0.00021952]],38
4.0,2.508235294117647,72941.17647058824,[[0.00027943]],38
4.0,2.508235294117647,72941.17647058824,[[0.00027943]],38
4.078431372549019,2.508235294117647,71176.4705882353,[[0.0003193]],38
4.078431372549019,2.490980392156863,58823.529411764706,[[0.00029173]],38
4.0,2.490980392156863,71176.4705882353,[[0.00151013]],38
4.078431372549019,2.508235294117647,57058.82352941176,[[0.00286552]],38
4.0,2.508235294117647,129411.76470588235,[[0.05160053]],38
4.0,2.490980392156863,71176.4705882353,[[0.00151013]],38
4.0,2.490980392156863,71176.4705882353,[[0.00151013]],38
4.0,2.508235294117647,58823.529411764706,[[0.00306322]],38
4.0,2.508235294117647,58823.529411764706,[[0.00306322]],38
4.078431372549019,2.490980392156863,71176.4705882353,[[0.00222534]],38
4.0,2.8533333333333335,297058.8235294118,[[0.39778714]],38
4.0,2.508235294117647,72941.17647058824,[[0.00027943]],38
4.078431372549019,2.508235294117647,71176.4705882353,[[0.0003193]],38
4.0,2.508235294117647,71176.4705882353,[[0.00021952]],38
4.078431372549019,2.490980392156863,62352.94117647059,[[0.00033195]],38
4.0,2.508235294117647,58823.529411764706,[[0.00306322]],38
4.0,2.508235294117647,58823.529411764706,[[0.00306322]],38
4.078431372549019,2.490980392156863,71176.4705882353,[[0.00222534]],38
4.0,2.508235294117647,72941.17647058824,[[0.00027943]],38
4.0,2.508235294117647,72941.17647058824,[[0.00027943]],38
4.0,2.508235294117647,71176.4705882353,[[0.00021952]],38
4.0,2.508235294117647,72941.17647058824,[[0.00027943]],38
4.0,2.508235294117647,72941.17647058824,[[0.00027943]],38
4.313725490196078,2.508235294117647,57058.82352941176,[[0.0007223]],38
4.0,2.490980392156863,58823.529411764706,[[0.00047865]],38
4.0,2.508235294117647,71176.4705882353,[[0.00021952]],38
4.0,2.508235294117647,242352.9411764706,[[0.33723267]],38
4.0,2.508235294117647,71176.4705882353,[[0.00021952]],38
4.0,2.508235294117647,71176.4705882353,[[0.00021952]],38
4.0,2.508235294117647,72941.17647058824,[[0.00027943]],38
4.0,2.508235294117647,71176.4705882353,[[0.00021952]],38
4.078431372549019,2.508235294117647,71176.4705882353,[[0.0003193]],38
4.078431372549019,2.508235294117647,58823.529411764706,[[0.00213751]],38
4.078431372549019,2.490980392156863,71176.4705882353,[[0.00222534]],38
4.078431372549019,2.490980392156863,58823.529411764706,[[0.00029173]],38
4.078431372549019,2.508235294117647,58823.529411764706,[[0.00213751]],38
4.0,2.490980392156863,58823.529411764706,[[0.00047865]],38
4.0,2.490980392156863,58823.529411764706,[[0.00047865]],38
4.078431372549019,2.7843137254901964,71176.4705882353,[[0.01528035]],38
4.0,2.490980392156863,58823.529411764706,[[0.00047865]],38
14.03921568627451,2.508235294117647,72941.17647058824,[[0.30756801]],38
4.078431372549019,1.3866666666666667,64117.64705882353,[[0.1843097]],38
4.0,2.508235294117647,71176.4705882353,[[0.00021952]],38
4.0,2.508235294117647,71176.4705882353,[[0.00021952]],38
4.0,2.490980392156863,58823.529411764706,[[0.00047865]],38
4.0,2.508235294117647,71176.4705882353,[[0.00021952]],38
4.0,2.490980392156863,72941.17647058824,[[0.00207273]],38
4.0,2.490980392156863,58823.529411764706,[[0.00047865]],38
4.0,2.508235294117647,72941.17647058824,[[0.00027943]],38
4.078431372549019,2.508235294117647,72941.17647058824,[[0.00050381]],38
4.0,2.490980392156863,57058.82352941176,[[0.00076917]],38
4.0,2.508235294117647,72941.17647058824,[[0.00027943]],38
4.0,2.508235294117647,72941.17647058824,[[0.00027943]],38
4.078431372549019,2.490980392156863,58823.529411764706,[[0.00029173]],38
4.0,2.490980392156863,72941.17647058824,[[0.00207273]],38
4.0,2.508235294117647,65882.35294117648,[[0.00072226]],38
9.647058823529413,2.508235294117647,72941.17647058824,[[0.2092703]],38
4.0,2.508235294117647,58823.529411764706,[[0.00306322]],38
4.0,2.508235294117647,72941.17647058824,[[0.00027943]],38
4.0,2.508235294117647,72941.17647058824,[[0.00027943]],38
4.0,2.508235294117647,72941.17647058824,[[0.00027943]],38
4.0,2.490980392156863,58823.529411764706,[[0.00047865]],38
4.0,2.508235294117647,71176.4705882353,[[0.00021952]],38
4.0,2.767058823529412,57058.82352941176,[[0.03620909]],38
4.0,2.490980392156863,71176.4705882353,[[0.00151013]],38
4.078431372549019,1.956078431372549,58823.529411764706,[[0.03953006]],38
4.078431372549019,2.508235294117647,72941.17647058824,[[0.00050381]],38
4.078431372549019,2.490980392156863,58823.529411764706,[[0.00029173]],38
4.0,2.508235294117647,72941.17647058824,[[0.00027943]],38
4.078431372549019,2.508235294117647,72941.17647058824,[[0.00050381]],38
14.03921568627451,2.508235294117647,72941.17647058824,[[0.30756801]],39
4.0,2.508235294117647,72941.17647058824,[[0.00027943]],39
4.0,2.508235294117647,58823.529411764706,[[0.00306322]],39
4.0,2.508235294117647,72941.17647058824,[[0.00027943]],39
4.0,2.508235294117647,57058.82352941176,[[0.00396152]],39
4.078431372549019,2.490980392156863,72941.17647058824,[[0.0028976]],39
4.0,2.508235294117647,71176.4705882353,[[0.00021952]],39
4.0,2.508235294117647,71176.4705882353,[[0.00021952]],39
4.0,2.508235294117647,72941.17647058824,[[0.00027943]],39
4.0,2.508235294117647,71176.4705882353,[[0.00021952]],39
4.0,2.508235294117647,71176.4705882353,[[0.00021952]],39
4.0,2.508235294117647,71176.4705882353,[[0.00021952]],39
4.0,2.508235294117647,72941.17647058824,[[0.00027943]],39
4.0,2.508235294117647,72941.17647058824,[[0.00027943]],39
4.392156862745098,2.508235294117647,71176.4705882353,[[0.00235814]],39
4.0,2.508235294117647,71176.4705882353,[[0.00021952]],39
4.0,2.508235294117647,58823.529411764706,[[0.00306322]],39
4.078431372549019,2.508235294117647,184117.64705882352,[[0.16935872]],39
4.0,2.490980392156863,57058.82352941176,[[0.00076917]],39
4.0,1.4039215686274509,72941.17647058824,[[0.20074511]],39
4.313725490196078,2.508235294117647,58823.529411764706,[[0.00048104]],39
4.0,2.508235294117647,71176.4705882353,[[0.00021952]],39
4.078431372549019,2.508235294117647,71176.4705882353,[[0.0003193]],39
4.0,2.490980392156863,71176.4705882353,[[0.00151013]],39
4.0,2.508235294117647,72941.17647058824,[[0.00027943]],39
4.0,2.490980392156863,58823.529411764706,[[0.00047865]],39
4.0,2.508235294117647,71176.4705882353,[[0.00021952]],39
4.078431372549019,2.490980392156863,58823.529411764706,[[0.00029173]],39
4.078431372549019,2.7843137254901964,71176.4705882353,[[0.01528035]],39
4.078431372549019,1.3866666666666667,64117.64705882353,[[0.1843097]],39
4.078431372549019,2.508235294117647,72941.17647058824,[[0.00050381]],39
4.0,2.508235294117647,72941.17647058824,[[0.00027943]],39
4.078431372549019,2.490980392156863,71176.4705882353,[[0.00222534]],39
4.0,2.508235294117647,58823.529411764706,[[0.00306322]],39
4.0,2.508235294117647,71176.4705882353,[[0.00021952]],39
4.0,2.490980392156863,71176.4705882353,[[0.00151013]],39
4.0,2.508235294117647,58823.529411764706,[[0.00306322]],39
4.0,2.508235294117647,72941.17647058824,[[0.00027943]],39
4.0,2.508235294117647,72941.17647058824,[[0.00027943]],39
4.1568627450980395,2.508235294117647,72941.17647058824,[[0.00088317]],39
4.0,2.490980392156863,71176.4705882353,[[0.00151013]],39
4.0,2.508235294117647,58823.529411764706,[[0.00306322]],39
4.0,2.508235294117647,71176.4705882353,[[0.00021952]],39
4.078431372549019,2.508235294117647,72941.17647058824,[[0.00050381]],39
4.0,2.508235294117647,71176.4705882353,[[0.00021952]],39
4.078431372549019,2.508235294117647,71176.4705882353,[[0.0003193]],39
4.0,2.508235294117647,298823.5294117647,[[0.53236694]],39
4.0,2.508235294117647,71176.4705882353,[[0.00021952]],39
5.882352941176471,2.508235294117647,413529.4117647059,[[0.73221331]],39
4.0,2.508235294117647,72941.17647058824,[[0.00027943]],39
4.705882352941177,2.490980392156863,58823.529411764706,[[0.00560762]],39
4.0,2.490980392156863,58823.529411764706,[[0.00047865]],39
4.0,2.508235294117647,71176.4705882353,[[0.00021952]],39
4.078431372549019,2.490980392156863,71176.4705882353,[[0.00222534]],39
4.078431372549019,2.490980392156863,57058.82352941176,[[0.00043253]],39
4.0,2.490980392156863,58823.529411764706,[[0.00047865]],39
4.078431372549019,2.508235294117647,71176.4705882353,[[0.0003193]],39
4.0,2.508235294117647,72941.17647058824,[[0.00027943]],39
4.0,2.508235294117647,71176.4705882353,[[0.00021952]],39
4.0,2.508235294117647,72941.17647058824,[[0.00027943]],39
4.0,2.490980392156863,71176.4705882353,[[0.00151013]],39
4.0,2.490980392156863,58823.529411764706,[[0.00047865]],39
4.705882352941177,2.508235294117647,71176.4705882353,[[0.0069354]],39
4.0,2.508235294117647,72941.17647058824,[[0.00027943]],39
4.078431372549019,2.490980392156863,72941.17647058824,[[0.0028976]],39
9.019607843137255,2.490980392156863,58823.529411764706,[[0.1883443]],39
4.0,2.508235294117647,72941.17647058824,[[0.00027943]],39
4.0,2.508235294117647,72941.17647058824,[[0.00027943]],39
4.0,2.516862745098039,185882.35294117648,[[0.16992285]],39
4.0,2.508235294117647,71176.4705882353,[[0.00021952]],39
4.0,2.508235294117647,72941.17647058824,[[0.00027943]],39
4.0,2.490980392156863,58823.529411764706,[[0.00047865]],39
4.078431372549019,2.508235294117647,71176.4705882353,[[0.0003193]],39
4.0,2.508235294117647,71176.4705882353,[[0.00021952]],39
4.0,2.508235294117647,72941.17647058824,[[0.00027943]],39
4.0,2.508235294117647,71176.4705882353,[[0.00021952]],39
4.0,2.4737254901960783,58823.529411764706,[[0.00029516]],39
4.0,2.490980392156863,71176.4705882353,[[0.00151013]],39
4.0,2.508235294117647,72941.17647058824,[[0.00027943]],39
4.0,2.490980392156863,58823.529411764706,[[0.00047865]],39
4.0,2.508235294117647,72941.17647058824,[[0.00027943]],39
4.078431372549019,2.508235294117647,72941.17647058824,[[0.00050381]],39
4.078431372549019,2.508235294117647,65882.35294117648,[[0.00041661]],39
4.313725490196078,2.508235294117647,71176.4705882353,[[0.00159085]],39
6.509803921568627,2.508235294117647,71176.4705882353,[[0.07265647]],39
4.078431372549019,2.508235294117647,71176.4705882353,[[0.0003193]],39
4.0,2.508235294117647,72941.17647058824,[[0.00027943]],39
4.0,2.508235294117647,72941.17647058824,[[0.00027943]],39
4.0,2.508235294117647,71176.4705882353,[[0.00021952]],39
4.0,2.508235294117647,72941.17647058824,[[0.00027943]],39
4.0,2.490980392156863,58823.529411764706,[[0.00047865]],39
4.0,2.508235294117647,72941.17647058824,[[0.00027943]],39
4.078431372549019,2.508235294117647,72941.17647058824,[[0.00050381]],39
4.078431372549019,2.490980392156863,62352.94117647059,[[0.00033195]],39
4.0,2.508235294117647,72941.17647058824,[[0.00027943]],39
4.0,2.490980392156863,57058.82352941176,[[0.00076917]],39
4.0,2.508235294117647,72941.17647058824,[[0.00027943]],40
4.0,2.508235294117647,71176.4705882353,[[0.00021952]],40
4.0,2.508235294117647,71176.4705882353,[[0.00021952]],40
4.078431372549019,2.508235294117647,72941.17647058824,[[0.00050381]],40
4.0,2.508235294117647,71176.4705882353,[[0.00021952]],40
4.0,2.508235294117647,71176.4705882353,[[0.00021952]],40
6.509803921568627,2.508235294117647,71176.4705882353,[[0.07265647]],40
4.0,2.508235294117647,71176.4705882353,[[0.00021952]],40
4.0,2.508235294117647,71176.4705882353,[[0.00021952]],40
4.0,2.508235294117647,72941.17647058824,[[0.00027943]],40
4.078431372549019,2.508235294117647,72941.17647058824,[[0.00050381]],40
4.0,2.508235294117647,72941.17647058824,[[0.00027943]],40
4.0,2.508235294117647,87058.82352941176,[[0.00457897]],40
4.078431372549019,2.508235294117647,71176.4705882353,[[0.0003193]],40
6.588235294117647,2.508235294117647,72941.17647058824,[[0.07821103]],40
14.03921568627451,2.508235294117647,72941.17647058824,[[0.30756801]],40
4.0,2.508235294117647,58823.529411764706,[[0.00306322]],40
4.0,2.508235294117647,71176.4705882353,[[0.00021952]],40
4.0,2.508235294117647,71176.4705882353,[[0.00021952]],40
4.078431372549019,2.508235294117647,71176.4705882353,[[0.0003193]],40
4.0,2.490980392156863,72941.17647058824,[[0.00207273]],40
4.0,2.490980392156863,57058.82352941176,[[0.00076917]],40
4.0,2.508235294117647,72941.17647058824,[[0.00027943]],40
4.0,2.508235294117647,71176.4705882353,[[0.00021952]],40
5.254901960784314,2.490980392156863,76470.58823529413,[[0.03659341]],40
4.0,2.508235294117647,71176.4705882353,[[0.00021952]],40
4.0,2.508235294117647,72941.17647058824,[[0.00027943]],40
4.0,2.508235294117647,71176.4705882353,[[0.00021952]],40
4.0,2.508235294117647,72941.17647058824,[[0.00027943]],40
4.0,2.508235294117647,71176.4705882353,[[0.00021952]],40
4.0,2.508235294117647,71176.4705882353,[[0.00021952]],40
4.0,2.508235294117647,71176.4705882353,[[0.00021952]],40
4.0,2.508235294117647,72941.17647058824,[[0.00027943]],40
4.078431372549019,2.490980392156863,58823.529411764706,[[0.00029173]],40
4.078431372549019,2.508235294117647,72941.17647058824,[[0.00050381]],40
4.0,2.508235294117647,72941.17647058824,[[0.00027943]],40
4.0,2.4737254901960783,72941.17647058824,[[0.00275037]],40
4.0,2.508235294117647,72941.17647058824,[[0.00027943]],40
4.078431372549019,2.508235294117647,72941.17647058824,[[0.00050381]],40
4.0,2.508235294117647,65882.35294117648,[[0.00072226]],40
5.254901960784314,2.508235294117647,72941.17647058824,[[0.02277498]],40
4.0,2.508235294117647,72941.17647058824,[[0.00027943]],40
4.1568627450980395,2.508235294117647,72941.17647058824,[[0.00088317]],40
4.0,2.508235294117647,71176.4705882353,[[0.00021952]],40
4.078431372549019,2.508235294117647,72941.17647058824,[[0.00050381]],40
4.0,2.508235294117647,72941.17647058824,[[0.00027943]],40
4.0,2.490980392156863,57058.82352941176,[[0.00076917]],40
4.0,2.508235294117647,72941.17647058824,[[0.00027943]],40
4.0,2.508235294117647,127647.05882352941,[[0.04877626]],40
4.078431372549019,2.490980392156863,71176.4705882353,[[0.00222534]],40
4.0,2.508235294117647,71176.4705882353,[[0.00021952]],40
4.0,2.508235294117647,71176.4705882353,[[0.00021952]],40
4.0,2.508235294117647,72941.17647058824,[[0.00027943]],40
4.078431372549019,2.490980392156863,58823.529411764706,[[0.00029173]],40
4.078431372549019,2.508235294117647,72941.17647058824,[[0.00050381]],40
4.0,2.508235294117647,71176.4705882353,[[0.00021952]],40
4.0,2.508235294117647,71176.4705882353,[[0.00021952]],40
4.0,2.508235294117647,72941.17647058824,[[0.00027943]],40
4.0,2.508235294117647,72941.17647058824,[[0.00027943]],40
4.0,2.508235294117647,58823.529411764706,[[0.00306322]],40
4.078431372549019,2.508235294117647,185882.35294117648,[[0.17385719]],40
4.0,2.508235294117647,71176.4705882353,[[0.00021952]],40
4.0,2.508235294117647,71176.4705882353,[[0.00021952]],40
4.0,2.508235294117647,71176.4705882353,[[0.00021952]],40
4.0,2.490980392156863,129411.76470588235,[[0.06424732]],40
4.078431372549019,2.508235294117647,57058.82352941176,[[0.00286552]],40
4.0,2.490980392156863,71176.4705882353,[[0.00151013]],40
4.0,2.508235294117647,58823.529411764706,[[0.00306322]],40
4.078431372549019,2.508235294117647,72941.17647058824,[[0.00050381]],40
4.0,2.508235294117647,71176.4705882353,[[0.00021952]],40
4.0,2.508235294117647,71176.4705882353,[[0.00021952]],40
4.0,2.490980392156863,72941.17647058824,[[0.00207273]],40
4.0,2.508235294117647,72941.17647058824,[[0.00027943]],40
4.0,2.508235294117647,71176.4705882353,[[0.00021952]],40
4.0,2.508235294117647,72941.17647058824,[[0.00027943]],40
4.0,2.508235294117647,71176.4705882353,[[0.00021952]],40
4.0,2.508235294117647,71176.4705882353,[[0.00021952]],40
4.078431372549019,2.508235294117647,72941.17647058824,[[0.00050381]],40
4.0,2.508235294117647,72941.17647058824,[[0.00027943]],40
4.0,2.508235294117647,71176.4705882353,[[0.00021952]],40
6.509803921568627,2.508235294117647,64117.64705882353,[[0.06531715]],40
4.0,2.508235294117647,71176.4705882353,[[0.00021952]],40
4.0,2.490980392156863,72941.17647058824,[[0.00207273]],40
4.0,2.508235294117647,58823.529411764706,[[0.00306322]],40
4.0,2.508235294117647,72941.17647058824,[[0.00027943]],40
4.0,2.490980392156863,58823.529411764706,[[0.00047865]],40
4.0,2.508235294117647,72941.17647058824,[[0.00027943]],40
4.0,2.508235294117647,72941.17647058824,[[0.00027943]],40
4.0,2.516862745098039,72941.17647058824,[[0.00023544]],40
4.0,2.508235294117647,71176.4705882353,[[0.00021952]],40
4.0,2.508235294117647,72941.17647058824,[[0.00027943]],40
4.0,2.508235294117647,72941.17647058824,[[0.00027943]],40
4.0,2.508235294117647,58823.529411764706,[[0.00306322]],40
4.0,2.490980392156863,72941.17647058824,[[0.00207273]],40
4.1568627450980395,2.508235294117647,101176.4705882353,[[0.01839671]],40
4.0,2.490980392156863,57058.82352941176,[[0.00076917]],40
6.509803921568627,2.508235294117647,71176.4705882353,[[0.07265647]],41
4.0,2.508235294117647,71176.4705882353,[[0.00021952]],41
4.0,2.508235294117647,72941.17647058824,[[0.00027943]],41
4.0,2.508235294117647,72941.17647058824,[[0.00027943]],41
4.0,2.508235294117647,72941.17647058824,[[0.00027943]],41
4.0,2.508235294117647,71176.4705882353,[[0.00021952]],41
4.0,2.508235294117647,71176.4705882353,[[0.00021952]],41
4.0,2.508235294117647,71176.4705882353,[[0.00021952]],41
4.0,2.508235294117647,72941.17647058824,[[0.00027943]],41
4.0,2.508235294117647,72941.17647058824,[[0.00027943]],41
4.0,2.508235294117647,71176.4705882353,[[0.00021952]],41
4.0,2.508235294117647,58823.529411764706,[[0.00306322]],41
4.078431372549019,2.508235294117647,71176.4705882353,[[0.0003193]],41
4.0,2.508235294117647,72941.17647058824,[[0.00027943]],41
4.0,2.516862745098039,71176.4705882353,[[0.00023447]],41
4.0,2.490980392156863,57058.82352941176,[[0.00076917]],41
4.0,2.508235294117647,71176.4705882353,[[0.00021952]],41
4.0,2.508235294117647,72941.17647058824,[[0.00027943]],41
4.0,2.490980392156863,57058.82352941176,[[0.00076917]],41
4.0,2.508235294117647,71176.4705882353,[[0.00021952]],41
4.0,2.508235294117647,71176.4705882353,[[0.00021952]],41
4.0,2.508235294117647,72941.17647058824,[[0.00027943]],41
4.0,2.508235294117647,72941.17647058824,[[0.00027943]],41
4.0,2.508235294117647,71176.4705882353,[[0.00021952]],41
4.0,2.508235294117647,72941.17647058824,[[0.00027943]],41
4.0,2.516862745098039,72941.17647058824,[[0.00023544]],41
4.0,2.508235294117647,71176.4705882353,[[0.00021952]],41
4.0,2.516862745098039,72941.17647058824,[[0.00023544]],41
4.0,2.508235294117647,71176.4705882353,[[0.00021952]],41
4.0,2.508235294117647,58823.529411764706,[[0.00306322]],41
9.019607843137255,2.508235294117647,71176.4705882353,[[0.18469688]],41
4.0,2.490980392156863,71176.4705882353,[[0.00151013]],41
4.0,2.508235294117647,71176.4705882353,[[0.00021952]],41
4.0,2.508235294117647,71176.4705882353,[[0.00021952]],41
4.0,2.508235294117647,72941.17647058824,[[0.00027943]],41
4.0,2.508235294117647,71176.4705882353,[[0.00021952]],41
4.0,2.508235294117647,71176.4705882353,[[0.00021952]],41
4.0,2.508235294117647,71176.4705882353,[[0.00021952]],41
4.078431372549019,2.508235294117647,72941.17647058824,[[0.00050381]],41
4.0,2.508235294117647,72941.17647058824,[[0.00027943]],41
4.0,2.508235294117647,72941.17647058824,[[0.00027943]],41
4.078431372549019,2.508235294117647,72941.17647058824,[[0.00050381]],41
4.0,2.490980392156863,57058.82352941176,[[0.00076917]],41
4.0,2.4996078431372553,71176.4705882353,[[0.00126125]],41
4.0,2.508235294117647,71176.4705882353,[[0.00021952]],41
4.0,2.508235294117647,72941.17647058824,[[0.00027943]],41
4.0,2.508235294117647,72941.17647058824,[[0.00027943]],41
4.0,2.508235294117647,72941.17647058824,[[0.00027943]],41
4.0,2.508235294117647,71176.4705882353,[[0.00021952]],41
4.0,2.508235294117647,71176.4705882353,[[0.00021952]],41
4.0,2.508235294117647,71176.4705882353,[[0.00021952]],41
4.0,2.490980392156863,58823.529411764706,[[0.00047865]],41
4.0,2.508235294117647,127647.05882352941,[[0.04877626]],41
4.0,2.508235294117647,71176.4705882353,[[0.00021952]],41
4.0,2.508235294117647,71176.4705882353,[[0.00021952]],41
4.0,2.508235294117647,71176.4705882353,[[0.00021952]],41
4.0,2.508235294117647,57058.82352941176,[[0.00396152]],41
4.0,2.490980392156863,72941.17647058824,[[0.00207273]],41
4.1568627450980395,2.508235294117647,72941.17647058824,[[0.00088317]],41
4.0,2.508235294117647,72941.17647058824,[[0.00027943]],41
4.078431372549019,2.490980392156863,58823.529411764706,[[0.00029173]],41
4.0,2.508235294117647,71176.4705882353,[[0.00021952]],41
4.235294117647059,2.508235294117647,71176.4705882353,[[0.00099901]],41
4.0,2.508235294117647,71176.4705882353,[[0.00021952]],41
4.0,2.508235294117647,71176.4705882353,[[0.00021952]],41
4.0,2.508235294117647,72941.17647058824,[[0.00027943]],41
4.0,2.508235294117647,72941.17647058824,[[0.00027943]],41
4.0,2.508235294117647,71176.4705882353,[[0.00021952]],41
4.0,2.508235294117647,58823.529411764706,[[0.00306322]],41
4.0,2.508235294117647,72941.17647058824,[[0.00027943]],41
6.509803921568627,2.508235294117647,58823.529411764706,[[0.06002446]],41
4.0,2.508235294117647,72941.17647058824,[[0.00027943]],41
4.0,2.508235294117647,72941.17647058824,[[0.00027943]],41
4.627450980392156,2.508235294117647,71176.4705882353,[[0.00550691]],41
4.0,2.508235294117647,71176.4705882353,[[0.00021952]],41
4.0,2.508235294117647,72941.17647058824,[[0.00027943]],41
4.0,2.508235294117647,71176.4705882353,[[0.00021952]],41
4.0,2.508235294117647,72941.17647058824,[[0.00027943]],41
4.0,2.508235294117647,71176.4705882353,[[0.00021952]],41
4.0,2.508235294117647,71176.4705882353,[[0.00021952]],41
4.0,2.508235294117647,72941.17647058824,[[0.00027943]],41
4.0,2.508235294117647,71176.4705882353,[[0.00021952]],41
4.0,2.508235294117647,71176.4705882353,[[0.00021952]],41
4.0,2.508235294117647,72941.17647058824,[[0.00027943]],41
4.0,2.508235294117647,71176.4705882353,[[0.00021952]],41
4.078431372549019,2.508235294117647,72941.17647058824,[[0.00050381]],41
4.0,2.7843137254901964,71176.4705882353,[[0.01762925]],41
4.0,2.508235294117647,71176.4705882353,[[0.00021952]],41
4.0,2.508235294117647,58823.529411764706,[[0.00306322]],41
4.0,2.490980392156863,58823.529411764706,[[0.00047865]],41
4.078431372549019,2.508235294117647,71176.4705882353,[[0.0003193]],41
4.0,2.508235294117647,72941.17647058824,[[0.00027943]],41
4.0,2.508235294117647,72941.17647058824,[[0.00027943]],41
4.0,2.508235294117647,71176.4705882353,[[0.00021952]],41
4.0,2.508235294117647,71176.4705882353,[[0.00021952]],41
4.0,2.508235294117647,72941.17647058824,[[0.00027943]],41
4.0,2.508235294117647,71176.4705882353,[[0.00021952]],42
4.0,2.508235294117647,71176.4705882353,[[0.00021952]],42
4.0,2.508235294117647,58823.529411764706,[[0.00306322]],42
4.0,2.508235294117647,71176.4705882353,[[0.00021952]],42
4.0,2.508235294117647,71176.4705882353,[[0.00021952]],42
4.0,2.508235294117647,71176.4705882353,[[0.00021952]],42
4.0,2.508235294117647,72941.17647058824,[[0.00027943]],42
4.0,2.4996078431372553,99411.76470588235,[[0.02047984]],42
4.0,2.508235294117647,72941.17647058824,[[0.00027943]],42
4.0,2.508235294117647,72941.17647058824,[[0.00027943]],42
4.0,2.508235294117647,71176.4705882353,[[0.00021952]],42
4.0,2.508235294117647,72941.17647058824,[[0.00027943]],42
4.0,2.508235294117647,72941.17647058824,[[0.00027943]],42
4.0,2.508235294117647,72941.17647058824,[[0.00027943]],42
4.0,2.508235294117647,71176.4705882353,[[0.00021952]],42
4.0,2.508235294117647,72941.17647058824,[[0.00027943]],42
4.0,2.508235294117647,71176.4705882353,[[0.00021952]],42
4.0,2.508235294117647,72941.17647058824,[[0.00027943]],42
4.1568627450980395,2.490980392156863,71176.4705882353,[[0.00310611]],42
4.313725490196078,2.508235294117647,71176.4705882353,[[0.00159085]],42
4.0,2.508235294117647,71176.4705882353,[[0.00021952]],42
4.0,2.508235294117647,71176.4705882353,[[0.00021952]],42
4.0,2.508235294117647,71176.4705882353,[[0.00021952]],42
4.0,2.508235294117647,71176.4705882353,[[0.00021952]],42
4.0,2.508235294117647,71176.4705882353,[[0.00021952]],42
4.0,2.508235294117647,71176.4705882353,[[0.00021952]],42
4.078431372549019,2.490980392156863,58823.529411764706,[[0.00029173]],42
4.0,2.508235294117647,72941.17647058824,[[0.00027943]],42
4.0,2.508235294117647,71176.4705882353,[[0.00021952]],42
4.0,2.508235294117647,72941.17647058824,[[0.00027943]],42
4.0,2.508235294117647,71176.4705882353,[[0.00021952]],42
4.0,2.508235294117647,72941.17647058824,[[0.00027943]],42
4.0,2.508235294117647,71176.4705882353,[[0.00021952]],42
4.627450980392156,2.508235294117647,71176.4705882353,[[0.00550691]],42
4.0,2.508235294117647,58823.529411764706,[[0.00306322]],42
4.0,2.508235294117647,72941.17647058824,[[0.00027943]],42
4.0,2.508235294117647,71176.4705882353,[[0.00021952]],42
4.0,2.508235294117647,71176.4705882353,[[0.00021952]],42
4.0,2.508235294117647,71176.4705882353,[[0.00021952]],42
4.0,2.508235294117647,71176.4705882353,[[0.00021952]],42
4.0,2.508235294117647,71176.4705882353,[[0.00021952]],42
4.0,2.577254901960784,72941.17647058824,[[0.00081122]],42
4.0,2.490980392156863,71176.4705882353,[[0.00151013]],42
4.0,2.508235294117647,71176.4705882353,[[0.00021952]],42
4.0,2.508235294117647,72941.17647058824,[[0.00027943]],42
4.0,2.508235294117647,72941.17647058824,[[0.00027943]],42
4.0,2.508235294117647,71176.4705882353,[[0.00021952]],42
4.0,2.508235294117647,71176.4705882353,[[0.00021952]],42
4.0,2.508235294117647,71176.4705882353,[[0.00021952]],42
4.0,2.508235294117647,71176.4705882353,[[0.00021952]],42
4.0,2.508235294117647,71176.4705882353,[[0.00021952]],42
4.0,2.508235294117647,71176.4705882353,[[0.00021952]],42
4.078431372549019,2.6462745098039218,71176.4705882353,[[0.00335145]],42
4.0,2.508235294117647,71176.4705882353,[[0.00021952]],42
4.0,2.508235294117647,71176.4705882353,[[0.00021952]],42
4.0,2.508235294117647,71176.4705882353,[[0.00021952]],42
4.0,2.508235294117647,72941.17647058824,[[0.00027943]],42
4.0,2.508235294117647,71176.4705882353,[[0.00021952]],42
4.0,2.508235294117647,71176.4705882353,[[0.00021952]],42
4.0,2.508235294117647,72941.17647058824,[[0.00027943]],42
4.0,2.508235294117647,71176.4705882353,[[0.00021952]],42
4.078431372549019,2.508235294117647,71176.4705882353,[[0.0003193]],42
4.0,2.508235294117647,71176.4705882353,[[0.00021952]],42
4.0,2.508235294117647,71176.4705882353,[[0.00021952]],42
4.0,2.516862745098039,72941.17647058824,[[0.00023544]],42
4.0,2.508235294117647,72941.17647058824,[[0.00027943]],42
4.078431372549019,2.508235294117647,72941.17647058824,[[0.00050381]],42
4.0,2.508235294117647,71176.4705882353,[[0.00021952]],42
4.0,2.516862745098039,71176.4705882353,[[0.00023447]],42
4.0,2.508235294117647,72941.17647058824,[[0.00027943]],42
4.0,2.508235294117647,71176.4705882353,[[0.00021952]],42
4.0,2.508235294117647,71176.4705882353,[[0.00021952]],42
4.0,2.508235294117647,76470.58823529413,[[0.00072865]],42
4.0,2.516862745098039,71176.4705882353,[[0.00023447]],42
5.254901960784314,2.516862745098039,71176.4705882353,[[0.02022838]],42
4.0,2.508235294117647,72941.17647058824,[[0.00027943]],42
4.0,2.508235294117647,71176.4705882353,[[0.00021952]],42
4.0,2.508235294117647,71176.4705882353,[[0.00021952]],42
4.0,2.508235294117647,71176.4705882353,[[0.00021952]],42
4.0,2.508235294117647,71176.4705882353,[[0.00021952]],42
4.0,2.508235294117647,71176.4705882353,[[0.00021952]],42
4.0,2.508235294117647,71176.4705882353,[[0.00021952]],42
4.0,2.508235294117647,72941.17647058824,[[0.00027943]],42
4.0,2.490980392156863,57058.82352941176,[[0.00076917]],42
4.0,2.508235294117647,72941.17647058824,[[0.00027943]],42
4.1568627450980395,2.508235294117647,72941.17647058824,[[0.00088317]],42
4.0,2.508235294117647,71176.4705882353,[[0.00021952]],42
6.509803921568627,2.508235294117647,127647.05882352941,[[0.14178821]],42
4.0,2.516862745098039,72941.17647058824,[[0.00023544]],42
4.0,2.508235294117647,72941.17647058824,[[0.00027943]],42
4.0,2.508235294117647,72941.17647058824,[[0.00027943]],42
4.0,2.5858823529411765,71176.4705882353,[[0.00151286]],42
4.0,2.508235294117647,72941.17647058824,[[0.00027943]],42
4.0,2.508235294117647,72941.17647058824,[[0.00027943]],42
4.705882352941177,2.490980392156863,57058.82352941176,[[0.00476976]],42
4.0,2.508235294117647,71176.4705882353,[[0.00021952]],42
4.0,2.508235294117647,71176.4705882353,[[0.00021952]],43
4.0,2.508235294117647,71176.4705882353,[[0.00021952]],43
4.0,2.508235294117647,71176.4705882353,[[0.00021952]],43
4.0,2.508235294117647,71176.4705882353,[[0.00021952]],43
4.0,2.508235294117647,72941.17647058824,[[0.00027943]],43
4.0,2.508235294117647,71176.4705882353,[[0.00021952]],43
4.0,2.508235294117647,71176.4705882353,[[0.00021952]],43
4.0,2.508235294117647,71176.4705882353,[[0.00021952]],43
4.0,2.508235294117647,71176.4705882353,[[0.00021952]],43
4.0,2.508235294117647,71176.4705882353,[[0.00021952]],43
4.0,2.516862745098039,72941.17647058824,[[0.00023544]],43
4.0,2.508235294117647,71176.4705882353,[[0.00021952]],43
4.0,2.508235294117647,71176.4705882353,[[0.00021952]],43
4.0,2.508235294117647,71176.4705882353,[[0.00021952]],43
4.0,2.508235294117647,71176.4705882353,[[0.00021952]],43
4.0,2.508235294117647,71176.4705882353,[[0.00021952]],43
4.0,1.4039215686274509,71176.4705882353,[[0.19607654]],43
4.0,2.508235294117647,72941.17647058824,[[0.00027943]],43
4.0,2.508235294117647,71176.4705882353,[[0.00021952]],43
4.0,2.508235294117647,71176.4705882353,[[0.00021952]],43
4.0,2.508235294117647,71176.4705882353,[[0.00021952]],43
4.0,2.516862745098039,71176.4705882353,[[0.00023447]],43
4.0,2.508235294117647,71176.4705882353,[[0.00021952]],43
4.0,2.508235294117647,71176.4705882353,[[0.00021952]],43
4.0,2.508235294117647,71176.4705882353,[[0.00021952]],43
4.0,2.508235294117647,72941.17647058824,[[0.00027943]],43
4.0,2.508235294117647,71176.4705882353,[[0.00021952]],43
4.0,2.508235294117647,72941.17647058824,[[0.00027943]],43
4.0,2.508235294117647,71176.4705882353,[[0.00021952]],43
4.0,2.508235294117647,71176.4705882353,[[0.00021952]],43
4.0,2.508235294117647,72941.17647058824,[[0.00027943]],43
4.0,2.508235294117647,71176.4705882353,[[0.00021952]],43
4.0,2.508235294117647,71176.4705882353,[[0.00021952]],43
4.0,2.508235294117647,71176.4705882353,[[0.00021952]],43
4.0,2.508235294117647,57058.82352941176,[[0.00396152]],43
4.0,2.508235294117647,72941.17647058824,[[0.00027943]],43
4.0,2.508235294117647,71176.4705882353,[[0.00021952]],43
4.0,2.508235294117647,71176.4705882353,[[0.00021952]],43
4.313725490196078,2.508235294117647,297058.8235294118,[[0.51421897]],43
4.0,1.4039215686274509,71176.4705882353,[[0.19607654]],43
4.0,2.508235294117647,71176.4705882353,[[0.00021952]],43
4.0,2.508235294117647,71176.4705882353,[[0.00021952]],43
4.0,2.508235294117647,71176.4705882353,[[0.00021952]],43
4.0,2.516862745098039,64117.64705882353,[[0.00138502]],43
4.0,2.508235294117647,71176.4705882353,[[0.00021952]],43
4.0,2.508235294117647,71176.4705882353,[[0.00021952]],43
4.0,2.508235294117647,72941.17647058824,[[0.00027943]],43
4.0,2.508235294117647,71176.4705882353,[[0.00021952]],43
4.0,2.508235294117647,71176.4705882353,[[0.00021952]],43
4.0,2.508235294117647,71176.4705882353,[[0.00021952]],43
4.0,2.508235294117647,71176.4705882353,[[0.00021952]],43
4.0,2.508235294117647,72941.17647058824,[[0.00027943]],43
4.1568627450980395,2.508235294117647,72941.17647058824,[[0.00088317]],43
4.0,2.490980392156863,57058.82352941176,[[0.00076917]],43
4.0,2.508235294117647,71176.4705882353,[[0.00021952]],43
4.0,2.508235294117647,76470.58823529413,[[0.00072865]],43
4.0,2.508235294117647,71176.4705882353,[[0.00021952]],43
4.0,2.508235294117647,71176.4705882353,[[0.00021952]],43
4.0,2.508235294117647,72941.17647058824,[[0.00027943]],43
4.0,2.508235294117647,72941.17647058824,[[0.00027943]],43
4.0,2.508235294117647,72941.17647058824,[[0.00027943]],43
4.1568627450980395,1.4125490196078432,72941.17647058824,[[0.19614072]],43
4.0,2.508235294117647,71176.4705882353,[[0.00021952]],43
4.0,2.508235294117647,71176.4705882353,[[0.00021952]],43
4.0,2.508235294117647,71176.4705882353,[[0.00021952]],43
4.0,2.508235294117647,71176.4705882353,[[0.00021952]],43
4.0,2.508235294117647,71176.4705882353,[[0.00021952]],43
4.0,2.508235294117647,71176.4705882353,[[0.00021952]],43
4.0,2.516862745098039,71176.4705882353,[[0.00023447]],43
4.0,2.508235294117647,71176.4705882353,[[0.00021952]],43
4.0,2.508235294117647,71176.4705882353,[[0.00021952]],43
4.0,2.508235294117647,71176.4705882353,[[0.00021952]],43
4.0,2.508235294117647,71176.4705882353,[[0.00021952]],43
4.0,2.508235294117647,72941.17647058824,[[0.00027943]],43
4.0,2.508235294117647,71176.4705882353,[[0.00021952]],43
4.1568627450980395,2.508235294117647,64117.64705882353,[[0.00038892]],43
6.509803921568627,2.577254901960784,71176.4705882353,[[0.05922959]],43
4.1568627450980395,1.956078431372549,71176.4705882353,[[0.06279546]],43
4.0,2.577254901960784,71176.4705882353,[[0.00123789]],43
4.0,2.508235294117647,72941.17647058824,[[0.00027943]],43
4.0,2.508235294117647,72941.17647058824,[[0.00027943]],43
4.0,2.508235294117647,71176.4705882353,[[0.00021952]],43
4.0,2.508235294117647,71176.4705882353,[[0.00021952]],43
4.0,2.508235294117647,71176.4705882353,[[0.00021952]],43
4.0,2.508235294117647,71176.4705882353,[[0.00021952]],43
4.0,2.508235294117647,71176.4705882353,[[0.00021952]],43
4.0,2.508235294117647,71176.4705882353,[[0.00021952]],43
4.0,2.508235294117647,71176.4705882353,[[0.00021952]],43
4.0,2.508235294117647,71176.4705882353,[[0.00021952]],43
4.627450980392156,2.508235294117647,127647.05882352941,[[0.06725224]],43
4.0,2.508235294117647,71176.4705882353,[[0.00021952]],43
4.0,2.508235294117647,71176.4705882353,[[0.00021952]],43
4.078431372549019,2.4737254901960783,72941.17647058824,[[0.00370079]],43
4.0,2.508235294117647,71176.4705882353,[[0.00021952]],43
4.0,2.75843137254902,71176.4705882353,[[0.01441993]],43
4.0,1.956078431372549,120588.23529411765,[[0.13815599]],43
4.0,2.508235294117647,71176.4705882353,[[0.00021952]],44
4.0,2.508235294117647,71176.4705882353,[[0.00021952]],44
4.0,2.508235294117647,71176.4705882353,[[0.00021952]],44
4.1568627450980395,1.956078431372549,71176.4705882353,[[0.06279546]],44
4.627450980392156,2.508235294117647,127647.05882352941,[[0.06725224]],44
4.0,2.508235294117647,71176.4705882353,[[0.00021952]],44
4.0,2.508235294117647,71176.4705882353,[[0.00021952]],44
4.0,2.508235294117647,71176.4705882353,[[0.00021952]],44
4.0,2.508235294117647,71176.4705882353,[[0.00021952]],44
4.0,2.490980392156863,71176.4705882353,[[0.00151013]],44
9.019607843137255,2.7843137254901964,71176.4705882353,[[0.12025334]],44
4.0,2.508235294117647,71176.4705882353,[[0.00021952]],44
4.0,2.508235294117647,71176.4705882353,[[0.00021952]],44
4.0,2.508235294117647,71176.4705882353,[[0.00021952]],44
4.0,2.516862745098039,72941.17647058824,[[0.00023544]],44
4.0,2.508235294117647,71176.4705882353,[[0.00021952]],44
4.0,2.508235294117647,71176.4705882353,[[0.00021952]],44
4.0,2.508235294117647,71176.4705882353,[[0.00021952]],44
4.0,1.4729411764705884,71176.4705882353,[[0.17024435]],44
4.0,2.508235294117647,71176.4705882353,[[0.00021952]],44
4.0,2.508235294117647,71176.4705882353,[[0.00021952]],44
4.0,2.508235294117647,71176.4705882353,[[0.00021952]],44
4.0,2.508235294117647,71176.4705882353,[[0.00021952]],44
4.0,2.508235294117647,71176.4705882353,[[0.00021952]],44
4.0,2.508235294117647,71176.4705882353,[[0.00021952]],44
4.0,2.508235294117647,71176.4705882353,[[0.00021952]],44
4.0,2.508235294117647,71176.4705882353,[[0.00021952]],44
4.0,2.508235294117647,72941.17647058824,[[0.00027943]],44
4.0,2.508235294117647,71176.4705882353,[[0.00021952]],44
4.0,2.508235294117647,71176.4705882353,[[0.00021952]],44
4.0,2.508235294117647,71176.4705882353,[[0.00021952]],44
4.0,2.508235294117647,71176.4705882353,[[0.00021952]],44
4.0,2.508235294117647,71176.4705882353,[[0.00021952]],44
4.0,2.508235294117647,71176.4705882353,[[0.00021952]],44
4.0,2.508235294117647,71176.4705882353,[[0.00021952]],44
4.0,2.508235294117647,71176.4705882353,[[0.00021952]],44
4.0,2.516862745098039,71176.4705882353,[[0.00023447]],44
4.0,2.508235294117647,72941.17647058824,[[0.00027943]],44
4.0,2.508235294117647,71176.4705882353,[[0.00021952]],44
4.0,2.516862745098039,71176.4705882353,[[0.00023447]],44
4.0,2.508235294117647,71176.4705882353,[[0.00021952]],44
4.0,2.508235294117647,72941.17647058824,[[0.00027943]],44
4.0,2.508235294117647,71176.4705882353,[[0.00021952]],44
4.0,2.508235294117647,71176.4705882353,[[0.00021952]],44
4.0,2.508235294117647,71176.4705882353,[[0.00021952]],44
4.0,2.516862745098039,71176.4705882353,[[0.00023447]],44
4.0,2.508235294117647,72941.17647058824,[[0.00027943]],44
4.0,2.508235294117647,71176.4705882353,[[0.00021952]],44
4.0,2.5858823529411765,72941.17647058824,[[0.00102311]],44
4.0,2.508235294117647,71176.4705882353,[[0.00021952]],44
4.0,2.508235294117647,72941.17647058824,[[0.00027943]],44
4.0,2.508235294117647,71176.4705882353,[[0.00021952]],44
4.0,2.508235294117647,72941.17647058824,[[0.00027943]],44
4.0,2.508235294117647,71176.4705882353,[[0.00021952]],44
4.0,2.508235294117647,71176.4705882353,[[0.00021952]],44
4.0,2.508235294117647,71176.4705882353,[[0.00021952]],44
4.0,2.508235294117647,71176.4705882353,[[0.00021952]],44
4.0,2.508235294117647,71176.4705882353,[[0.00021952]],44
4.0,2.508235294117647,71176.4705882353,[[0.00021952]],44
4.0,2.508235294117647,57058.82352941176,[[0.00396152]],44
4.0,2.508235294117647,71176.4705882353,[[0.00021952]],44
4.0,2.508235294117647,71176.4705882353,[[0.00021952]],44
4.0,2.508235294117647,71176.4705882353,[[0.00021952]],44
4.313725490196078,2.508235294117647,71176.4705882353,[[0.00159085]],44
4.0,2.508235294117647,72941.17647058824,[[0.00027943]],44
4.0,2.508235294117647,71176.4705882353,[[0.00021952]],44
4.0,2.508235294117647,71176.4705882353,[[0.00021952]],44
4.0,2.508235294117647,71176.4705882353,[[0.00021952]],44
4.0,2.508235294117647,71176.4705882353,[[0.00021952]],44
4.0,2.508235294117647,71176.4705882353,[[0.00021952]],44
4.0,2.508235294117647,71176.4705882353,[[0.00021952]],44
4.0,2.516862745098039,71176.4705882353,[[0.00023447]],44
4.0,2.508235294117647,71176.4705882353,[[0.00021952]],44
4.0,2.508235294117647,71176.4705882353,[[0.00021952]],44
4.0,2.508235294117647,71176.4705882353,[[0.00021952]],44
4.0,2.508235294117647,71176.4705882353,[[0.00021952]],44
4.0,2.508235294117647,64117.64705882353,[[0.00112419]],44
4.0,2.508235294117647,71176.4705882353,[[0.00021952]],44
4.0,2.508235294117647,71176.4705882353,[[0.00021952]],44
4.0,2.516862745098039,71176.4705882353,[[0.00023447]],44
4.0,2.508235294117647,71176.4705882353,[[0.00021952]],44
4.0,2.508235294117647,72941.17647058824,[[0.00027943]],44
4.0,2.508235294117647,71176.4705882353,[[0.00021952]],44
4.0,2.516862745098039,71176.4705882353,[[0.00023447]],44
4.0,2.508235294117647,71176.4705882353,[[0.00021952]],44
4.0,2.508235294117647,71176.4705882353,[[0.00021952]],44
4.0,2.508235294117647,71176.4705882353,[[0.00021952]],44
4.0,2.508235294117647,71176.4705882353,[[0.00021952]],44
4.0,2.508235294117647,71176.4705882353,[[0.00021952]],44
4.0,2.508235294117647,71176.4705882353,[[0.00021952]],44
4.0,2.508235294117647,71176.4705882353,[[0.00021952]],44
4.0,2.508235294117647,71176.4705882353,[[0.00021952]],44
4.0,1.956078431372549,71176.4705882353,[[0.05121097]],44
6.509803921568627,2.508235294117647,57058.82352941176,[[0.05830153]],44
4.0,2.508235294117647,71176.4705882353,[[0.00021952]],44
4.0,2.508235294117647,71176.4705882353,[[0.00021952]],44
4.0,2.508235294117647,71176.4705882353,[[0.00021952]],45
4.0,2.508235294117647,71176.4705882353,[[0.00021952]],45
4.0,2.508235294117647,71176.4705882353,[[0.00021952]],45
4.0,2.6462745098039218,71176.4705882353,[[0.00439731]],45
4.0,2.508235294117647,71176.4705882353,[[0.00021952]],45
4.0,2.508235294117647,71176.4705882353,[[0.00021952]],45
4.313725490196078,2.508235294117647,71176.4705882353,[[0.00159085]],45
4.0,2.508235294117647,71176.4705882353,[[0.00021952]],45
4.0,2.6462745098039218,71176.4705882353,[[0.00439731]],45
4.0,2.508235294117647,71176.4705882353,[[0.00021952]],45
4.0,2.508235294117647,71176.4705882353,[[0.00021952]],45
4.0,2.508235294117647,71176.4705882353,[[0.00021952]],45
4.0,2.508235294117647,71176.4705882353,[[0.00021952]],45
4.0,2.508235294117647,71176.4705882353,[[0.00021952]],45
4.0,2.508235294117647,71176.4705882353,[[0.00021952]],45
4.0,2.508235294117647,71176.4705882353,[[0.00021952]],45
4.0,2.508235294117647,71176.4705882353,[[0.00021952]],45
4.0,2.508235294117647,71176.4705882353,[[0.00021952]],45
4.0,2.4737254901960783,71176.4705882353,[[0.00208655]],45
4.0,2.508235294117647,71176.4705882353,[[0.00021952]],45
4.0,2.508235294117647,71176.4705882353,[[0.00021952]],45
4.0,2.508235294117647,71176.4705882353,[[0.00021952]],45
4.0,2.508235294117647,71176.4705882353,[[0.00021952]],45
4.0,2.508235294117647,71176.4705882353,[[0.00021952]],45
4.0,2.508235294117647,71176.4705882353,[[0.00021952]],45
4.0,2.508235294117647,71176.4705882353,[[0.00021952]],45
4.0,2.508235294117647,71176.4705882353,[[0.00021952]],45
4.0,2.508235294117647,71176.4705882353,[[0.00021952]],45
4.0,2.508235294117647,71176.4705882353,[[0.00021952]],45
4.0,2.508235294117647,71176.4705882353,[[0.00021952]],45
4.0,2.508235294117647,71176.4705882353,[[0.00021952]],45
4.0,2.508235294117647,71176.4705882353,[[0.00021952]],45
4.0,2.508235294117647,71176.4705882353,[[0.00021952]],45
4.0,2.508235294117647,297058.8235294118,[[0.52590939]],45
4.0,2.508235294117647,71176.4705882353,[[0.00021952]],45
4.0,2.508235294117647,71176.4705882353,[[0.00021952]],45
4.0,2.508235294117647,71176.4705882353,[[0.00021952]],45
4.0,2.4737254901960783,71176.4705882353,[[0.00208655]],45
4.0,2.508235294117647,71176.4705882353,[[0.00021952]],45
9.019607843137255,2.2321568627450983,99411.76470588235,[[0.30343725]],45
4.0,2.508235294117647,71176.4705882353,[[0.00021952]],45
4.313725490196078,2.508235294117647,71176.4705882353,[[0.00159085]],45
4.0,2.508235294117647,71176.4705882353,[[0.00021952]],45
4.0,2.508235294117647,71176.4705882353,[[0.00021952]],45
4.0,2.508235294117647,71176.4705882353,[[0.00021952]],45
4.0,2.508235294117647,71176.4705882353,[[0.00021952]],45
4.0,2.508235294117647,71176.4705882353,[[0.00021952]],45
4.0,2.508235294117647,71176.4705882353,[[0.00021952]],45
4.0,2.508235294117647,71176.4705882353,[[0.00021952]],45
4.0,2.508235294117647,71176.4705882353,[[0.00021952]],45
4.0,2.508235294117647,71176.4705882353,[[0.00021952]],45
4.0,2.508235294117647,71176.4705882353,[[0.00021952]],45
4.0,2.508235294117647,71176.4705882353,[[0.00021952]],45
4.0,2.508235294117647,71176.4705882353,[[0.00021952]],45
4.0,2.508235294117647,71176.4705882353,[[0.00021952]],45
4.0,2.508235294117647,71176.4705882353,[[0.00021952]],45
4.0,2.508235294117647,71176.4705882353,[[0.00021952]],45
4.0,2.508235294117647,71176.4705882353,[[0.00021952]],45
4.0,2.508235294117647,71176.4705882353,[[0.00021952]],45
6.509803921568627,2.508235294117647,71176.4705882353,[[0.07265647]],45
4.0,2.508235294117647,71176.4705882353,[[0.00021952]],45
4.0,2.508235294117647,71176.4705882353,[[0.00021952]],45
4.0,1.956078431372549,71176.4705882353,[[0.05121097]],45
4.0,2.508235294117647,71176.4705882353,[[0.00021952]],45
4.1568627450980395,2.508235294117647,184117.64705882352,[[0.17095711]],45
4.0,2.508235294117647,71176.4705882353,[[0.00021952]],45
4.0,2.508235294117647,71176.4705882353,[[0.00021952]],45
4.0,2.508235294117647,71176.4705882353,[[0.00021952]],45
4.627450980392156,2.7152941176470593,71176.4705882353,[[0.00097034]],45
4.0,2.508235294117647,71176.4705882353,[[0.00021952]],45
4.0,2.508235294117647,71176.4705882353,[[0.00021952]],45
4.0,2.508235294117647,71176.4705882353,[[0.00021952]],45
4.0,2.508235294117647,71176.4705882353,[[0.00021952]],45
4.0,2.508235294117647,71176.4705882353,[[0.00021952]],45
4.0,2.508235294117647,71176.4705882353,[[0.00021952]],45
4.0,2.508235294117647,71176.4705882353,[[0.00021952]],45
4.0,2.508235294117647,71176.4705882353,[[0.00021952]],45
4.0,2.508235294117647,71176.4705882353,[[0.00021952]],45
4.0,2.508235294117647,71176.4705882353,[[0.00021952]],45
4.0,2.508235294117647,71176.4705882353,[[0.00021952]],45
4.0,2.508235294117647,71176.4705882353,[[0.00021952]],45
4.0,2.508235294117647,71176.4705882353,[[0.00021952]],45
4.0,2.508235294117647,71176.4705882353,[[0.00021952]],45
4.0,2.508235294117647,71176.4705882353,[[0.00021952]],45
4.0,2.508235294117647,71176.4705882353,[[0.00021952]],45
4.0,2.508235294117647,72941.17647058824,[[0.00027943]],45
4.0,2.508235294117647,71176.4705882353,[[0.00021952]],45
4.313725490196078,2.508235294117647,71176.4705882353,[[0.00159085]],45
4.0,2.508235294117647,71176.4705882353,[[0.00021952]],45
4.0,2.508235294117647,71176.4705882353,[[0.00021952]],45
4.0,2.508235294117647,71176.4705882353,[[0.00021952]],45
4.0,2.508235294117647,71176.4705882353,[[0.00021952]],45
4.0,2.508235294117647,71176.4705882353,[[0.00021952]],45
4.0,2.508235294117647,71176.4705882353,[[0.00021952]],45
4.313725490196078,2.508235294117647,127647.05882352941,[[0.05771186]],45
4.0,2.508235294117647,71176.4705882353,[[0.00021952]],45
4.0,2.508235294117647,71176.4705882353,[[0.00021952]],46
4.0,2.508235294117647,71176.4705882353,[[0.00021952]],46
4.0,2.508235294117647,71176.4705882353,[[0.00021952]],46
4.0,2.508235294117647,71176.4705882353,[[0.00021952]],46
4.0,2.508235294117647,71176.4705882353,[[0.00021952]],46
4.0,2.508235294117647,71176.4705882353,[[0.00021952]],46
6.509803921568627,2.508235294117647,71176.4705882353,[[0.07265647]],46
4.0,2.508235294117647,71176.4705882353,[[0.00021952]],46
4.0,2.508235294117647,71176.4705882353,[[0.00021952]],46
4.0,2.508235294117647,71176.4705882353,[[0.00021952]],46
4.0,2.508235294117647,71176.4705882353,[[0.00021952]],46
4.0,2.508235294117647,71176.4705882353,[[0.00021952]],46
4.0,2.508235294117647,71176.4705882353,[[0.00021952]],46
4.0,2.508235294117647,71176.4705882353,[[0.00021952]],46
4.0,2.508235294117647,71176.4705882353,[[0.00021952]],46
4.0,2.508235294117647,71176.4705882353,[[0.00021952]],46
4.0,2.508235294117647,71176.4705882353,[[0.00021952]],46
4.0,2.508235294117647,71176.4705882353,[[0.00021952]],46
4.0,2.508235294117647,71176.4705882353,[[0.00021952]],46
4.0,2.508235294117647,71176.4705882353,[[0.00021952]],46
4.0,2.508235294117647,71176.4705882353,[[0.00021952]],46
4.0,2.508235294117647,71176.4705882353,[[0.00021952]],46
4.078431372549019,2.577254901960784,74705.88235294117,[[0.00031632]],46
4.0,2.508235294117647,71176.4705882353,[[0.00021952]],46
4.0,2.508235294117647,71176.4705882353,[[0.00021952]],46
4.0,2.508235294117647,71176.4705882353,[[0.00021952]],46
4.0,2.508235294117647,71176.4705882353,[[0.00021952]],46
4.0,2.508235294117647,71176.4705882353,[[0.00021952]],46
4.0,2.508235294117647,71176.4705882353,[[0.00021952]],46
4.0,2.508235294117647,71176.4705882353,[[0.00021952]],46
4.0,2.508235294117647,102941.17647058824,[[0.01675645]],46
4.0,2.508235294117647,71176.4705882353,[[0.00021952]],46
4.0,2.508235294117647,71176.4705882353,[[0.00021952]],46
4.0,2.508235294117647,71176.4705882353,[[0.00021952]],46
4.0,2.508235294117647,71176.4705882353,[[0.00021952]],46
4.0,2.508235294117647,71176.4705882353,[[0.00021952]],46
4.0,2.508235294117647,124117.64705882352,[[0.04332969]],46
4.0,2.508235294117647,71176.4705882353,[[0.00021952]],46
4.0,2.508235294117647,71176.4705882353,[[0.00021952]],46
4.0,2.508235294117647,71176.4705882353,[[0.00021952]],46
4.0,2.508235294117647,71176.4705882353,[[0.00021952]],46
4.0,2.508235294117647,71176.4705882353,[[0.00021952]],46
4.0,2.508235294117647,71176.4705882353,[[0.00021952]],46
4.0,2.508235294117647,71176.4705882353,[[0.00021952]],46
4.0,2.508235294117647,71176.4705882353,[[0.00021952]],46
4.0,1.4039215686274509,57058.82352941176,[[0.1598595]],46
4.0,2.508235294117647,71176.4705882353,[[0.00021952]],46
4.0,2.7498039215686276,184117.64705882352,[[0.10533468]],46
4.0,2.508235294117647,71176.4705882353,[[0.00021952]],46
4.0,2.508235294117647,71176.4705882353,[[0.00021952]],46
4.0,2.508235294117647,71176.4705882353,[[0.00021952]],46
4.0,2.508235294117647,71176.4705882353,[[0.00021952]],46
4.0,2.7498039215686276,71176.4705882353,[[0.01342634]],46
4.0,2.508235294117647,71176.4705882353,[[0.00021952]],46
4.0,2.508235294117647,71176.4705882353,[[0.00021952]],46
4.0,2.508235294117647,71176.4705882353,[[0.00021952]],46
4.0,2.508235294117647,71176.4705882353,[[0.00021952]],46
4.0,2.508235294117647,71176.4705882353,[[0.00021952]],46
4.0,2.508235294117647,71176.4705882353,[[0.00021952]],46
4.0,2.508235294117647,71176.4705882353,[[0.00021952]],46
4.0,2.508235294117647,57058.82352941176,[[0.00396152]],46
4.0,2.508235294117647,71176.4705882353,[[0.00021952]],46
4.0,2.508235294117647,71176.4705882353,[[0.00021952]],46
4.0,2.508235294117647,71176.4705882353,[[0.00021952]],46
4.0,2.508235294117647,71176.4705882353,[[0.00021952]],46
4.0,2.508235294117647,71176.4705882353,[[0.00021952]],46
4.0,2.508235294117647,71176.4705882353,[[0.00021952]],46
4.0,2.508235294117647,71176.4705882353,[[0.00021952]],46
4.0,2.508235294117647,71176.4705882353,[[0.00021952]],46
4.0,2.508235294117647,71176.4705882353,[[0.00021952]],46
4.0,2.508235294117647,71176.4705882353,[[0.00021952]],46
4.0,2.508235294117647,71176.4705882353,[[0.00021952]],46
4.0,2.508235294117647,71176.4705882353,[[0.00021952]],46
4.0,2.508235294117647,71176.4705882353,[[0.00021952]],46
4.0,2.508235294117647,71176.4705882353,[[0.00021952]],46
4.0,2.490980392156863,71176.4705882353,[[0.00151013]],46
4.0,2.508235294117647,71176.4705882353,[[0.00021952]],46
4.0,2.508235294117647,71176.4705882353,[[0.00021952]],46
4.0,2.508235294117647,71176.4705882353,[[0.00021952]],46
4.0,2.508235294117647,71176.4705882353,[[0.00021952]],46
4.0,2.508235294117647,71176.4705882353,[[0.00021952]],46
5.254901960784314,2.508235294117647,64117.64705882353,[[0.0157346]],46
4.0,2.508235294117647,71176.4705882353,[[0.00021952]],46
4.0,2.508235294117647,71176.4705882353,[[0.00021952]],46
4.0,2.508235294117647,71176.4705882353,[[0.00021952]],46
4.0,2.508235294117647,71176.4705882353,[[0.00021952]],46
4.0,2.508235294117647,71176.4705882353,[[0.00021952]],46
4.0,2.508235294117647,71176.4705882353,[[0.00021952]],46
4.0,2.508235294117647,71176.4705882353,[[0.00021952]],46
4.0,2.508235294117647,71176.4705882353,[[0.00021952]],46
11.529411764705882,2.508235294117647,71176.4705882353,[[0.2624832]],46
4.0,2.508235294117647,71176.4705882353,[[0.00021952]],46
4.0,2.508235294117647,71176.4705882353,[[0.00021952]],46
4.0,2.508235294117647,71176.4705882353,[[0.00021952]],46
4.0,2.508235294117647,71176.4705882353,[[0.00021952]],46
4.0,2.508235294117647,71176.4705882353,[[0.00021952]],46
4.0,2.508235294117647,71176.4705882353,[[0.00021952]],47
4.0,2.508235294117647,71176.4705882353,[[0.00021952]],47
4.0,2.508235294117647,71176.4705882353,[[0.00021952]],47
4.0,2.508235294117647,71176.4705882353,[[0.00021952]],47
4.0,2.508235294117647,71176.4705882353,[[0.00021952]],47
4.0,2.508235294117647,71176.4705882353,[[0.00021952]],47
4.0,2.508235294117647,71176.4705882353,[[0.00021952]],47
4.0,2.508235294117647,71176.4705882353,[[0.00021952]],47
4.078431372549019,1.4039215686274509,325294.1176470588,[[0.99148601]],47
4.0,2.508235294117647,71176.4705882353,[[0.00021952]],47
4.0,2.508235294117647,71176.4705882353,[[0.00021952]],47
4.0,2.508235294117647,71176.4705882353,[[0.00021952]],47
4.0,2.508235294117647,71176.4705882353,[[0.00021952]],47
4.0,2.508235294117647,71176.4705882353,[[0.00021952]],47
4.0,2.508235294117647,71176.4705882353,[[0.00021952]],47
4.0,2.508235294117647,71176.4705882353,[[0.00021952]],47
4.0,2.508235294117647,71176.4705882353,[[0.00021952]],47
4.0,2.508235294117647,71176.4705882353,[[0.00021952]],47
4.0,2.508235294117647,71176.4705882353,[[0.00021952]],47
4.0,2.6462745098039218,71176.4705882353,[[0.00439731]],47
4.0,2.508235294117647,71176.4705882353,[[0.00021952]],47
4.0,2.508235294117647,71176.4705882353,[[0.00021952]],47
4.0,2.508235294117647,71176.4705882353,[[0.00021952]],47
16.549019607843135,1.4039215686274509,71176.4705882353,[[0.62137764]],47
4.0,2.508235294117647,71176.4705882353,[[0.00021952]],47
4.0,2.508235294117647,71176.4705882353,[[0.00021952]],47
4.0,2.508235294117647,71176.4705882353,[[0.00021952]],47
4.0,2.508235294117647,71176.4705882353,[[0.00021952]],47
4.0,2.508235294117647,71176.4705882353,[[0.00021952]],47
4.0,2.508235294117647,71176.4705882353,[[0.00021952]],47
4.0,2.508235294117647,71176.4705882353,[[0.00021952]],47
4.078431372549019,2.508235294117647,71176.4705882353,[[0.0003193]],47
4.0,2.508235294117647,71176.4705882353,[[0.00021952]],47
4.0,2.508235294117647,71176.4705882353,[[0.00021952]],47
4.0,2.508235294117647,71176.4705882353,[[0.00021952]],47
4.0,2.508235294117647,71176.4705882353,[[0.00021952]],47
4.0,2.508235294117647,71176.4705882353,[[0.00021952]],47
6.666666666666666,2.508235294117647,71176.4705882353,[[0.08000291]],47
4.0,2.508235294117647,71176.4705882353,[[0.00021952]],47
4.0,2.508235294117647,71176.4705882353,[[0.00021952]],47
4.0,2.508235294117647,71176.4705882353,[[0.00021952]],47
5.254901960784314,2.508235294117647,85294.11764705883,[[0.03458547]],47
4.0,2.508235294117647,71176.4705882353,[[0.00021952]],47
4.0,2.508235294117647,71176.4705882353,[[0.00021952]],47
4.0,2.508235294117647,71176.4705882353,[[0.00021952]],47
4.0,2.508235294117647,71176.4705882353,[[0.00021952]],47
4.0,2.508235294117647,71176.4705882353,[[0.00021952]],47
4.0,2.508235294117647,71176.4705882353,[[0.00021952]],47
4.0,2.508235294117647,71176.4705882353,[[0.00021952]],47
4.0,2.508235294117647,71176.4705882353,[[0.00021952]],47
4.0,2.508235294117647,71176.4705882353,[[0.00021952]],47
4.0,2.508235294117647,71176.4705882353,[[0.00021952]],47
4.0,2.508235294117647,71176.4705882353,[[0.00021952]],47
4.0,2.508235294117647,71176.4705882353,[[0.00021952]],47
4.0,2.508235294117647,71176.4705882353,[[0.00021952]],47
4.0,2.508235294117647,71176.4705882353,[[0.00021952]],47
4.0,2.508235294117647,71176.4705882353,[[0.00021952]],47
6.509803921568627,2.577254901960784,71176.4705882353,[[0.05922959]],47
4.0,2.508235294117647,71176.4705882353,[[0.00021952]],47
4.0,2.508235294117647,71176.4705882353,[[0.00021952]],47
4.0,2.508235294117647,71176.4705882353,[[0.00021952]],47
4.0,2.508235294117647,71176.4705882353,[[0.00021952]],47
4.0,2.508235294117647,71176.4705882353,[[0.00021952]],47
4.0,2.508235294117647,71176.4705882353,[[0.00021952]],47
4.0,2.508235294117647,71176.4705882353,[[0.00021952]],47
4.0,2.508235294117647,71176.4705882353,[[0.00021952]],47
4.0,2.508235294117647,71176.4705882353,[[0.00021952]],47
4.1568627450980395,2.6462745098039218,71176.4705882353,[[0.00244381]],47
4.0,2.508235294117647,71176.4705882353,[[0.00021952]],47
4.0,2.508235294117647,71176.4705882353,[[0.00021952]],47
4.0,2.508235294117647,71176.4705882353,[[0.00021952]],47
4.0,2.508235294117647,71176.4705882353,[[0.00021952]],47
4.0,2.508235294117647,71176.4705882353,[[0.00021952]],47
4.0,2.508235294117647,71176.4705882353,[[0.00021952]],47
4.0,2.508235294117647,71176.4705882353,[[0.00021952]],47
4.0,2.508235294117647,71176.4705882353,[[0.00021952]],47
4.0,2.490980392156863,71176.4705882353,[[0.00151013]],47
4.0,2.56,71176.4705882353,[[0.00078808]],47
4.0,2.577254901960784,71176.4705882353,[[0.00123789]],47
4.078431372549019,2.508235294117647,74705.88235294117,[[0.00079371]],47
4.0,2.508235294117647,71176.4705882353,[[0.00021952]],47
4.0,2.508235294117647,71176.4705882353,[[0.00021952]],47
6.509803921568627,2.508235294117647,71176.4705882353,[[0.07265647]],47
4.0,2.508235294117647,71176.4705882353,[[0.00021952]],47
4.0,2.508235294117647,184117.64705882352,[[0.16769036]],47
4.0,2.508235294117647,71176.4705882353,[[0.00021952]],47
4.0,2.508235294117647,71176.4705882353,[[0.00021952]],47
4.0,2.508235294117647,71176.4705882353,[[0.00021952]],47
4.0,2.508235294117647,71176.4705882353,[[0.00021952]],47
4.0,2.508235294117647,71176.4705882353,[[0.00021952]],47
4.0,2.508235294117647,71176.4705882353,[[0.00021952]],47
4.0,2.508235294117647,71176.4705882353,[[0.00021952]],47
4.0,2.508235294117647,71176.4705882353,[[0.00021952]],47
4.0,2.508235294117647,71176.4705882353,[[0.00021952]],47
4.078431372549019,2.508235294117647,71176.4705882353,[[0.0003193]],47
4.0,2.508235294117647,71176.4705882353,[[0.00021952]],47
4.0,2.508235294117647,71176.4705882353,[[0.00021952]],48
4.0,2.508235294117647,71176.4705882353,[[0.00021952]],48
4.0,2.508235294117647,71176.4705882353,[[0.00021952]],48
4.0,2.508235294117647,71176.4705882353,[[0.00021952]],48
4.0,2.508235294117647,71176.4705882353,[[0.00021952]],48
4.0,2.508235294117647,71176.4705882353,[[0.00021952]],48
4.0,2.508235294117647,71176.4705882353,[[0.00021952]],48
4.0,2.508235294117647,71176.4705882353,[[0.00021952]],48
4.0,2.508235294117647,71176.4705882353,[[0.00021952]],48
4.0,2.508235294117647,71176.4705882353,[[0.00021952]],48
4.627450980392156,2.508235294117647,74705.88235294117,[[0.0074467]],48
4.0,2.508235294117647,71176.4705882353,[[0.00021952]],48
4.0,2.508235294117647,71176.4705882353,[[0.00021952]],48
4.0,2.508235294117647,71176.4705882353,[[0.00021952]],48
4.0,2.508235294117647,71176.4705882353,[[0.00021952]],48
4.0,2.508235294117647,71176.4705882353,[[0.00021952]],48
4.0,2.508235294117647,71176.4705882353,[[0.00021952]],48
4.0,2.508235294117647,71176.4705882353,[[0.00021952]],48
4.0,2.508235294117647,71176.4705882353,[[0.00021952]],48
4.0,2.508235294117647,71176.4705882353,[[0.00021952]],48
4.0,2.508235294117647,71176.4705882353,[[0.00021952]],48
4.0,2.508235294117647,71176.4705882353,[[0.00021952]],48
4.0,2.508235294117647,71176.4705882353,[[0.00021952]],48
4.0,2.508235294117647,71176.4705882353,[[0.00021952]],48
4.0,2.508235294117647,71176.4705882353,[[0.00021952]],48
4.0,2.508235294117647,71176.4705882353,[[0.00021952]],48
4.0,2.508235294117647,71176.4705882353,[[0.00021952]],48
9.019607843137255,2.508235294117647,71176.4705882353,[[0.18469688]],48
4.0,2.508235294117647,71176.4705882353,[[0.00021952]],48
4.0,2.508235294117647,71176.4705882353,[[0.00021952]],48
4.0,2.508235294117647,71176.4705882353,[[0.00021952]],48
4.0,2.508235294117647,71176.4705882353,[[0.00021952]],48
4.0,2.508235294117647,71176.4705882353,[[0.00021952]],48
4.0,2.508235294117647,71176.4705882353,[[0.00021952]],48
4.0,2.508235294117647,71176.4705882353,[[0.00021952]],48
4.0,2.508235294117647,71176.4705882353,[[0.00021952]],48
4.0,2.508235294117647,71176.4705882353,[[0.00021952]],48
4.0,2.508235294117647,71176.4705882353,[[0.00021952]],48
4.0,2.508235294117647,71176.4705882353,[[0.00021952]],48
4.0,2.508235294117647,71176.4705882353,[[0.00021952]],48
4.0,2.508235294117647,71176.4705882353,[[0.00021952]],48
4.0,2.508235294117647,71176.4705882353,[[0.00021952]],48
4.0,2.508235294117647,71176.4705882353,[[0.00021952]],48
4.0,2.508235294117647,71176.4705882353,[[0.00021952]],48
4.0,2.508235294117647,71176.4705882353,[[0.00021952]],48
4.0,2.508235294117647,71176.4705882353,[[0.00021952]],48
4.0,2.508235294117647,71176.4705882353,[[0.00021952]],48
4.313725490196078,2.508235294117647,57058.82352941176,[[0.0007223]],48
4.0,2.508235294117647,71176.4705882353,[[0.00021952]],48
4.0,2.508235294117647,71176.4705882353,[[0.00021952]],48
4.0,2.508235294117647,71176.4705882353,[[0.00021952]],48
4.0,2.508235294117647,71176.4705882353,[[0.00021952]],48
4.0,2.508235294117647,71176.4705882353,[[0.00021952]],48
4.0,2.508235294117647,71176.4705882353,[[0.00021952]],48
5.254901960784314,2.508235294117647,71176.4705882353,[[0.02127087]],48
4.0,2.508235294117647,71176.4705882353,[[0.00021952]],48
4.0,2.508235294117647,71176.4705882353,[[0.00021952]],48
4.0,2.508235294117647,71176.4705882353,[[0.00021952]],48
4.0,2.508235294117647,71176.4705882353,[[0.00021952]],48
4.0,2.508235294117647,71176.4705882353,[[0.00021952]],48
4.0,2.508235294117647,71176.4705882353,[[0.00021952]],48
4.0,2.508235294117647,99411.76470588235,[[0.01343285]],48
4.0,2.508235294117647,71176.4705882353,[[0.00021952]],48
4.0,2.508235294117647,71176.4705882353,[[0.00021952]],48
4.0,2.508235294117647,71176.4705882353,[[0.00021952]],48
4.0,2.508235294117647,71176.4705882353,[[0.00021952]],48
4.0,2.508235294117647,71176.4705882353,[[0.00021952]],48
4.0,2.508235294117647,64117.64705882353,[[0.00112419]],48
4.0,2.508235294117647,71176.4705882353,[[0.00021952]],48
4.0,2.508235294117647,71176.4705882353,[[0.00021952]],48
4.0,2.508235294117647,71176.4705882353,[[0.00021952]],48
4.0,2.508235294117647,71176.4705882353,[[0.00021952]],48
4.0,2.508235294117647,71176.4705882353,[[0.00021952]],48
4.0,2.508235294117647,71176.4705882353,[[0.00021952]],48
4.0,2.508235294117647,71176.4705882353,[[0.00021952]],48
4.0,2.508235294117647,71176.4705882353,[[0.00021952]],48
4.0,2.508235294117647,71176.4705882353,[[0.00021952]],48
4.0,2.508235294117647,71176.4705882353,[[0.00021952]],48
4.0,2.508235294117647,71176.4705882353,[[0.00021952]],48
4.0,2.508235294117647,71176.4705882353,[[0.00021952]],48
4.0,2.508235294117647,71176.4705882353,[[0.00021952]],48
4.0,2.508235294117647,71176.4705882353,[[0.00021952]],48
4.0,2.508235294117647,71176.4705882353,[[0.00021952]],48
4.0,2.508235294117647,71176.4705882353,[[0.00021952]],48
4.0,2.508235294117647,71176.4705882353,[[0.00021952]],48
6.509803921568627,2.508235294117647,71176.4705882353,[[0.07265647]],48
4.0,2.508235294117647,71176.4705882353,[[0.00021952]],48
4.078431372549019,2.508235294117647,71176.4705882353,[[0.0003193]],48
4.0,2.508235294117647,71176.4705882353,[[0.00021952]],48
4.0,2.508235294117647,71176.4705882353,[[0.00021952]],48
4.0,2.508235294117647,71176.4705882353,[[0.00021952]],48
4.0,2.508235294117647,71176.4705882353,[[0.00021952]],48
4.0,2.508235294117647,71176.4705882353,[[0.00021952]],48
4.0,2.508235294117647,71176.4705882353,[[0.00021952]],48
4.0,2.508235294117647,71176.4705882353,[[0.00021952]],48
4.0,2.508235294117647,71176.4705882353,[[0.00021952]],48
4.0,2.508235294117647,71176.4705882353,[[0.00021952]],49
4.0,2.508235294117647,71176.4705882353,[[0.00021952]],49
4.0,2.508235294117647,71176.4705882353,[[0.00021952]],49
4.0,2.508235294117647,71176.4705882353,[[0.00021952]],49
4.0,2.508235294117647,71176.4705882353,[[0.00021952]],49
4.0,2.508235294117647,71176.4705882353,[[0.00021952]],49
4.0,2.508235294117647,71176.4705882353,[[0.00021952]],49
4.0,2.508235294117647,71176.4705882353,[[0.00021952]],49
4.0,2.508235294117647,71176.4705882353,[[0.00021952]],49
4.0,2.508235294117647,71176.4705882353,[[0.00021952]],49
4.0,2.508235294117647,71176.4705882353,[[0.00021952]],49
4.0,2.508235294117647,71176.4705882353,[[0.00021952]],49
4.0,2.508235294117647,71176.4705882353,[[0.00021952]],49
4.0,2.508235294117647,71176.4705882353,[[0.00021952]],49
4.0,2.508235294117647,71176.4705882353,[[0.00021952]],49
4.0,2.508235294117647,71176.4705882353,[[0.00021952]],49
4.0,2.508235294117647,71176.4705882353,[[0.00021952]],49
4.0,2.508235294117647,71176.4705882353,[[0.00021952]],49
4.0,2.508235294117647,71176.4705882353,[[0.00021952]],49
4.0,2.508235294117647,71176.4705882353,[[0.00021952]],49
4.0,2.508235294117647,71176.4705882353,[[0.00021952]],49
4.0,2.508235294117647,71176.4705882353,[[0.00021952]],49
4.0,2.508235294117647,71176.4705882353,[[0.00021952]],49
4.0,2.508235294117647,71176.4705882353,[[0.00021952]],49
4.0,2.508235294117647,71176.4705882353,[[0.00021952]],49
4.0,2.508235294117647,71176.4705882353,[[0.00021952]],49
4.0,2.508235294117647,71176.4705882353,[[0.00021952]],49
4.0,2.508235294117647,71176.4705882353,[[0.00021952]],49
4.0,2.508235294117647,71176.4705882353,[[0.00021952]],49
4.0,2.508235294117647,71176.4705882353,[[0.00021952]],49
4.0,2.508235294117647,71176.4705882353,[[0.00021952]],49
4.0,2.508235294117647,71176.4705882353,[[0.00021952]],49
4.0,2.508235294117647,71176.4705882353,[[0.00021952]],49
4.078431372549019,2.508235294117647,71176.4705882353,[[0.0003193]],49
4.0,2.508235294117647,71176.4705882353,[[0.00021952]],49
4.0,2.508235294117647,71176.4705882353,[[0.00021952]],49
4.0,2.508235294117647,71176.4705882353,[[0.00021952]],49
4.0,2.508235294117647,71176.4705882353,[[0.00021952]],49
4.0,2.508235294117647,71176.4705882353,[[0.00021952]],49
4.0,2.508235294117647,71176.4705882353,[[0.00021952]],49
4.0,2.508235294117647,71176.4705882353,[[0.00021952]],49
4.0,2.508235294117647,71176.4705882353,[[0.00021952]],49
4.0,2.508235294117647,71176.4705882353,[[0.00021952]],49
4.0,2.508235294117647,71176.4705882353,[[0.00021952]],49
4.0,2.508235294117647,71176.4705882353,[[0.00021952]],49
4.0,2.516862745098039,71176.4705882353,[[0.00023447]],49
4.0,2.508235294117647,71176.4705882353,[[0.00021952]],49
4.0,2.508235294117647,71176.4705882353,[[0.00021952]],49
4.1568627450980395,2.4737254901960783,71176.4705882353,[[0.00394044]],49
4.0,2.508235294117647,71176.4705882353,[[0.00021952]],49
4.0,2.508235294117647,71176.4705882353,[[0.00021952]],49
4.0,2.516862745098039,71176.4705882353,[[0.00023447]],49
4.0,2.508235294117647,71176.4705882353,[[0.00021952]],49
4.0,2.508235294117647,71176.4705882353,[[0.00021952]],49
4.0,2.508235294117647,71176.4705882353,[[0.00021952]],49
4.0,2.7152941176470593,71176.4705882353,[[0.00982268]],49
4.0,2.508235294117647,71176.4705882353,[[0.00021952]],49
4.0,2.4737254901960783,74705.88235294117,[[0.00351093]],49
4.0,2.508235294117647,71176.4705882353,[[0.00021952]],49
4.0,2.508235294117647,71176.4705882353,[[0.00021952]],49
4.0,2.508235294117647,71176.4705882353,[[0.00021952]],49
4.0,2.508235294117647,71176.4705882353,[[0.00021952]],49
4.0,2.508235294117647,71176.4705882353,[[0.00021952]],49
4.0,1.4039215686274509,71176.4705882353,[[0.19607654]],49
4.0,2.508235294117647,71176.4705882353,[[0.00021952]],49
4.0,2.508235294117647,71176.4705882353,[[0.00021952]],49
4.0,2.508235294117647,71176.4705882353,[[0.00021952]],49
4.0,2.508235294117647,71176.4705882353,[[0.00021952]],49
4.0,2.508235294117647,71176.4705882353,[[0.00021952]],49
4.0,2.508235294117647,71176.4705882353,[[0.00021952]],49
4.0,2.508235294117647,71176.4705882353,[[0.00021952]],49
4.0,2.508235294117647,71176.4705882353,[[0.00021952]],49
4.0,2.508235294117647,71176.4705882353,[[0.00021952]],49
4.0,2.508235294117647,71176.4705882353,[[0.00021952]],49
4.0,2.508235294117647,297058.8235294118,[[0.52590939]],49
4.0,2.508235294117647,71176.4705882353,[[0.00021952]],49
4.0,2.508235294117647,71176.4705882353,[[0.00021952]],49
4.0,2.508235294117647,71176.4705882353,[[0.00021952]],49
4.0,2.508235294117647,71176.4705882353,[[0.00021952]],49
4.0,2.508235294117647,71176.4705882353,[[0.00021952]],49
4.0,2.508235294117647,71176.4705882353,[[0.00021952]],49
4.0,2.508235294117647,71176.4705882353,[[0.00021952]],49
4.0,2.508235294117647,71176.4705882353,[[0.00021952]],49
4.0,2.508235294117647,71176.4705882353,[[0.00021952]],49
4.0,2.508235294117647,71176.4705882353,[[0.00021952]],49
4.0,2.508235294117647,71176.4705882353,[[0.00021952]],49
9.333333333333332,2.508235294117647,64117.64705882353,[[0.19079787]],49
4.0,2.508235294117647,71176.4705882353,[[0.00021952]],49
4.0,2.508235294117647,71176.4705882353,[[0.00021952]],49
4.0,2.508235294117647,71176.4705882353,[[0.00021952]],49
4.0,2.508235294117647,71176.4705882353,[[0.00021952]],49
4.0,2.508235294117647,71176.4705882353,[[0.00021952]],49
4.0,2.508235294117647,71176.4705882353,[[0.00021952]],49
4.0,2.508235294117647,71176.4705882353,[[0.00021952]],49
4.0,2.508235294117647,71176.4705882353,[[0.00021952]],49
4.0,2.508235294117647,71176.4705882353,[[0.00021952]],49
5.96078431372549,2.577254901960784,325294.1176470588,[[0.47367131]],49
14.901960784313726,2.7843137254901964,415294.1176470588,[[0.37959248]],49
5.019607843137255,1.2572549019607844,268823.5294117647,[[0.7874069]],49
11.843137254901961,2.068235294117647,394117.64705882355,[[0.63027909]],49
5.019607843137255,1.343529411764706,487647.0588235294,[[1.42311688]],49
16.392156862745097,1.9388235294117648,249411.76470588235,[[0.5258949]],49
14.117647058823529,1.1364705882352943,295294.1176470588,[[0.88771742]],49
4.470588235294118,2.1631372549019607,496470.5882352941,[[1.37256204]],49
4.705882352941177,2.059607843137255,185882.35294117648,[[0.3473923]],49
5.7254901960784315,2.5341176470588236,346470.5882352941,[[0.55929235]],49
12.862745098039216,0.8086274509803922,325294.1176470588,[[1.15966611]],49
20.705882352941178,2.007843137254902,482352.9411764706,[[0.51480427]],49
23.92156862745098,1.3607843137254902,110000.0,[[0.55186526]],49
19.686274509803923,1.5333333333333334,464705.8823529412,[[0.64984293]],49
15.215686274509803,2.6117647058823534,224705.88235294117,[[0.35059786]],49
19.84313725490196,0.9207843137254903,275882.3529411765,[[0.78721614]],49
21.019607843137255,1.2227450980392158,224705.88235294117,[[0.64434962]],49
10.196078431372548,2.1890196078431376,196470.58823529413,[[0.4377241]],49
6.03921568627451,1.3003921568627452,148823.5294117647,[[0.66338616]],49
23.529411764705884,1.9388235294117648,362352.9411764706,[[0.47430005]],49
12.784313725490197,1.3607843137254902,316470.5882352941,[[0.85496405]],49
7.607843137254902,2.4650980392156865,228235.29411764705,[[0.34238965]],49
9.490196078431373,2.542745098039216,300588.23529411765,[[0.39921897]],49
7.215686274509804,2.9827450980392154,344705.8823529412,[[0.303482]],49
16.627450980392155,1.8266666666666667,131176.4705882353,[[0.51321588]],49
13.333333333333334,1.2572549019607844,78235.29411764706,[[0.71912124]],49
18.03921568627451,1.6023529411764708,247647.0588235294,[[0.60012219]],49
13.568627450980392,2.2580392156862743,342941.17647058825,[[0.50248974]],49
4.235294117647059,2.810196078431373,198235.29411764705,[[0.12057203]],49
15.058823529411764,1.6454901960784314,201764.70588235295,[[0.61397055]],49
16.705882352941174,2.810196078431373,447058.82352941175,[[0.37507376]],49
17.80392156862745,2.870588235294118,150588.23529411765,[[0.28908924]],49
16.941176470588236,2.059607843137255,194705.88235294117,[[0.47085266]],49
12.549019607843137,2.9568627450980394,256470.58823529413,[[0.26927775]],49
6.352941176470589,1.0674509803921568,150588.23529411765,[[0.80627067]],49
20.941176470588236,1.2658823529411767,482352.9411764706,[[0.70492938]],49
9.098039215686274,1.8611764705882354,327058.82352941175,[[0.73794451]],49
21.88235294117647,1.3521568627450982,233529.41176470587,[[0.60499293]],49
16.313725490196077,1.8439215686274513,113529.41176470587,[[0.50388958]],49
6.980392156862745,2.8792156862745104,198235.29411764705,[[0.14555288]],49
18.666666666666664,2.490980392156863,440000.0,[[0.42667122]],49
8.627450980392158,1.6282352941176472,141764.70588235295,[[0.5976108]],49
5.7254901960784315,0.8776470588235294,95882.35294117648,[[0.59243796]],49
7.921568627450981,2.1372549019607843,334117.64705882355,[[0.64499157]],49
15.92156862745098,1.3176470588235296,258235.29411764705,[[0.74456131]],49
22.666666666666668,2.4996078431372553,55294.117647058825,[[0.34039429]],49
19.294117647058826,1.9388235294117648,132941.17647058825,[[0.46794109]],49
21.41176470588235,2.111372549019608,145294.11764705883,[[0.422695]],49
17.568627450980394,2.7498039215686276,330588.23529411765,[[0.35339185]],49
8.313725490196077,2.723921568627451,254705.88235294117,[[0.28225172]],49
16.07843137254902,1.8611764705882354,106470.58823529413,[[0.49755476]],49
19.92156862745098,1.24,235294.11764705883,[[0.66290163]],49
10.980392156862745,2.059607843137255,265294.1176470588,[[0.54692278]],49
7.450980392156863,2.7929411764705883,231764.70588235295,[[0.2206886]],49
23.058823529411764,2.3529411764705888,466470.5882352941,[[0.42001203]],49
6.2745098039215685,2.6462745098039218,408235.29411764705,[[0.60625527]],49
13.72549019607843,1.1623529411764706,57058.82352941176,[[0.73664729]],49
15.607843137254902,1.6800000000000002,58823.529411764706,[[0.53394864]],49
12.470588235294118,1.8784313725490196,88823.5294117647,[[0.48227357]],49
19.686274509803923,1.9301960784313728,464705.8823529412,[[0.54432329]],49
6.745098039215686,0.9725490196078432,274117.6470588235,[[1.19592133]],49
9.254901960784313,1.2572549019607844,161176.4705882353,[[0.83650512]],49
12.862745098039216,1.395294117647059,83529.41176470587,[[0.6655534]],49
14.509803921568627,2.3615686274509806,57058.82352941176,[[0.34485911]],49
13.96078431372549,1.8956862745098042,235294.11764705883,[[0.55868916]],49
17.88235294117647,2.0250980392156865,492941.17647058825,[[0.55867071]],49
4.627450980392156,1.8698039215686275,141764.70588235295,[[0.27809355]],49
10.666666666666668,1.5333333333333334,51764.705882352944,[[0.56808438]],49
19.450980392156865,1.0415686274509806,404705.8823529412,[[0.78929932]],49
13.098039215686274,2.007843137254902,394117.64705882355,[[0.62261289]],49
15.294117647058824,2.0768627450980395,482352.9411764706,[[0.59270232]],49
4.470588235294118,0.9898039215686275,364117.64705882355,[[1.24886049]],49
12.470588235294118,1.887058823529412,60588.23529411765,[[0.46086316]],50
15.607843137254902,1.6713725490196079,87058.82352941176,[[0.54864889]],50
16.07843137254902,2.508235294117647,53529.41176470588,[[0.32069885]],50
4.0,1.8611764705882354,127647.05882352941,[[0.16989905]],50
5.098039215686274,2.4650980392156865,226470.58823529413,[[0.31655062]],50
6.509803921568627,2.508235294117647,72941.17647058824,[[0.07454057]],50
4.0,2.508235294117647,71176.4705882353,[[0.00021952]],50
4.0,2.508235294117647,71176.4705882353,[[0.00021952]],50
13.96078431372549,1.8956862745098042,235294.11764705883,[[0.55868916]],50
10.980392156862745,2.1286274509803924,265294.1176470588,[[0.52042777]],50
4.1568627450980395,2.508235294117647,71176.4705882353,[[0.00057665]],50
13.411764705882353,2.2580392156862743,342941.17647058825,[[0.50425343]],50
4.0,2.508235294117647,71176.4705882353,[[0.00021952]],50
4.0,2.508235294117647,71176.4705882353,[[0.00021952]],50
4.0,2.508235294117647,71176.4705882353,[[0.00021952]],50
4.0,2.508235294117647,71176.4705882353,[[0.00021952]],50
21.41176470588235,2.111372549019608,145294.11764705883,[[0.422695]],50
12.549019607843137,2.9568627450980394,256470.58823529413,[[0.26927775]],50
5.098039215686274,2.4564705882352946,228235.29411764705,[[0.32430525]],50
4.0,2.508235294117647,71176.4705882353,[[0.00021952]],50
17.80392156862745,2.870588235294118,150588.23529411765,[[0.28908924]],50
4.0,2.508235294117647,71176.4705882353,[[0.00021952]],50
4.0,2.508235294117647,71176.4705882353,[[0.00021952]],50
4.0,2.508235294117647,71176.4705882353,[[0.00021952]],50
20.313725490196077,1.2658823529411767,482352.9411764706,[[0.72128906]],50
4.627450980392156,2.508235294117647,71176.4705882353,[[0.00550691]],50
5.96078431372549,2.508235294117647,71176.4705882353,[[0.0479194]],50
4.0,2.577254901960784,381764.70588235295,[[0.83353059]],50
5.96078431372549,2.577254901960784,325294.1176470588,[[0.47367131]],50
4.0,2.508235294117647,71176.4705882353,[[0.00021952]],50
4.0,2.508235294117647,71176.4705882353,[[0.00021952]],50
4.0,2.508235294117647,71176.4705882353,[[0.00021952]],50
16.549019607843135,2.5341176470588236,447058.82352941175,[[0.43716682]],50
4.1568627450980395,2.7843137254901964,71176.4705882353,[[0.01305803]],50
4.0,2.508235294117647,71176.4705882353,[[0.00021952]],50
4.0,2.508235294117647,71176.4705882353,[[0.00021952]],50
4.0,2.508235294117647,71176.4705882353,[[0.00021952]],50
4.0,2.508235294117647,71176.4705882353,[[0.00021952]],50
4.0,2.516862745098039,71176.4705882353,[[0.00023447]],50
4.0,2.508235294117647,71176.4705882353,[[0.00021952]],50
4.0,2.508235294117647,71176.4705882353,[[0.00021952]],50
4.0,2.508235294117647,71176.4705882353,[[0.00021952]],50
9.098039215686274,1.8611764705882354,327058.82352941175,[[0.73794451]],50
4.0,2.508235294117647,71176.4705882353,[[0.00021952]],50
4.470588235294118,2.111372549019608,141764.70588235295,[[0.20116903]],50
20.941176470588236,2.508235294117647,74705.88235294117,[[0.34148049]],50
19.92156862745098,1.8784313725490196,235294.11764705883,[[0.50049971]],50
4.627450980392156,1.231372549019608,141764.70588235295,[[0.42612161]],50
5.7254901960784315,0.8776470588235294,95882.35294117648,[[0.59243796]],50
22.666666666666668,2.4996078431372553,55294.117647058825,[[0.34039429]],50
14.431372549019608,1.8439215686274513,113529.41176470587,[[0.51120779]],50
6.117647058823529,2.810196078431373,198235.29411764705,[[0.14367683]],50
4.1568627450980395,1.956078431372549,71176.4705882353,[[0.06279546]],50
21.254901960784313,2.6635294117647064,145294.11764705883,[[0.32856129]],50
5.647058823529411,2.0250980392156865,71176.4705882353,[[0.15734728]],50
19.058823529411764,2.508235294117647,482352.9411764706,[[0.42886475]],50
16.0,1.7058823529411766,447058.82352941175,[[0.68134449]],50
21.725490196078432,2.327058823529412,224705.88235294117,[[0.39598327]],50
17.568627450980394,2.7498039215686276,443529.4117647059,[[0.38179559]],50
4.0,2.508235294117647,71176.4705882353,[[0.00021952]],50
4.0,2.508235294117647,71176.4705882353,[[0.00021952]],50
4.0,2.508235294117647,71176.4705882353,[[0.00021952]],50
6.980392156862745,2.603137254901961,198235.29411764705,[[0.22773933]],50
4.705882352941177,2.335686274509804,185882.35294117648,[[0.25449014]],50
4.0,2.508235294117647,71176.4705882353,[[0.00021952]],50
5.254901960784314,2.508235294117647,71176.4705882353,[[0.02127087]],50
23.92156862745098,1.3607843137254902,64117.64705882353,[[0.54424885]],50
14.901960784313726,2.7843137254901964,457647.0588235294,[[0.39507857]],50
4.0,1.9388235294117648,71176.4705882353,[[0.05313025]],50
19.294117647058826,2.508235294117647,132941.17647058825,[[0.35207393]],50
4.0,2.508235294117647,71176.4705882353,[[0.00021952]],50
4.313725490196078,2.490980392156863,71176.4705882353,[[0.00537479]],50
5.7254901960784315,0.8776470588235294,95882.35294117648,[[0.59243796]],50
4.0,2.508235294117647,71176.4705882353,[[0.00021952]],50
19.058823529411764,2.5254901960784317,145294.11764705883,[[0.35151185]],50
6.352941176470589,2.0941176470588236,71176.4705882353,[[0.1834434]],50
15.607843137254902,1.6800000000000002,224705.88235294117,[[0.60484343]],50
15.215686274509803,2.6117647058823534,58823.529411764706,[[0.29324734]],50
4.0,2.508235294117647,71176.4705882353,[[0.00021952]],50
4.0,2.508235294117647,71176.4705882353,[[0.00021952]],50
19.294117647058826,2.490980392156863,132941.17647058825,[[0.35680044]],50
15.215686274509803,2.059607843137255,224705.88235294117,[[0.49263574]],50
7.137254901960784,1.8698039215686275,231764.70588235295,[[0.61181143]],50
4.9411764705882355,2.7929411764705883,141764.70588235295,[[0.04146988]],50
4.235294117647059,2.5341176470588236,198235.29411764705,[[0.2008848]],50
5.7254901960784315,2.810196078431373,346470.5882352941,[[0.42543828]],50
15.294117647058824,2.508235294117647,72941.17647058824,[[0.32074928]],50
4.0,2.0768627450980395,480588.23529411765,[[1.24559128]],50
4.0,2.7843137254901964,410000.0,[[0.87063695]],50
14.901960784313726,2.508235294117647,76470.58823529413,[[0.31837819]],50
4.0,2.508235294117647,71176.4705882353,[[0.00021952]],50
4.0,2.508235294117647,71176.4705882353,[[0.00021952]],50
19.92156862745098,1.127843137254902,65882.35294117648,[[0.65340653]],50
4.0,2.6203921568627453,240588.23529411765,[[0.295511]],50
10.117647058823529,2.1890196078431376,196470.58823529413,[[0.43709096]],50
4.078431372549019,2.508235294117647,71176.4705882353,[[0.0003193]],50
4.0,2.508235294117647,58823.529411764706,[[0.00306322]],51
15.215686274509803,2.6117647058823534,71176.4705882353,[[0.29743539]],51
4.0,2.508235294117647,71176.4705882353,[[0.00021952]],51
4.0,2.508235294117647,71176.4705882353,[[0.00021952]],51
4.0,2.516862745098039,141764.70588235295,[[0.07145472]],51
4.9411764705882355,2.7843137254901964,71176.4705882353,[[0.00081125]],51
4.0,0.851764705882353,71176.4705882353,[[0.51062155]],51
4.627450980392156,2.8878431372549027,141764.70588235295,[[0.02134686]],51
20.941176470588236,2.508235294117647,74705.88235294117,[[0.34148049]],51
4.0,2.508235294117647,71176.4705882353,[[0.00021952]],51
4.0,2.508235294117647,71176.4705882353,[[0.00021952]],51
4.0,2.508235294117647,71176.4705882353,[[0.00021952]],51
8.392156862745098,2.2580392156862743,339411.76470588235,[[0.58096718]],51
9.019607843137255,2.508235294117647,74705.88235294117,[[0.18777366]],51
4.0,2.508235294117647,71176.4705882353,[[0.00021952]],51
14.03921568627451,2.508235294117647,71176.4705882353,[[0.30683421]],51
4.0,2.508235294117647,71176.4705882353,[[0.00021952]],51
4.0,2.508235294117647,71176.4705882353,[[0.00021952]],51
4.0,2.490980392156863,71176.4705882353,[[0.00151013]],51
4.313725490196078,2.508235294117647,71176.4705882353,[[0.00159085]],51
4.0,2.508235294117647,71176.4705882353,[[0.00021952]],51
4.0,2.508235294117647,71176.4705882353,[[0.00021952]],51
4.0,2.508235294117647,71176.4705882353,[[0.00021952]],51
4.0,2.508235294117647,71176.4705882353,[[0.00021952]],51
4.9411764705882355,2.7929411764705883,71176.4705882353,[[0.00094239]],51
4.0,2.508235294117647,141764.70588235295,[[0.07316555]],51
4.627450980392156,2.508235294117647,71176.4705882353,[[0.00550691]],51
4.078431372549019,2.508235294117647,71176.4705882353,[[0.0003193]],51
4.627450980392156,0.9552941176470588,185882.35294117648,[[0.70846214]],51
4.078431372549019,2.4133333333333336,127647.05882352941,[[0.07836531]],51
4.0,2.508235294117647,71176.4705882353,[[0.00021952]],51
4.0,2.508235294117647,71176.4705882353,[[0.00021952]],51
6.980392156862745,2.603137254901961,198235.29411764705,[[0.22773933]],51
6.509803921568627,2.508235294117647,72941.17647058824,[[0.07454057]],51
4.1568627450980395,1.956078431372549,64117.64705882353,[[0.05203056]],51
19.92156862745098,1.8698039215686275,268823.5294117647,[[0.5101529]],51
4.313725490196078,2.7929411764705883,141764.70588235295,[[0.02926513]],51
5.098039215686274,2.111372549019608,141764.70588235295,[[0.24019706]],51
4.0,2.508235294117647,71176.4705882353,[[0.00021952]],51
4.0,2.508235294117647,71176.4705882353,[[0.00021952]],51
4.0,2.508235294117647,71176.4705882353,[[0.00021952]],51
19.215686274509803,2.490980392156863,132941.17647058825,[[0.35681648]],51
4.0,2.508235294117647,71176.4705882353,[[0.00021952]],51
20.941176470588236,2.508235294117647,74705.88235294117,[[0.34148049]],51
5.176470588235294,2.6117647058823534,57058.82352941176,[[0.00280644]],51
14.03921568627451,2.508235294117647,72941.17647058824,[[0.30756801]],51
4.0,2.508235294117647,71176.4705882353,[[0.00021952]],51
5.96078431372549,2.508235294117647,71176.4705882353,[[0.0479194]],51
6.117647058823529,2.577254901960784,325294.1176470588,[[0.4670568]],51
19.137254901960784,1.127843137254902,65882.35294117648,[[0.66640875]],51
4.0,2.508235294117647,71176.4705882353,[[0.00021952]],51
4.0,2.508235294117647,71176.4705882353,[[0.00021952]],51
5.176470588235294,2.508235294117647,141764.70588235295,[[0.11031302]],51
19.058823529411764,2.7929411764705883,132941.17647058825,[[0.30287564]],51
4.470588235294118,2.111372549019608,127647.05882352941,[[0.16788259]],51
4.1568627450980395,1.956078431372549,85294.11764705883,[[0.08654475]],51
19.294117647058826,2.490980392156863,76470.58823529413,[[0.34514619]],51
4.0,2.508235294117647,127647.05882352941,[[0.04877626]],51
4.0,2.508235294117647,71176.4705882353,[[0.00021952]],51
4.0,2.508235294117647,71176.4705882353,[[0.00021952]],51
4.1568627450980395,1.956078431372549,71176.4705882353,[[0.06279546]],51
4.0,2.508235294117647,71176.4705882353,[[0.00021952]],51
4.0,2.508235294117647,71176.4705882353,[[0.00021952]],51
4.0,2.508235294117647,71176.4705882353,[[0.00021952]],51
4.0,2.508235294117647,71176.4705882353,[[0.00021952]],51
4.0,2.508235294117647,71176.4705882353,[[0.00021952]],51
4.0,2.508235294117647,71176.4705882353,[[0.00021952]],51
4.0,2.508235294117647,71176.4705882353,[[0.00021952]],51
16.549019607843135,2.542745098039216,65882.35294117648,[[0.32075676]],51
4.0,2.4996078431372553,452352.9411764706,[[1.14993621]],51
4.1568627450980395,2.508235294117647,71176.4705882353,[[0.00057665]],51
5.254901960784314,2.508235294117647,71176.4705882353,[[0.02127087]],51
4.235294117647059,2.5341176470588236,198235.29411764705,[[0.2008848]],51
20.627450980392158,2.6980392156862747,145294.11764705883,[[0.32300247]],51
4.0,2.508235294117647,57058.82352941176,[[0.00396152]],51
22.666666666666668,2.4996078431372553,69411.76470588235,[[0.34237129]],51
4.0,2.6203921568627453,240588.23529411765,[[0.295511]],51
4.0,2.7843137254901964,71176.4705882353,[[0.01762925]],51
4.0,2.508235294117647,71176.4705882353,[[0.00021952]],51
4.1568627450980395,2.7843137254901964,71176.4705882353,[[0.01305803]],51
4.0,2.508235294117647,71176.4705882353,[[0.00021952]],51
4.784313725490196,1.956078431372549,72941.17647058824,[[0.11367557]],51
4.0,2.508235294117647,95882.35294117648,[[0.01045251]],51
10.745098039215687,0.8776470588235294,71176.4705882353,[[0.93559405]],51
4.0,2.508235294117647,71176.4705882353,[[0.00021952]],51
4.0,2.508235294117647,71176.4705882353,[[0.00021952]],51
4.0,2.508235294117647,71176.4705882353,[[0.00021952]],51
4.0,2.508235294117647,71176.4705882353,[[0.00021952]],51
4.0,2.508235294117647,71176.4705882353,[[0.00021952]],51
4.0,2.508235294117647,71176.4705882353,[[0.00021952]],51
4.0,2.508235294117647,72941.17647058824,[[0.00027943]],51
4.705882352941177,2.335686274509804,184117.64705882352,[[0.25001309]],51
4.0,2.508235294117647,71176.4705882353,[[0.00021952]],51
4.0,2.508235294117647,71176.4705882353,[[0.00021952]],51
4.235294117647059,2.508235294117647,71176.4705882353,[[0.00099901]],51
5.882352941176471,2.810196078431373,198235.29411764705,[[0.13860177]],51
4.0,2.490980392156863,71176.4705882353,[[0.00151013]],52
4.0,2.508235294117647,71176.4705882353,[[0.00021952]],52
4.627450980392156,2.7498039215686276,71176.4705882353,[[0.00195568]],52
4.0,2.7843137254901964,71176.4705882353,[[0.01762925]],52
4.0,2.508235294117647,71176.4705882353,[[0.00021952]],52
4.1568627450980395,2.7843137254901964,71176.4705882353,[[0.01305803]],52
4.0,2.508235294117647,71176.4705882353,[[0.00021952]],52
6.509803921568627,2.490980392156863,71176.4705882353,[[0.08672027]],52
4.1568627450980395,1.956078431372549,71176.4705882353,[[0.06279546]],52
6.509803921568627,2.7843137254901964,85294.11764705883,[[0.03745236]],52
6.980392156862745,2.603137254901961,198235.29411764705,[[0.22773933]],52
4.0,1.956078431372549,71176.4705882353,[[0.05121097]],52
4.0,2.508235294117647,71176.4705882353,[[0.00021952]],52
4.0,2.508235294117647,71176.4705882353,[[0.00021952]],52
4.0,2.508235294117647,71176.4705882353,[[0.00021952]],52
4.0,2.7843137254901964,71176.4705882353,[[0.01762925]],52
4.0,2.490980392156863,71176.4705882353,[[0.00151013]],52
4.0,2.508235294117647,57058.82352941176,[[0.00396152]],52
4.470588235294118,2.111372549019608,127647.05882352941,[[0.16788259]],52
4.0,2.508235294117647,71176.4705882353,[[0.00021952]],52
4.235294117647059,2.542745098039216,71176.4705882353,[[0.00040978]],52
4.0,2.4996078431372553,198235.29411764705,[[0.21948986]],52
4.0,2.508235294117647,71176.4705882353,[[0.00021952]],52
4.0,2.508235294117647,71176.4705882353,[[0.00021952]],52
4.0,2.508235294117647,71176.4705882353,[[0.00021952]],52
4.0,2.508235294117647,71176.4705882353,[[0.00021952]],52
4.0,2.508235294117647,71176.4705882353,[[0.00021952]],52
20.941176470588236,2.508235294117647,74705.88235294117,[[0.34148049]],52
4.0,2.508235294117647,71176.4705882353,[[0.00021952]],52
4.235294117647059,2.508235294117647,71176.4705882353,[[0.00099901]],52
4.1568627450980395,2.508235294117647,71176.4705882353,[[0.00057665]],52
4.0,2.508235294117647,71176.4705882353,[[0.00021952]],52
4.0,2.508235294117647,71176.4705882353,[[0.00021952]],52
4.235294117647059,2.7843137254901964,71176.4705882353,[[0.01097245]],52
4.0,2.508235294117647,71176.4705882353,[[0.00021952]],52
4.0,2.508235294117647,71176.4705882353,[[0.00021952]],52
4.1568627450980395,2.508235294117647,71176.4705882353,[[0.00057665]],52
5.96078431372549,2.508235294117647,71176.4705882353,[[0.0479194]],52
4.0,2.508235294117647,71176.4705882353,[[0.00021952]],52
4.0,2.508235294117647,71176.4705882353,[[0.00021952]],52
4.0,2.508235294117647,71176.4705882353,[[0.00021952]],52
4.0,2.508235294117647,71176.4705882353,[[0.00021952]],52
4.0,2.508235294117647,64117.64705882353,[[0.00112419]],52
4.0,2.508235294117647,71176.4705882353,[[0.00021952]],52
4.0,2.508235294117647,141764.70588235295,[[0.07316555]],52
4.0,2.508235294117647,71176.4705882353,[[0.00021952]],52
4.1568627450980395,2.508235294117647,71176.4705882353,[[0.00057665]],52
4.0,2.508235294117647,71176.4705882353,[[0.00021952]],52
4.9411764705882355,2.7929411764705883,71176.4705882353,[[0.00094239]],52
4.0,2.508235294117647,71176.4705882353,[[0.00021952]],52
4.0,2.594509803921569,71176.4705882353,[[0.00182156]],52
5.176470588235294,1.4039215686274509,85294.11764705883,[[0.33385103]],52
5.176470588235294,2.508235294117647,71176.4705882353,[[0.01879803]],52
4.627450980392156,2.508235294117647,254705.88235294117,[[0.36730656]],52
4.0,2.516862745098039,141764.70588235295,[[0.07145472]],52
4.0,2.508235294117647,71176.4705882353,[[0.00021952]],52
4.0,2.508235294117647,71176.4705882353,[[0.00021952]],52
4.0,2.508235294117647,71176.4705882353,[[0.00021952]],52
4.0,2.508235294117647,71176.4705882353,[[0.00021952]],52
4.0,2.508235294117647,71176.4705882353,[[0.00021952]],52
4.0,2.508235294117647,71176.4705882353,[[0.00021952]],52
4.0,2.508235294117647,71176.4705882353,[[0.00021952]],52
4.0,2.7843137254901964,58823.529411764706,[[0.03633241]],52
4.0,2.508235294117647,71176.4705882353,[[0.00021952]],52
4.0,2.508235294117647,71176.4705882353,[[0.00021952]],52
4.627450980392156,2.8878431372549027,141764.70588235295,[[0.02134686]],52
5.176470588235294,2.6462745098039218,57058.82352941176,[[0.0016348]],52
4.0,2.4737254901960783,71176.4705882353,[[0.00208655]],52
6.509803921568627,2.508235294117647,71176.4705882353,[[0.07265647]],52
4.0,2.508235294117647,71176.4705882353,[[0.00021952]],52
4.0,2.508235294117647,95882.35294117648,[[0.01045251]],52
4.0,2.508235294117647,71176.4705882353,[[0.00021952]],52
4.0,2.508235294117647,95882.35294117648,[[0.01045251]],52
4.0,2.508235294117647,71176.4705882353,[[0.00021952]],52
4.0,2.810196078431373,198235.29411764705,[[0.1216004]],52
5.882352941176471,2.508235294117647,71176.4705882353,[[0.04460451]],52
4.0,2.508235294117647,71176.4705882353,[[0.00021952]],52
4.0,2.508235294117647,71176.4705882353,[[0.00021952]],52
4.0,2.508235294117647,71176.4705882353,[[0.00021952]],52
4.0,2.508235294117647,71176.4705882353,[[0.00021952]],52
4.0,2.508235294117647,71176.4705882353,[[0.00021952]],52
4.0,2.508235294117647,71176.4705882353,[[0.00021952]],52
19.058823529411764,2.7843137254901964,76470.58823529413,[[0.29307611]],52
4.1568627450980395,2.516862745098039,127647.05882352941,[[0.05155078]],52
4.627450980392156,2.6117647058823534,57058.82352941176,[[0.00119561]],52
4.549019607843137,2.508235294117647,71176.4705882353,[[0.00441675]],52
4.0,2.508235294117647,71176.4705882353,[[0.00021952]],52
5.254901960784314,2.508235294117647,95882.35294117648,[[0.04639924]],52
4.0,2.508235294117647,297058.8235294118,[[0.52590939]],52
4.0,2.508235294117647,71176.4705882353,[[0.00021952]],52
4.0,2.508235294117647,71176.4705882353,[[0.00021952]],52
4.0,2.508235294117647,71176.4705882353,[[0.00021952]],52
4.0,1.956078431372549,71176.4705882353,[[0.05121097]],52
4.1568627450980395,2.508235294117647,71176.4705882353,[[0.00057665]],52
6.509803921568627,2.490980392156863,184117.64705882352,[[0.24456279]],52
4.0,2.508235294117647,71176.4705882353,[[0.00021952]],52
4.0,2.508235294117647,71176.4705882353,[[0.00021952]],53
4.0,2.508235294117647,72941.17647058824,[[0.00027943]],53
4.0,2.508235294117647,71176.4705882353,[[0.00021952]],53
4.0,2.4737254901960783,71176.4705882353,[[0.00208655]],53
4.0,2.508235294117647,177058.82352941175,[[0.14998245]],53
4.0,2.508235294117647,71176.4705882353,[[0.00021952]],53
6.509803921568627,2.508235294117647,71176.4705882353,[[0.07265647]],53
4.0,2.508235294117647,71176.4705882353,[[0.00021952]],53
4.0,2.508235294117647,71176.4705882353,[[0.00021952]],53
5.254901960784314,2.508235294117647,71176.4705882353,[[0.02127087]],53
4.0,2.508235294117647,71176.4705882353,[[0.00021952]],53
4.0,2.508235294117647,71176.4705882353,[[0.00021952]],53
4.0,2.508235294117647,71176.4705882353,[[0.00021952]],53
4.0,2.508235294117647,74705.88235294117,[[0.00044978]],53
4.0,2.508235294117647,71176.4705882353,[[0.00021952]],53
4.235294117647059,2.542745098039216,71176.4705882353,[[0.00040978]],53
4.0,2.7843137254901964,71176.4705882353,[[0.01762925]],53
4.0,2.508235294117647,58823.529411764706,[[0.00306322]],53
4.0,2.508235294117647,71176.4705882353,[[0.00021952]],53
4.235294117647059,2.7843137254901964,71176.4705882353,[[0.01097245]],53
4.0,2.508235294117647,71176.4705882353,[[0.00021952]],53
4.1568627450980395,2.7843137254901964,71176.4705882353,[[0.01305803]],53
4.0,2.508235294117647,71176.4705882353,[[0.00021952]],53
5.411764705882353,2.508235294117647,71176.4705882353,[[0.02655621]],53
4.0,2.508235294117647,71176.4705882353,[[0.00021952]],53
4.0,2.7843137254901964,71176.4705882353,[[0.01762925]],53
4.0,2.508235294117647,71176.4705882353,[[0.00021952]],53
4.0,2.508235294117647,71176.4705882353,[[0.00021952]],53
4.627450980392156,2.6117647058823534,71176.4705882353,[[0.00104613]],53
4.0,2.508235294117647,57058.82352941176,[[0.00396152]],53
4.0,2.508235294117647,71176.4705882353,[[0.00021952]],53
4.0,2.508235294117647,71176.4705882353,[[0.00021952]],53
4.0,2.508235294117647,71176.4705882353,[[0.00021952]],53
4.0,2.516862745098039,141764.70588235295,[[0.07145472]],53
4.0,2.508235294117647,71176.4705882353,[[0.00021952]],53
4.0,2.508235294117647,71176.4705882353,[[0.00021952]],53
4.0,2.508235294117647,71176.4705882353,[[0.00021952]],53
4.235294117647059,2.508235294117647,71176.4705882353,[[0.00099901]],53
4.0,2.508235294117647,71176.4705882353,[[0.00021952]],53
4.0,2.508235294117647,71176.4705882353,[[0.00021952]],53
4.0,2.508235294117647,71176.4705882353,[[0.00021952]],53
4.0,2.508235294117647,71176.4705882353,[[0.00021952]],53
4.235294117647059,2.490980392156863,71176.4705882353,[[0.00415675]],53
4.0,2.542745098039216,71176.4705882353,[[0.00046993]],53
4.0,2.508235294117647,71176.4705882353,[[0.00021952]],53
4.0,2.508235294117647,71176.4705882353,[[0.00021952]],53
4.0,2.508235294117647,71176.4705882353,[[0.00021952]],53
4.0,2.508235294117647,57058.82352941176,[[0.00396152]],53
5.254901960784314,2.56,72941.17647058824,[[0.01669377]],53
4.0,2.508235294117647,71176.4705882353,[[0.00021952]],53
4.0,2.508235294117647,71176.4705882353,[[0.00021952]],53
4.0,2.508235294117647,71176.4705882353,[[0.00021952]],53
4.0,2.7843137254901964,71176.4705882353,[[0.01762925]],53
4.9411764705882355,2.516862745098039,71176.4705882353,[[0.01139321]],53
4.0,2.508235294117647,71176.4705882353,[[0.00021952]],53
5.254901960784314,2.508235294117647,99411.76470588235,[[0.05066434]],53
4.0,2.508235294117647,71176.4705882353,[[0.00021952]],53
4.0,2.577254901960784,71176.4705882353,[[0.00123789]],53
4.627450980392156,2.7498039215686276,71176.4705882353,[[0.00195568]],53
4.235294117647059,2.542745098039216,71176.4705882353,[[0.00040978]],53
4.0,2.508235294117647,71176.4705882353,[[0.00021952]],53
4.0,2.508235294117647,71176.4705882353,[[0.00021952]],53
4.0,2.508235294117647,71176.4705882353,[[0.00021952]],53
4.0,2.508235294117647,64117.64705882353,[[0.00112419]],53
4.0,2.508235294117647,71176.4705882353,[[0.00021952]],53
4.0,2.508235294117647,71176.4705882353,[[0.00021952]],53
4.0,2.508235294117647,71176.4705882353,[[0.00021952]],53
4.1568627450980395,2.490980392156863,71176.4705882353,[[0.00310611]],53
4.627450980392156,2.508235294117647,71176.4705882353,[[0.00550691]],53
5.411764705882353,2.508235294117647,71176.4705882353,[[0.02655621]],53
4.0,2.508235294117647,71176.4705882353,[[0.00021952]],53
4.9411764705882355,2.508235294117647,71176.4705882353,[[0.01219286]],53
4.0,2.508235294117647,71176.4705882353,[[0.00021952]],53
4.0,2.508235294117647,71176.4705882353,[[0.00021952]],53
4.0,2.508235294117647,71176.4705882353,[[0.00021952]],53
4.0,2.508235294117647,71176.4705882353,[[0.00021952]],53
4.0,2.508235294117647,71176.4705882353,[[0.00021952]],53
6.509803921568627,2.508235294117647,71176.4705882353,[[0.07265647]],53
4.0,2.508235294117647,71176.4705882353,[[0.00021952]],53
4.0,2.508235294117647,71176.4705882353,[[0.00021952]],53
4.0,2.508235294117647,71176.4705882353,[[0.00021952]],53
4.0,2.508235294117647,71176.4705882353,[[0.00021952]],53
4.0,2.508235294117647,71176.4705882353,[[0.00021952]],53
4.0,2.508235294117647,71176.4705882353,[[0.00021952]],53
9.019607843137255,2.6117647058823534,71176.4705882353,[[0.15870051]],53
4.0,2.508235294117647,71176.4705882353,[[0.00021952]],53
4.0,2.4737254901960783,71176.4705882353,[[0.00208655]],53
4.0,2.4737254901960783,71176.4705882353,[[0.00208655]],53
4.0,2.508235294117647,71176.4705882353,[[0.00021952]],53
4.0,2.508235294117647,71176.4705882353,[[0.00021952]],53
4.0,2.508235294117647,71176.4705882353,[[0.00021952]],53
4.0,2.508235294117647,71176.4705882353,[[0.00021952]],53
4.0,2.508235294117647,71176.4705882353,[[0.00021952]],53
4.0,2.508235294117647,71176.4705882353,[[0.00021952]],53
4.0,2.508235294117647,71176.4705882353,[[0.00021952]],53
4.0,2.508235294117647,71176.4705882353,[[0.00021952]],53
4.0,2.508235294117647,71176.4705882353,[[0.00021952]],54
4.0,2.508235294117647,71176.4705882353,[[0.00021952]],54
5.254901960784314,2.508235294117647,71176.4705882353,[[0.02127087]],54
4.0,2.508235294117647,71176.4705882353,[[0.00021952]],54
4.0,2.6462745098039218,71176.4705882353,[[0.00439731]],54
4.627450980392156,2.4737254901960783,71176.4705882353,[[0.0129641]],54
4.0,2.508235294117647,71176.4705882353,[[0.00021952]],54
4.0,2.508235294117647,71176.4705882353,[[0.00021952]],54
4.0,2.508235294117647,71176.4705882353,[[0.00021952]],54
4.0,2.508235294117647,71176.4705882353,[[0.00021952]],54
4.0,1.4039215686274509,297058.8235294118,[[0.92864894]],54
4.0,2.508235294117647,71176.4705882353,[[0.00021952]],54
4.0,2.508235294117647,71176.4705882353,[[0.00021952]],54
4.0,2.508235294117647,71176.4705882353,[[0.00021952]],54
4.0,2.508235294117647,71176.4705882353,[[0.00021952]],54
4.0,2.508235294117647,71176.4705882353,[[0.00021952]],54
4.0,2.508235294117647,71176.4705882353,[[0.00021952]],54
4.0,2.508235294117647,71176.4705882353,[[0.00021952]],54
4.0,2.508235294117647,71176.4705882353,[[0.00021952]],54
4.0,2.508235294117647,71176.4705882353,[[0.00021952]],54
4.0,2.508235294117647,71176.4705882353,[[0.00021952]],54
4.0,2.508235294117647,71176.4705882353,[[0.00021952]],54
4.0,2.508235294117647,71176.4705882353,[[0.00021952]],54
4.0,2.508235294117647,71176.4705882353,[[0.00021952]],54
4.0,2.508235294117647,71176.4705882353,[[0.00021952]],54
4.0,2.508235294117647,71176.4705882353,[[0.00021952]],54
4.0,2.577254901960784,71176.4705882353,[[0.00123789]],54
4.0,2.508235294117647,72941.17647058824,[[0.00027943]],54
4.0,2.508235294117647,71176.4705882353,[[0.00021952]],54
4.0,2.490980392156863,71176.4705882353,[[0.00151013]],54
4.0,2.508235294117647,71176.4705882353,[[0.00021952]],54
4.0,2.508235294117647,71176.4705882353,[[0.00021952]],54
4.0,2.508235294117647,71176.4705882353,[[0.00021952]],54
4.0,2.508235294117647,187647.0588235294,[[0.17680509]],54
4.0,2.4737254901960783,71176.4705882353,[[0.00208655]],54
4.0,2.508235294117647,71176.4705882353,[[0.00021952]],54
4.0,2.508235294117647,71176.4705882353,[[0.00021952]],54
4.0,2.508235294117647,71176.4705882353,[[0.00021952]],54
4.0,2.508235294117647,71176.4705882353,[[0.00021952]],54
4.0,2.508235294117647,71176.4705882353,[[0.00021952]],54
4.0,2.508235294117647,71176.4705882353,[[0.00021952]],54
4.0,2.508235294117647,71176.4705882353,[[0.00021952]],54
4.0,2.508235294117647,71176.4705882353,[[0.00021952]],54
4.0,2.508235294117647,71176.4705882353,[[0.00021952]],54
4.0,2.508235294117647,71176.4705882353,[[0.00021952]],54
4.0,2.508235294117647,71176.4705882353,[[0.00021952]],54
4.0,2.508235294117647,71176.4705882353,[[0.00021952]],54
4.0,2.508235294117647,71176.4705882353,[[0.00021952]],54
4.0,2.508235294117647,71176.4705882353,[[0.00021952]],54
4.0,2.508235294117647,71176.4705882353,[[0.00021952]],54
4.078431372549019,2.577254901960784,71176.4705882353,[[0.00077915]],54
4.0,2.508235294117647,71176.4705882353,[[0.00021952]],54
4.0,2.508235294117647,99411.76470588235,[[0.01343285]],54
5.254901960784314,2.508235294117647,71176.4705882353,[[0.02127087]],54
4.0,2.508235294117647,71176.4705882353,[[0.00021952]],54
4.0,1.956078431372549,71176.4705882353,[[0.05121097]],54
4.0,2.508235294117647,71176.4705882353,[[0.00021952]],54
4.0,2.508235294117647,71176.4705882353,[[0.00021952]],54
4.0,2.508235294117647,71176.4705882353,[[0.00021952]],54
4.0,2.508235294117647,71176.4705882353,[[0.00021952]],54
4.0,2.508235294117647,71176.4705882353,[[0.00021952]],54
4.0,2.4737254901960783,71176.4705882353,[[0.00208655]],54
4.627450980392156,2.6117647058823534,71176.4705882353,[[0.00104613]],54
4.235294117647059,2.490980392156863,71176.4705882353,[[0.00415675]],54
4.0,2.542745098039216,71176.4705882353,[[0.00046993]],54
4.235294117647059,2.508235294117647,71176.4705882353,[[0.00099901]],54
4.0,2.508235294117647,71176.4705882353,[[0.00021952]],54
4.0,2.508235294117647,71176.4705882353,[[0.00021952]],54
4.0,2.7843137254901964,71176.4705882353,[[0.01762925]],54
4.0,2.508235294117647,71176.4705882353,[[0.00021952]],54
4.0,2.508235294117647,71176.4705882353,[[0.00021952]],54
4.078431372549019,2.508235294117647,297058.8235294118,[[0.52370906]],54
4.0,2.508235294117647,71176.4705882353,[[0.00021952]],54
4.0,2.508235294117647,71176.4705882353,[[0.00021952]],54
4.0,2.508235294117647,71176.4705882353,[[0.00021952]],54
4.1568627450980395,2.508235294117647,129411.76470588235,[[0.05595082]],54
4.9411764705882355,2.508235294117647,71176.4705882353,[[0.01219286]],54
4.0,2.508235294117647,71176.4705882353,[[0.00021952]],54
4.0,2.508235294117647,71176.4705882353,[[0.00021952]],54
4.0,2.508235294117647,71176.4705882353,[[0.00021952]],54
4.0,2.508235294117647,71176.4705882353,[[0.00021952]],54
4.0,2.508235294117647,71176.4705882353,[[0.00021952]],54
4.0,2.508235294117647,71176.4705882353,[[0.00021952]],54
4.0,2.508235294117647,71176.4705882353,[[0.00021952]],54
4.0,2.508235294117647,71176.4705882353,[[0.00021952]],54
4.0,2.508235294117647,71176.4705882353,[[0.00021952]],54
4.0,2.508235294117647,71176.4705882353,[[0.00021952]],54
4.0,2.508235294117647,71176.4705882353,[[0.00021952]],54
4.0,2.508235294117647,71176.4705882353,[[0.00021952]],54
4.0,2.508235294117647,71176.4705882353,[[0.00021952]],54
4.0,2.4737254901960783,58823.529411764706,[[0.00029516]],54
4.0,2.508235294117647,71176.4705882353,[[0.00021952]],54
4.0,2.508235294117647,71176.4705882353,[[0.00021952]],54
4.0,2.508235294117647,72941.17647058824,[[0.00027943]],54
4.0,2.508235294117647,71176.4705882353,[[0.00021952]],54
4.0,2.508235294117647,71176.4705882353,[[0.00021952]],54
4.0,2.508235294117647,71176.4705882353,[[0.00021952]],55
4.0,2.508235294117647,71176.4705882353,[[0.00021952]],55
4.0,2.508235294117647,71176.4705882353,[[0.00021952]],55
9.333333333333332,2.508235294117647,71176.4705882353,[[0.19664903]],55
4.0,2.490980392156863,50000.0,[[0.00310753]],55
4.0,2.508235294117647,71176.4705882353,[[0.00021952]],55
4.0,2.508235294117647,71176.4705882353,[[0.00021952]],55
4.0,2.508235294117647,71176.4705882353,[[0.00021952]],55
4.0,2.508235294117647,71176.4705882353,[[0.00021952]],55
4.0,2.508235294117647,57058.82352941176,[[0.00396152]],55
4.0,2.508235294117647,71176.4705882353,[[0.00021952]],55
4.0,2.508235294117647,71176.4705882353,[[0.00021952]],55
4.0,2.508235294117647,71176.4705882353,[[0.00021952]],55
4.0,2.508235294117647,71176.4705882353,[[0.00021952]],55
4.627450980392156,1.956078431372549,71176.4705882353,[[0.09793749]],55
4.0,2.4737254901960783,71176.4705882353,[[0.00208655]],55
4.0,2.508235294117647,71176.4705882353,[[0.00021952]],55
4.0,2.508235294117647,71176.4705882353,[[0.00021952]],55
4.0,2.508235294117647,71176.4705882353,[[0.00021952]],55
4.0,2.508235294117647,71176.4705882353,[[0.00021952]],55
4.627450980392156,2.508235294117647,71176.4705882353,[[0.00550691]],55
4.0,2.508235294117647,71176.4705882353,[[0.00021952]],55
4.0,2.508235294117647,71176.4705882353,[[0.00021952]],55
4.0,2.508235294117647,71176.4705882353,[[0.00021952]],55
4.0,2.508235294117647,71176.4705882353,[[0.00021952]],55
4.0,2.508235294117647,71176.4705882353,[[0.00021952]],55
4.0,2.508235294117647,71176.4705882353,[[0.00021952]],55
4.0,2.508235294117647,71176.4705882353,[[0.00021952]],55
4.0,2.508235294117647,71176.4705882353,[[0.00021952]],55
5.254901960784314,2.508235294117647,71176.4705882353,[[0.02127087]],55
4.0,2.508235294117647,71176.4705882353,[[0.00021952]],55
4.0,2.490980392156863,71176.4705882353,[[0.00151013]],55
4.0,2.508235294117647,71176.4705882353,[[0.00021952]],55
4.0,2.508235294117647,71176.4705882353,[[0.00021952]],55
4.0,2.508235294117647,71176.4705882353,[[0.00021952]],55
4.0,2.508235294117647,71176.4705882353,[[0.00021952]],55
4.0,2.508235294117647,71176.4705882353,[[0.00021952]],55
4.0,1.4039215686274509,57058.82352941176,[[0.1598595]],55
4.0,2.508235294117647,71176.4705882353,[[0.00021952]],55
4.627450980392156,2.508235294117647,71176.4705882353,[[0.00550691]],55
4.0,2.508235294117647,71176.4705882353,[[0.00021952]],55
4.0,2.508235294117647,71176.4705882353,[[0.00021952]],55
4.0,2.577254901960784,71176.4705882353,[[0.00123789]],55
4.078431372549019,2.508235294117647,71176.4705882353,[[0.0003193]],55
4.627450980392156,2.4737254901960783,71176.4705882353,[[0.0129641]],55
4.0,2.508235294117647,71176.4705882353,[[0.00021952]],55
4.0,2.508235294117647,71176.4705882353,[[0.00021952]],55
4.0,2.508235294117647,71176.4705882353,[[0.00021952]],55
4.0,2.508235294117647,71176.4705882353,[[0.00021952]],55
4.0,2.508235294117647,71176.4705882353,[[0.00021952]],55
4.0,2.508235294117647,71176.4705882353,[[0.00021952]],55
4.0,2.508235294117647,71176.4705882353,[[0.00021952]],55
4.0,2.508235294117647,71176.4705882353,[[0.00021952]],55
4.078431372549019,2.508235294117647,71176.4705882353,[[0.0003193]],55
4.0,2.508235294117647,71176.4705882353,[[0.00021952]],55
4.0,2.490980392156863,71176.4705882353,[[0.00151013]],55
4.235294117647059,2.508235294117647,71176.4705882353,[[0.00099901]],55
4.0,1.9388235294117648,99411.76470588235,[[0.09927803]],55
4.0,2.508235294117647,71176.4705882353,[[0.00021952]],55
4.0,2.508235294117647,71176.4705882353,[[0.00021952]],55
4.0,2.508235294117647,71176.4705882353,[[0.00021952]],55
4.0,2.508235294117647,71176.4705882353,[[0.00021952]],55
4.0,2.508235294117647,71176.4705882353,[[0.00021952]],55
4.0,2.508235294117647,71176.4705882353,[[0.00021952]],55
4.0,2.508235294117647,71176.4705882353,[[0.00021952]],55
4.0,2.508235294117647,71176.4705882353,[[0.00021952]],55
9.333333333333332,2.490980392156863,71176.4705882353,[[0.21058105]],55
4.0,2.508235294117647,71176.4705882353,[[0.00021952]],55
4.0,2.508235294117647,71176.4705882353,[[0.00021952]],55
4.0,2.508235294117647,71176.4705882353,[[0.00021952]],55
4.0,2.508235294117647,71176.4705882353,[[0.00021952]],55
9.019607843137255,2.508235294117647,71176.4705882353,[[0.18469688]],55
4.0,2.508235294117647,71176.4705882353,[[0.00021952]],55
4.0,2.508235294117647,71176.4705882353,[[0.00021952]],55
4.0,2.508235294117647,71176.4705882353,[[0.00021952]],55
4.627450980392156,2.508235294117647,71176.4705882353,[[0.00550691]],55
4.0,2.508235294117647,71176.4705882353,[[0.00021952]],55
4.0,2.508235294117647,71176.4705882353,[[0.00021952]],55
4.0,2.508235294117647,71176.4705882353,[[0.00021952]],55
4.0,2.508235294117647,71176.4705882353,[[0.00021952]],55
4.0,2.508235294117647,71176.4705882353,[[0.00021952]],55
4.0,2.508235294117647,71176.4705882353,[[0.00021952]],55
14.03921568627451,2.508235294117647,71176.4705882353,[[0.30683421]],55
4.0,2.508235294117647,71176.4705882353,[[0.00021952]],55
4.0,2.508235294117647,71176.4705882353,[[0.00021952]],55
4.0,2.508235294117647,71176.4705882353,[[0.00021952]],55
4.0,2.508235294117647,71176.4705882353,[[0.00021952]],55
4.0,2.508235294117647,71176.4705882353,[[0.00021952]],55
4.0,2.508235294117647,71176.4705882353,[[0.00021952]],55
4.0,2.516862745098039,71176.4705882353,[[0.00023447]],55
4.0,2.508235294117647,71176.4705882353,[[0.00021952]],55
4.0,2.508235294117647,71176.4705882353,[[0.00021952]],55
4.0,2.4737254901960783,71176.4705882353,[[0.00208655]],55
4.0,2.508235294117647,71176.4705882353,[[0.00021952]],55
5.254901960784314,2.508235294117647,71176.4705882353,[[0.02127087]],55
4.0,2.508235294117647,71176.4705882353,[[0.00021952]],55
4.0,2.508235294117647,71176.4705882353,[[0.00021952]],56
4.0,2.508235294117647,71176.4705882353,[[0.00021952]],56
4.078431372549019,2.508235294117647,71176.4705882353,[[0.0003193]],56
4.313725490196078,2.922352941176471,71176.4705882353,[[0.02605011]],56
4.0,2.508235294117647,71176.4705882353,[[0.00021952]],56
4.0,2.508235294117647,71176.4705882353,[[0.00021952]],56
4.0,2.508235294117647,71176.4705882353,[[0.00021952]],56
4.0,2.508235294117647,71176.4705882353,[[0.00021952]],56
4.0,2.508235294117647,71176.4705882353,[[0.00021952]],56
4.0,2.508235294117647,71176.4705882353,[[0.00021952]],56
4.0,2.508235294117647,64117.64705882353,[[0.00112419]],56
4.0,2.508235294117647,71176.4705882353,[[0.00021952]],56
4.0,2.508235294117647,71176.4705882353,[[0.00021952]],56
4.0,2.508235294117647,71176.4705882353,[[0.00021952]],56
4.0,2.508235294117647,71176.4705882353,[[0.00021952]],56
4.0,2.508235294117647,72941.17647058824,[[0.00027943]],56
4.0,2.508235294117647,71176.4705882353,[[0.00021952]],56
4.0,2.508235294117647,71176.4705882353,[[0.00021952]],56
4.627450980392156,2.508235294117647,72941.17647058824,[[0.00644007]],56
4.0,2.508235294117647,71176.4705882353,[[0.00021952]],56
4.0,2.508235294117647,71176.4705882353,[[0.00021952]],56
4.0,2.508235294117647,71176.4705882353,[[0.00021952]],56
4.0,2.508235294117647,71176.4705882353,[[0.00021952]],56
4.0,2.508235294117647,71176.4705882353,[[0.00021952]],56
4.0,2.508235294117647,71176.4705882353,[[0.00021952]],56
4.0,2.508235294117647,71176.4705882353,[[0.00021952]],56
4.0,2.508235294117647,71176.4705882353,[[0.00021952]],56
4.0,2.508235294117647,71176.4705882353,[[0.00021952]],56
4.0,2.508235294117647,71176.4705882353,[[0.00021952]],56
4.0,2.508235294117647,71176.4705882353,[[0.00021952]],56
4.0,2.6462745098039218,64117.64705882353,[[0.00948656]],56
4.1568627450980395,2.508235294117647,71176.4705882353,[[0.00057665]],56
4.0,2.6462745098039218,71176.4705882353,[[0.00439731]],56
4.0,2.508235294117647,71176.4705882353,[[0.00021952]],56
4.0,2.508235294117647,71176.4705882353,[[0.00021952]],56
4.0,2.508235294117647,71176.4705882353,[[0.00021952]],56
4.0,2.7843137254901964,71176.4705882353,[[0.01762925]],56
4.0,2.508235294117647,71176.4705882353,[[0.00021952]],56
4.1568627450980395,2.5858823529411765,71176.4705882353,[[0.00060026]],56
4.0,2.508235294117647,71176.4705882353,[[0.00021952]],56
4.0,2.508235294117647,71176.4705882353,[[0.00021952]],56
4.0,2.508235294117647,71176.4705882353,[[0.00021952]],56
4.0,2.508235294117647,71176.4705882353,[[0.00021952]],56
4.0,2.508235294117647,71176.4705882353,[[0.00021952]],56
4.0,2.508235294117647,71176.4705882353,[[0.00021952]],56
4.0,2.508235294117647,71176.4705882353,[[0.00021952]],56
4.0,2.508235294117647,71176.4705882353,[[0.00021952]],56
4.0,2.508235294117647,71176.4705882353,[[0.00021952]],56
4.0,2.508235294117647,71176.4705882353,[[0.00021952]],56
4.0,2.508235294117647,71176.4705882353,[[0.00021952]],56
4.0,2.508235294117647,71176.4705882353,[[0.00021952]],56
4.0,2.508235294117647,71176.4705882353,[[0.00021952]],56
4.078431372549019,2.508235294117647,297058.8235294118,[[0.52370906]],56
4.0,2.508235294117647,71176.4705882353,[[0.00021952]],56
4.0,2.508235294117647,71176.4705882353,[[0.00021952]],56
4.0,2.508235294117647,71176.4705882353,[[0.00021952]],56
4.0,2.508235294117647,71176.4705882353,[[0.00021952]],56
4.0,2.508235294117647,57058.82352941176,[[0.00396152]],56
4.0,2.508235294117647,71176.4705882353,[[0.00021952]],56
4.078431372549019,2.508235294117647,72941.17647058824,[[0.00050381]],56
4.0,2.508235294117647,71176.4705882353,[[0.00021952]],56
4.0,2.508235294117647,71176.4705882353,[[0.00021952]],56
4.0,2.516862745098039,74705.88235294117,[[0.00034783]],56
4.0,2.508235294117647,71176.4705882353,[[0.00021952]],56
4.0,2.508235294117647,71176.4705882353,[[0.00021952]],56
4.0,2.508235294117647,71176.4705882353,[[0.00021952]],56
4.0,2.508235294117647,71176.4705882353,[[0.00021952]],56
4.0,2.508235294117647,71176.4705882353,[[0.00021952]],56
6.509803921568627,2.508235294117647,71176.4705882353,[[0.07265647]],56
4.0,2.508235294117647,71176.4705882353,[[0.00021952]],56
4.0,2.508235294117647,71176.4705882353,[[0.00021952]],56
4.0,2.508235294117647,71176.4705882353,[[0.00021952]],56
4.0,2.508235294117647,71176.4705882353,[[0.00021952]],56
4.0,2.4737254901960783,71176.4705882353,[[0.00208655]],56
4.0,2.508235294117647,71176.4705882353,[[0.00021952]],56
4.0,2.508235294117647,71176.4705882353,[[0.00021952]],56
4.0,2.508235294117647,71176.4705882353,[[0.00021952]],56
4.0,2.508235294117647,71176.4705882353,[[0.00021952]],56
4.0,2.508235294117647,71176.4705882353,[[0.00021952]],56
4.0,2.508235294117647,71176.4705882353,[[0.00021952]],56
4.0,2.508235294117647,99411.76470588235,[[0.01343285]],56
4.0,2.508235294117647,71176.4705882353,[[0.00021952]],56
4.0,2.508235294117647,72941.17647058824,[[0.00027943]],56
4.0,2.508235294117647,71176.4705882353,[[0.00021952]],56
4.0,2.508235294117647,71176.4705882353,[[0.00021952]],56
4.0,2.508235294117647,71176.4705882353,[[0.00021952]],56
4.0,2.508235294117647,71176.4705882353,[[0.00021952]],56
4.0,2.508235294117647,71176.4705882353,[[0.00021952]],56
4.0,2.508235294117647,71176.4705882353,[[0.00021952]],56
14.03921568627451,2.4737254901960783,71176.4705882353,[[0.31952832]],56
4.0,2.508235294117647,71176.4705882353,[[0.00021952]],56
4.0,2.508235294117647,71176.4705882353,[[0.00021952]],56
4.0,2.508235294117647,71176.4705882353,[[0.00021952]],56
4.0,2.508235294117647,71176.4705882353,[[0.00021952]],56
4.0,2.508235294117647,71176.4705882353,[[0.00021952]],56
4.078431372549019,2.508235294117647,71176.4705882353,[[0.0003193]],56
4.0,2.508235294117647,71176.4705882353,[[0.00021952]],57
4.0,2.508235294117647,71176.4705882353,[[0.00021952]],57
4.0,2.508235294117647,71176.4705882353,[[0.00021952]],57
4.0,2.508235294117647,71176.4705882353,[[0.00021952]],57
4.0,2.508235294117647,71176.4705882353,[[0.00021952]],57
4.0,2.508235294117647,71176.4705882353,[[0.00021952]],57
4.0,2.508235294117647,71176.4705882353,[[0.00021952]],57
4.0,2.508235294117647,71176.4705882353,[[0.00021952]],57
4.0,2.508235294117647,71176.4705882353,[[0.00021952]],57
4.0,2.508235294117647,71176.4705882353,[[0.00021952]],57
4.627450980392156,2.508235294117647,58823.529411764706,[[0.00112463]],57
4.0,2.508235294117647,71176.4705882353,[[0.00021952]],57
4.0,2.508235294117647,71176.4705882353,[[0.00021952]],57
4.0,2.922352941176471,71176.4705882353,[[0.04070252]],57
4.0,2.508235294117647,71176.4705882353,[[0.00021952]],57
4.0,2.508235294117647,71176.4705882353,[[0.00021952]],57
4.0,2.0250980392156865,71176.4705882353,[[0.04319992]],57
4.0,2.508235294117647,71176.4705882353,[[0.00021952]],57
4.0,2.508235294117647,71176.4705882353,[[0.00021952]],57
4.0,2.508235294117647,71176.4705882353,[[0.00021952]],57
4.0,2.508235294117647,71176.4705882353,[[0.00021952]],57
4.0,2.508235294117647,71176.4705882353,[[0.00021952]],57
4.0,2.6462745098039218,57058.82352941176,[[0.01678445]],57
4.0,2.508235294117647,71176.4705882353,[[0.00021952]],57
4.0,2.508235294117647,71176.4705882353,[[0.00021952]],57
6.509803921568627,2.508235294117647,71176.4705882353,[[0.07265647]],57
4.0,2.508235294117647,71176.4705882353,[[0.00021952]],57
4.0,2.508235294117647,71176.4705882353,[[0.00021952]],57
7.764705882352941,2.508235294117647,71176.4705882353,[[0.13138928]],57
4.0,2.508235294117647,71176.4705882353,[[0.00021952]],57
4.0,2.508235294117647,71176.4705882353,[[0.00021952]],57
4.0,2.508235294117647,71176.4705882353,[[0.00021952]],57
4.1568627450980395,2.508235294117647,71176.4705882353,[[0.00057665]],57
4.0,2.508235294117647,71176.4705882353,[[0.00021952]],57
4.0,2.508235294117647,71176.4705882353,[[0.00021952]],57
4.0,2.508235294117647,71176.4705882353,[[0.00021952]],57
4.0,2.508235294117647,71176.4705882353,[[0.00021952]],57
4.0,2.508235294117647,71176.4705882353,[[0.00021952]],57
4.0,2.508235294117647,71176.4705882353,[[0.00021952]],57
4.0,2.508235294117647,71176.4705882353,[[0.00021952]],57
4.0,2.508235294117647,71176.4705882353,[[0.00021952]],57
4.0,2.508235294117647,71176.4705882353,[[0.00021952]],57
4.0,2.508235294117647,71176.4705882353,[[0.00021952]],57
4.0,2.508235294117647,71176.4705882353,[[0.00021952]],57
4.0,2.508235294117647,71176.4705882353,[[0.00021952]],57
4.0,2.508235294117647,71176.4705882353,[[0.00021952]],57
4.0,2.508235294117647,71176.4705882353,[[0.00021952]],57
4.0,2.508235294117647,71176.4705882353,[[0.00021952]],57
4.0,2.508235294117647,71176.4705882353,[[0.00021952]],57
4.0,2.508235294117647,71176.4705882353,[[0.00021952]],57
4.0,2.508235294117647,71176.4705882353,[[0.00021952]],57
4.0,2.508235294117647,71176.4705882353,[[0.00021952]],57
4.0,2.508235294117647,64117.64705882353,[[0.00112419]],57
4.0,2.508235294117647,71176.4705882353,[[0.00021952]],57
4.0,2.508235294117647,71176.4705882353,[[0.00021952]],57
4.0,2.508235294117647,71176.4705882353,[[0.00021952]],57
4.0,2.508235294117647,71176.4705882353,[[0.00021952]],57
4.0,2.508235294117647,71176.4705882353,[[0.00021952]],57
4.0,2.508235294117647,71176.4705882353,[[0.00021952]],57
4.0,2.508235294117647,71176.4705882353,[[0.00021952]],57
4.0,2.508235294117647,71176.4705882353,[[0.00021952]],57
4.0,2.508235294117647,71176.4705882353,[[0.00021952]],57
4.0,2.508235294117647,71176.4705882353,[[0.00021952]],57
4.0,2.508235294117647,71176.4705882353,[[0.00021952]],57
4.313725490196078,2.508235294117647,71176.4705882353,[[0.00159085]],57
4.0,2.508235294117647,71176.4705882353,[[0.00021952]],57
4.0,2.508235294117647,71176.4705882353,[[0.00021952]],57
4.0,2.508235294117647,71176.4705882353,[[0.00021952]],57
4.0,1.956078431372549,71176.4705882353,[[0.05121097]],57
4.0,2.508235294117647,71176.4705882353,[[0.00021952]],57
4.0,2.508235294117647,129411.76470588235,[[0.05160053]],57
4.0,2.508235294117647,71176.4705882353,[[0.00021952]],57
4.0,2.508235294117647,71176.4705882353,[[0.00021952]],57
4.0,2.508235294117647,71176.4705882353,[[0.00021952]],57
4.0,2.508235294117647,71176.4705882353,[[0.00021952]],57
4.0,2.508235294117647,71176.4705882353,[[0.00021952]],57
4.0,2.508235294117647,71176.4705882353,[[0.00021952]],57
4.0,2.508235294117647,71176.4705882353,[[0.00021952]],57
4.0,2.508235294117647,71176.4705882353,[[0.00021952]],57
4.0,2.508235294117647,71176.4705882353,[[0.00021952]],57
4.0,2.508235294117647,71176.4705882353,[[0.00021952]],57
4.0,2.577254901960784,99411.76470588235,[[0.00754496]],57
4.0,2.508235294117647,71176.4705882353,[[0.00021952]],57
4.0,2.508235294117647,71176.4705882353,[[0.00021952]],57
4.0,2.508235294117647,71176.4705882353,[[0.00021952]],57
4.0,2.508235294117647,71176.4705882353,[[0.00021952]],57
4.0,1.4039215686274509,71176.4705882353,[[0.19607654]],57
4.0,2.508235294117647,71176.4705882353,[[0.00021952]],57
4.0,2.508235294117647,71176.4705882353,[[0.00021952]],57
4.0,2.508235294117647,71176.4705882353,[[0.00021952]],57
4.0,2.508235294117647,71176.4705882353,[[0.00021952]],57
4.0,2.508235294117647,64117.64705882353,[[0.00112419]],57
4.0,2.508235294117647,71176.4705882353,[[0.00021952]],57
4.0,2.508235294117647,71176.4705882353,[[0.00021952]],57
4.0,2.508235294117647,71176.4705882353,[[0.00021952]],57
4.0,2.508235294117647,71176.4705882353,[[0.00021952]],57
4.0,2.508235294117647,71176.4705882353,[[0.00021952]],58
4.0,2.508235294117647,71176.4705882353,[[0.00021952]],58
4.0,2.508235294117647,71176.4705882353,[[0.00021952]],58
4.0,2.508235294117647,71176.4705882353,[[0.00021952]],58
4.0,2.508235294117647,71176.4705882353,[[0.00021952]],58
4.0,2.508235294117647,71176.4705882353,[[0.00021952]],58
4.0,2.508235294117647,71176.4705882353,[[0.00021952]],58
4.0,2.508235294117647,71176.4705882353,[[0.00021952]],58
4.0,2.508235294117647,71176.4705882353,[[0.00021952]],58
4.0,2.508235294117647,71176.4705882353,[[0.00021952]],58
4.0,2.508235294117647,71176.4705882353,[[0.00021952]],58
4.0,2.508235294117647,71176.4705882353,[[0.00021952]],58
4.0,2.508235294117647,71176.4705882353,[[0.00021952]],58
4.0,2.508235294117647,71176.4705882353,[[0.00021952]],58
4.0,2.508235294117647,71176.4705882353,[[0.00021952]],58
4.0,2.508235294117647,71176.4705882353,[[0.00021952]],58
4.0,2.508235294117647,71176.4705882353,[[0.00021952]],58
4.0,2.508235294117647,71176.4705882353,[[0.00021952]],58
4.0,2.508235294117647,71176.4705882353,[[0.00021952]],58
4.0,2.508235294117647,71176.4705882353,[[0.00021952]],58
4.0,2.508235294117647,71176.4705882353,[[0.00021952]],58
4.0,2.508235294117647,71176.4705882353,[[0.00021952]],58
4.0,2.508235294117647,71176.4705882353,[[0.00021952]],58
4.0,2.508235294117647,71176.4705882353,[[0.00021952]],58
4.0,2.508235294117647,71176.4705882353,[[0.00021952]],58
4.0,2.508235294117647,71176.4705882353,[[0.00021952]],58
4.0,2.508235294117647,71176.4705882353,[[0.00021952]],58
4.0,2.508235294117647,71176.4705882353,[[0.00021952]],58
4.0,2.508235294117647,71176.4705882353,[[0.00021952]],58
4.0,2.508235294117647,71176.4705882353,[[0.00021952]],58
4.0,2.508235294117647,71176.4705882353,[[0.00021952]],58
4.0,2.508235294117647,71176.4705882353,[[0.00021952]],58
4.0,2.508235294117647,71176.4705882353,[[0.00021952]],58
4.0,2.508235294117647,71176.4705882353,[[0.00021952]],58
4.0,2.4737254901960783,127647.05882352941,[[0.06428202]],58
4.0,2.508235294117647,71176.4705882353,[[0.00021952]],58
4.0,2.508235294117647,71176.4705882353,[[0.00021952]],58
9.019607843137255,2.508235294117647,74705.88235294117,[[0.18777366]],58
6.509803921568627,2.508235294117647,297058.8235294118,[[0.42929539]],58
4.0,2.508235294117647,71176.4705882353,[[0.00021952]],58
4.0,2.508235294117647,71176.4705882353,[[0.00021952]],58
4.0,2.508235294117647,71176.4705882353,[[0.00021952]],58
4.0,2.508235294117647,71176.4705882353,[[0.00021952]],58
4.0,2.508235294117647,71176.4705882353,[[0.00021952]],58
4.0,2.508235294117647,71176.4705882353,[[0.00021952]],58
4.0,2.508235294117647,71176.4705882353,[[0.00021952]],58
4.0,2.508235294117647,71176.4705882353,[[0.00021952]],58
4.0,2.508235294117647,71176.4705882353,[[0.00021952]],58
4.0,2.508235294117647,71176.4705882353,[[0.00021952]],58
4.0,2.508235294117647,205294.11764705883,[[0.22481678]],58
4.0,2.508235294117647,71176.4705882353,[[0.00021952]],58
4.0,2.508235294117647,71176.4705882353,[[0.00021952]],58
4.0,2.508235294117647,71176.4705882353,[[0.00021952]],58
4.0,2.7843137254901964,71176.4705882353,[[0.01762925]],58
4.0,2.508235294117647,71176.4705882353,[[0.00021952]],58
4.0,2.508235294117647,71176.4705882353,[[0.00021952]],58
4.0,2.508235294117647,71176.4705882353,[[0.00021952]],58
4.0,2.508235294117647,71176.4705882353,[[0.00021952]],58
4.0,2.508235294117647,71176.4705882353,[[0.00021952]],58
4.0,2.508235294117647,71176.4705882353,[[0.00021952]],58
4.0,2.508235294117647,71176.4705882353,[[0.00021952]],58
4.0,2.508235294117647,71176.4705882353,[[0.00021952]],58
14.03921568627451,2.508235294117647,57058.82352941176,[[0.30097892]],58
4.0,2.508235294117647,71176.4705882353,[[0.00021952]],58
4.0,2.508235294117647,71176.4705882353,[[0.00021952]],58
4.0,2.508235294117647,71176.4705882353,[[0.00021952]],58
4.0,2.508235294117647,71176.4705882353,[[0.00021952]],58
4.0,2.508235294117647,71176.4705882353,[[0.00021952]],58
4.0,2.508235294117647,71176.4705882353,[[0.00021952]],58
4.0,2.508235294117647,71176.4705882353,[[0.00021952]],58
4.0,2.508235294117647,71176.4705882353,[[0.00021952]],58
4.0,2.508235294117647,71176.4705882353,[[0.00021952]],58
4.0,2.508235294117647,74705.88235294117,[[0.00044978]],58
4.0,2.508235294117647,71176.4705882353,[[0.00021952]],58
4.0,2.508235294117647,71176.4705882353,[[0.00021952]],58
4.0,2.508235294117647,71176.4705882353,[[0.00021952]],58
4.0,2.508235294117647,71176.4705882353,[[0.00021952]],58
4.0,2.4737254901960783,71176.4705882353,[[0.00208655]],58
4.0,2.508235294117647,71176.4705882353,[[0.00021952]],58
4.0,2.508235294117647,71176.4705882353,[[0.00021952]],58
4.0,2.508235294117647,99411.76470588235,[[0.01343285]],58
4.0,2.508235294117647,71176.4705882353,[[0.00021952]],58
4.0,2.508235294117647,71176.4705882353,[[0.00021952]],58
4.0,2.508235294117647,71176.4705882353,[[0.00021952]],58
4.0,2.508235294117647,71176.4705882353,[[0.00021952]],58
4.0,2.508235294117647,71176.4705882353,[[0.00021952]],58
4.0,2.508235294117647,71176.4705882353,[[0.00021952]],58
4.0,2.508235294117647,71176.4705882353,[[0.00021952]],58
4.0,2.508235294117647,71176.4705882353,[[0.00021952]],58
4.0,2.508235294117647,71176.4705882353,[[0.00021952]],58
4.0,2.508235294117647,71176.4705882353,[[0.00021952]],58
4.0,2.508235294117647,71176.4705882353,[[0.00021952]],58
4.0,2.4737254901960783,99411.76470588235,[[0.02345506]],58
4.0,2.508235294117647,71176.4705882353,[[0.00021952]],58
4.0,2.508235294117647,71176.4705882353,[[0.00021952]],58
4.0,2.508235294117647,71176.4705882353,[[0.00021952]],58
4.0,2.508235294117647,71176.4705882353,[[0.00021952]],59
4.0,2.508235294117647,71176.4705882353,[[0.00021952]],59
4.0,2.508235294117647,71176.4705882353,[[0.00021952]],59
4.313725490196078,2.508235294117647,74705.88235294117,[[0.00276023]],59
4.0,2.508235294117647,71176.4705882353,[[0.00021952]],59
4.0,2.508235294117647,71176.4705882353,[[0.00021952]],59
4.0,2.508235294117647,71176.4705882353,[[0.00021952]],59
4.0,2.508235294117647,71176.4705882353,[[0.00021952]],59
4.0,2.508235294117647,71176.4705882353,[[0.00021952]],59
4.0,2.508235294117647,71176.4705882353,[[0.00021952]],59
4.0,2.508235294117647,71176.4705882353,[[0.00021952]],59
4.0,2.508235294117647,71176.4705882353,[[0.00021952]],59
4.0,2.508235294117647,71176.4705882353,[[0.00021952]],59
4.0,2.508235294117647,71176.4705882353,[[0.00021952]],59
4.0,2.508235294117647,71176.4705882353,[[0.00021952]],59
4.0,2.508235294117647,71176.4705882353,[[0.00021952]],59
4.0,2.508235294117647,71176.4705882353,[[0.00021952]],59
4.0,2.508235294117647,71176.4705882353,[[0.00021952]],59
4.0,2.508235294117647,71176.4705882353,[[0.00021952]],59
4.0,2.508235294117647,71176.4705882353,[[0.00021952]],59
4.0,2.508235294117647,71176.4705882353,[[0.00021952]],59
4.0,2.508235294117647,71176.4705882353,[[0.00021952]],59
4.0,2.508235294117647,71176.4705882353,[[0.00021952]],59
4.0,2.508235294117647,71176.4705882353,[[0.00021952]],59
4.0,2.508235294117647,64117.64705882353,[[0.00112419]],59
4.627450980392156,2.508235294117647,71176.4705882353,[[0.00550691]],59
4.0,2.508235294117647,71176.4705882353,[[0.00021952]],59
4.0,2.508235294117647,71176.4705882353,[[0.00021952]],59
4.0,2.508235294117647,71176.4705882353,[[0.00021952]],59
4.0,2.508235294117647,71176.4705882353,[[0.00021952]],59
4.0,2.508235294117647,71176.4705882353,[[0.00021952]],59
4.0,2.508235294117647,74705.88235294117,[[0.00044978]],59
4.0,2.508235294117647,71176.4705882353,[[0.00021952]],59
4.0,2.508235294117647,71176.4705882353,[[0.00021952]],59
4.0,2.508235294117647,71176.4705882353,[[0.00021952]],59
4.0,2.508235294117647,71176.4705882353,[[0.00021952]],59
4.0,2.508235294117647,71176.4705882353,[[0.00021952]],59
4.0,2.508235294117647,71176.4705882353,[[0.00021952]],59
4.0,2.508235294117647,71176.4705882353,[[0.00021952]],59
4.0,2.508235294117647,74705.88235294117,[[0.00044978]],59
4.0,2.508235294117647,71176.4705882353,[[0.00021952]],59
4.627450980392156,1.4039215686274509,72941.17647058824,[[0.19804228]],59
4.0,2.508235294117647,71176.4705882353,[[0.00021952]],59
4.0,2.508235294117647,71176.4705882353,[[0.00021952]],59
4.0,2.508235294117647,71176.4705882353,[[0.00021952]],59
4.0,2.508235294117647,71176.4705882353,[[0.00021952]],59
4.0,2.508235294117647,71176.4705882353,[[0.00021952]],59
4.0,2.508235294117647,71176.4705882353,[[0.00021952]],59
4.0,2.508235294117647,71176.4705882353,[[0.00021952]],59
4.0,2.508235294117647,71176.4705882353,[[0.00021952]],59
4.0,2.508235294117647,71176.4705882353,[[0.00021952]],59
4.0,2.508235294117647,71176.4705882353,[[0.00021952]],59
4.0,2.508235294117647,71176.4705882353,[[0.00021952]],59
4.0,2.508235294117647,71176.4705882353,[[0.00021952]],59
4.0,2.508235294117647,71176.4705882353,[[0.00021952]],59
4.0,2.508235294117647,71176.4705882353,[[0.00021952]],59
4.0,2.508235294117647,71176.4705882353,[[0.00021952]],59
4.0,2.508235294117647,71176.4705882353,[[0.00021952]],59
4.0,2.508235294117647,71176.4705882353,[[0.00021952]],59
4.0,2.508235294117647,71176.4705882353,[[0.00021952]],59
4.0,2.508235294117647,71176.4705882353,[[0.00021952]],59
4.0,2.508235294117647,71176.4705882353,[[0.00021952]],59
4.0,2.508235294117647,240588.23529411765,[[0.3315636]],59
4.0,2.508235294117647,71176.4705882353,[[0.00021952]],59
4.0,2.508235294117647,71176.4705882353,[[0.00021952]],59
4.0,2.508235294117647,71176.4705882353,[[0.00021952]],59
4.0,2.508235294117647,71176.4705882353,[[0.00021952]],59
4.0,2.508235294117647,71176.4705882353,[[0.00021952]],59
4.0,2.508235294117647,71176.4705882353,[[0.00021952]],59
4.0,2.508235294117647,71176.4705882353,[[0.00021952]],59
4.0,2.508235294117647,71176.4705882353,[[0.00021952]],59
4.0,2.508235294117647,170000.0,[[0.13300071]],59
4.0,2.508235294117647,71176.4705882353,[[0.00021952]],59
4.0,2.508235294117647,71176.4705882353,[[0.00021952]],59
4.0,2.508235294117647,71176.4705882353,[[0.00021952]],59
4.0,2.508235294117647,71176.4705882353,[[0.00021952]],59
4.0,2.508235294117647,71176.4705882353,[[0.00021952]],59
4.0,2.508235294117647,71176.4705882353,[[0.00021952]],59
4.0,2.508235294117647,71176.4705882353,[[0.00021952]],59
4.0,2.508235294117647,71176.4705882353,[[0.00021952]],59
4.0,2.508235294117647,71176.4705882353,[[0.00021952]],59
4.0,2.508235294117647,71176.4705882353,[[0.00021952]],59
4.0,2.508235294117647,71176.4705882353,[[0.00021952]],59
4.0,2.508235294117647,297058.8235294118,[[0.52590939]],59
4.0,2.508235294117647,71176.4705882353,[[0.00021952]],59
4.0,2.508235294117647,71176.4705882353,[[0.00021952]],59
4.0,2.508235294117647,71176.4705882353,[[0.00021952]],59
4.313725490196078,2.4737254901960783,71176.4705882353,[[0.0064687]],59
4.0,2.508235294117647,71176.4705882353,[[0.00021952]],59
4.0,2.508235294117647,71176.4705882353,[[0.00021952]],59
4.0,2.508235294117647,71176.4705882353,[[0.00021952]],59
4.0,2.508235294117647,71176.4705882353,[[0.00021952]],59
4.0,2.508235294117647,71176.4705882353,[[0.00021952]],59
4.0,2.508235294117647,71176.4705882353,[[0.00021952]],59
4.0,2.508235294117647,71176.4705882353,[[0.00021952]],59
4.0,2.508235294117647,71176.4705882353,[[0.00021952]],59
4.0,2.508235294117647,71176.4705882353,[[0.00021952]],60
4.078431372549019,2.508235294117647,71176.4705882353,[[0.0003193]],60
4.0,2.508235294117647,71176.4705882353,[[0.00021952]],60
4.0,2.508235294117647,71176.4705882353,[[0.00021952]],60
4.0,2.508235294117647,71176.4705882353,[[0.00021952]],60
4.1568627450980395,2.516862745098039,71176.4705882353,[[0.00045366]],60
4.0,2.508235294117647,71176.4705882353,[[0.00021952]],60
4.0,2.7843137254901964,71176.4705882353,[[0.01762925]],60
4.0,2.508235294117647,71176.4705882353,[[0.00021952]],60
4.0,2.508235294117647,71176.4705882353,[[0.00021952]],60
4.0,2.508235294117647,71176.4705882353,[[0.00021952]],60
4.0,1.4039215686274509,71176.4705882353,[[0.19607654]],60
4.0,2.508235294117647,71176.4705882353,[[0.00021952]],60
4.0,2.508235294117647,71176.4705882353,[[0.00021952]],60
4.0,2.508235294117647,71176.4705882353,[[0.00021952]],60
4.0,2.508235294117647,71176.4705882353,[[0.00021952]],60
4.0,2.508235294117647,71176.4705882353,[[0.00021952]],60
4.0,2.508235294117647,71176.4705882353,[[0.00021952]],60
4.0,2.508235294117647,71176.4705882353,[[0.00021952]],60
4.0,2.508235294117647,71176.4705882353,[[0.00021952]],60
4.0,1.956078431372549,297058.8235294118,[[0.5986175]],60
4.0,2.508235294117647,71176.4705882353,[[0.00021952]],60
4.0,2.508235294117647,71176.4705882353,[[0.00021952]],60
4.0,2.508235294117647,71176.4705882353,[[0.00021952]],60
4.0,2.508235294117647,71176.4705882353,[[0.00021952]],60
4.0,2.508235294117647,71176.4705882353,[[0.00021952]],60
4.0,2.508235294117647,71176.4705882353,[[0.00021952]],60
4.0,2.508235294117647,71176.4705882353,[[0.00021952]],60
4.0,2.508235294117647,71176.4705882353,[[0.00021952]],60
4.0,2.508235294117647,71176.4705882353,[[0.00021952]],60
4.0,2.508235294117647,71176.4705882353,[[0.00021952]],60
4.0,2.508235294117647,71176.4705882353,[[0.00021952]],60
4.0,2.508235294117647,71176.4705882353,[[0.00021952]],60
4.0,2.508235294117647,71176.4705882353,[[0.00021952]],60
4.0,2.508235294117647,71176.4705882353,[[0.00021952]],60
4.0,2.490980392156863,127647.05882352941,[[0.06121001]],60
4.0,2.508235294117647,71176.4705882353,[[0.00021952]],60
4.0,2.508235294117647,71176.4705882353,[[0.00021952]],60
4.0,2.508235294117647,71176.4705882353,[[0.00021952]],60
4.0,2.508235294117647,71176.4705882353,[[0.00021952]],60
4.0,2.508235294117647,71176.4705882353,[[0.00021952]],60
4.0,2.508235294117647,71176.4705882353,[[0.00021952]],60
4.0,2.508235294117647,71176.4705882353,[[0.00021952]],60
4.0,2.508235294117647,71176.4705882353,[[0.00021952]],60
4.0,2.508235294117647,71176.4705882353,[[0.00021952]],60
4.0,2.508235294117647,71176.4705882353,[[0.00021952]],60
4.0,2.508235294117647,71176.4705882353,[[0.00021952]],60
4.0,2.508235294117647,71176.4705882353,[[0.00021952]],60
4.0,2.508235294117647,71176.4705882353,[[0.00021952]],60
4.0,2.508235294117647,71176.4705882353,[[0.00021952]],60
4.0,2.508235294117647,71176.4705882353,[[0.00021952]],60
4.0,2.7843137254901964,71176.4705882353,[[0.01762925]],60
4.0,2.508235294117647,71176.4705882353,[[0.00021952]],60
4.0,2.508235294117647,71176.4705882353,[[0.00021952]],60
4.0,2.508235294117647,71176.4705882353,[[0.00021952]],60
4.0,2.508235294117647,71176.4705882353,[[0.00021952]],60
4.0,2.508235294117647,71176.4705882353,[[0.00021952]],60
4.0,2.508235294117647,71176.4705882353,[[0.00021952]],60
4.0,2.508235294117647,71176.4705882353,[[0.00021952]],60
4.0,2.508235294117647,71176.4705882353,[[0.00021952]],60
4.0,2.508235294117647,71176.4705882353,[[0.00021952]],60
4.0,2.508235294117647,71176.4705882353,[[0.00021952]],60
4.313725490196078,2.508235294117647,74705.88235294117,[[0.00276023]],60
4.0,2.508235294117647,71176.4705882353,[[0.00021952]],60
4.0,2.508235294117647,71176.4705882353,[[0.00021952]],60
4.0,2.508235294117647,71176.4705882353,[[0.00021952]],60
4.0,1.4729411764705884,71176.4705882353,[[0.17024435]],60
4.0,2.508235294117647,71176.4705882353,[[0.00021952]],60
4.0,2.508235294117647,71176.4705882353,[[0.00021952]],60
4.0,2.508235294117647,71176.4705882353,[[0.00021952]],60
4.0,2.508235294117647,71176.4705882353,[[0.00021952]],60
14.03921568627451,2.508235294117647,72941.17647058824,[[0.30756801]],60
4.0,2.508235294117647,71176.4705882353,[[0.00021952]],60
4.0,2.508235294117647,71176.4705882353,[[0.00021952]],60
4.0,2.508235294117647,71176.4705882353,[[0.00021952]],60
4.627450980392156,2.516862745098039,64117.64705882353,[[0.00218871]],60
4.0,2.508235294117647,71176.4705882353,[[0.00021952]],60
4.0,2.508235294117647,71176.4705882353,[[0.00021952]],60
4.0,2.508235294117647,71176.4705882353,[[0.00021952]],60
4.0,2.508235294117647,71176.4705882353,[[0.00021952]],60
4.0,2.508235294117647,71176.4705882353,[[0.00021952]],60
4.0,2.508235294117647,71176.4705882353,[[0.00021952]],60
4.0,2.508235294117647,71176.4705882353,[[0.00021952]],60
4.0,2.508235294117647,71176.4705882353,[[0.00021952]],60
4.0,2.508235294117647,71176.4705882353,[[0.00021952]],60
4.0,2.508235294117647,71176.4705882353,[[0.00021952]],60
4.0,2.508235294117647,71176.4705882353,[[0.00021952]],60
4.0,2.508235294117647,71176.4705882353,[[0.00021952]],60
4.0,2.508235294117647,240588.23529411765,[[0.3315636]],60
4.0,2.508235294117647,71176.4705882353,[[0.00021952]],60
4.0,2.508235294117647,71176.4705882353,[[0.00021952]],60
4.0,2.922352941176471,71176.4705882353,[[0.04070252]],60
4.0,2.508235294117647,71176.4705882353,[[0.00021952]],60
4.0,2.508235294117647,71176.4705882353,[[0.00021952]],60
4.0,2.508235294117647,71176.4705882353,[[0.00021952]],60
4.0,2.508235294117647,71176.4705882353,[[0.00021952]],60
4.0,2.508235294117647,71176.4705882353,[[0.00021952]],61
4.0,2.508235294117647,71176.4705882353,[[0.00021952]],61
4.0,2.508235294117647,71176.4705882353,[[0.00021952]],61
4.0,2.508235294117647,71176.4705882353,[[0.00021952]],61
4.0,2.508235294117647,71176.4705882353,[[0.00021952]],61
4.0,2.508235294117647,71176.4705882353,[[0.00021952]],61
4.313725490196078,2.508235294117647,71176.4705882353,[[0.00159085]],61
4.0,2.508235294117647,71176.4705882353,[[0.00021952]],61
4.0,2.508235294117647,71176.4705882353,[[0.00021952]],61
4.0,2.508235294117647,71176.4705882353,[[0.00021952]],61
4.0,2.508235294117647,71176.4705882353,[[0.00021952]],61
4.0,2.508235294117647,71176.4705882353,[[0.00021952]],61
9.019607843137255,2.508235294117647,71176.4705882353,[[0.18469688]],61
4.0,2.508235294117647,71176.4705882353,[[0.00021952]],61
4.0,2.508235294117647,71176.4705882353,[[0.00021952]],61
4.0,2.508235294117647,71176.4705882353,[[0.00021952]],61
4.0,2.508235294117647,71176.4705882353,[[0.00021952]],61
4.0,2.508235294117647,71176.4705882353,[[0.00021952]],61
4.0,2.508235294117647,71176.4705882353,[[0.00021952]],61
4.0,2.508235294117647,71176.4705882353,[[0.00021952]],61
4.0,2.508235294117647,71176.4705882353,[[0.00021952]],61
4.0,2.508235294117647,71176.4705882353,[[0.00021952]],61
4.0,2.508235294117647,71176.4705882353,[[0.00021952]],61
4.0,2.508235294117647,71176.4705882353,[[0.00021952]],61
4.0,2.508235294117647,71176.4705882353,[[0.00021952]],61
4.0,2.508235294117647,71176.4705882353,[[0.00021952]],61
4.0,2.508235294117647,71176.4705882353,[[0.00021952]],61
4.0,2.508235294117647,71176.4705882353,[[0.00021952]],61
6.588235294117647,2.508235294117647,71176.4705882353,[[0.07632434]],61
4.0,2.508235294117647,71176.4705882353,[[0.00021952]],61
4.0,2.508235294117647,71176.4705882353,[[0.00021952]],61
4.0,2.508235294117647,71176.4705882353,[[0.00021952]],61
4.078431372549019,2.508235294117647,71176.4705882353,[[0.0003193]],61
4.0,2.508235294117647,71176.4705882353,[[0.00021952]],61
4.0,2.508235294117647,184117.64705882352,[[0.16769036]],61
4.0,2.508235294117647,71176.4705882353,[[0.00021952]],61
4.0,2.508235294117647,71176.4705882353,[[0.00021952]],61
4.0,2.508235294117647,71176.4705882353,[[0.00021952]],61
4.0,2.508235294117647,71176.4705882353,[[0.00021952]],61
4.0,2.508235294117647,71176.4705882353,[[0.00021952]],61
4.0,2.508235294117647,71176.4705882353,[[0.00021952]],61
4.0,2.508235294117647,71176.4705882353,[[0.00021952]],61
4.0,2.508235294117647,71176.4705882353,[[0.00021952]],61
4.0,2.508235294117647,71176.4705882353,[[0.00021952]],61
4.0,2.508235294117647,71176.4705882353,[[0.00021952]],61
4.0,2.508235294117647,71176.4705882353,[[0.00021952]],61
14.03921568627451,2.508235294117647,57058.82352941176,[[0.30097892]],61
4.0,2.508235294117647,71176.4705882353,[[0.00021952]],61
4.0,2.508235294117647,71176.4705882353,[[0.00021952]],61
4.0,2.508235294117647,71176.4705882353,[[0.00021952]],61
4.0,2.508235294117647,71176.4705882353,[[0.00021952]],61
4.0,2.577254901960784,71176.4705882353,[[0.00123789]],61
4.0,2.508235294117647,71176.4705882353,[[0.00021952]],61
4.0,2.508235294117647,71176.4705882353,[[0.00021952]],61
4.0,2.508235294117647,71176.4705882353,[[0.00021952]],61
4.0,2.508235294117647,71176.4705882353,[[0.00021952]],61
4.0,2.508235294117647,71176.4705882353,[[0.00021952]],61
4.0,2.508235294117647,71176.4705882353,[[0.00021952]],61
4.0,2.508235294117647,71176.4705882353,[[0.00021952]],61
4.0,2.508235294117647,71176.4705882353,[[0.00021952]],61
4.0,2.6462745098039218,71176.4705882353,[[0.00439731]],61
4.0,2.508235294117647,71176.4705882353,[[0.00021952]],61
4.0,2.508235294117647,71176.4705882353,[[0.00021952]],61
4.0,2.490980392156863,71176.4705882353,[[0.00151013]],61
4.0,2.508235294117647,71176.4705882353,[[0.00021952]],61
4.0,2.508235294117647,71176.4705882353,[[0.00021952]],61
4.0,2.508235294117647,71176.4705882353,[[0.00021952]],61
4.0,2.508235294117647,71176.4705882353,[[0.00021952]],61
4.0,2.508235294117647,71176.4705882353,[[0.00021952]],61
4.0,2.508235294117647,71176.4705882353,[[0.00021952]],61
4.0,2.508235294117647,71176.4705882353,[[0.00021952]],61
4.0,2.508235294117647,71176.4705882353,[[0.00021952]],61
4.0,2.508235294117647,71176.4705882353,[[0.00021952]],61
4.0,2.508235294117647,71176.4705882353,[[0.00021952]],61
4.0,2.508235294117647,71176.4705882353,[[0.00021952]],61
4.0,2.508235294117647,71176.4705882353,[[0.00021952]],61
4.0,2.508235294117647,71176.4705882353,[[0.00021952]],61
4.0,2.508235294117647,71176.4705882353,[[0.00021952]],61
4.1568627450980395,2.508235294117647,74705.88235294117,[[0.0012901]],61
4.0,2.7843137254901964,71176.4705882353,[[0.01762925]],61
4.0,2.508235294117647,71176.4705882353,[[0.00021952]],61
4.0,2.508235294117647,71176.4705882353,[[0.00021952]],61
4.0,2.508235294117647,71176.4705882353,[[0.00021952]],61
4.0,2.508235294117647,71176.4705882353,[[0.00021952]],61
4.0,2.508235294117647,71176.4705882353,[[0.00021952]],61
4.0,2.508235294117647,71176.4705882353,[[0.00021952]],61
4.0,2.508235294117647,71176.4705882353,[[0.00021952]],61
4.0,2.508235294117647,71176.4705882353,[[0.00021952]],61
4.0,2.508235294117647,71176.4705882353,[[0.00021952]],61
4.0,2.508235294117647,71176.4705882353,[[0.00021952]],61
4.0,2.508235294117647,71176.4705882353,[[0.00021952]],61
4.0,2.508235294117647,71176.4705882353,[[0.00021952]],61
4.0,2.508235294117647,71176.4705882353,[[0.00021952]],61
4.0,2.508235294117647,71176.4705882353,[[0.00021952]],61
4.0,2.508235294117647,72941.17647058824,[[0.00027943]],61
4.0,2.508235294117647,71176.4705882353,[[0.00021952]],61
4.0,2.508235294117647,71176.4705882353,[[0.00021952]],62
4.0,2.508235294117647,71176.4705882353,[[0.00021952]],62
4.0,2.508235294117647,71176.4705882353,[[0.00021952]],62
4.0,2.508235294117647,71176.4705882353,[[0.00021952]],62
4.0,2.508235294117647,71176.4705882353,[[0.00021952]],62
4.0,2.7843137254901964,71176.4705882353,[[0.01762925]],62
4.0,2.508235294117647,71176.4705882353,[[0.00021952]],62
4.0,2.508235294117647,71176.4705882353,[[0.00021952]],62
4.0,2.508235294117647,71176.4705882353,[[0.00021952]],62
4.0,2.508235294117647,71176.4705882353,[[0.00021952]],62
4.0,2.508235294117647,71176.4705882353,[[0.00021952]],62
4.0,2.7843137254901964,57058.82352941176,[[0.03963807]],62
4.0,2.508235294117647,71176.4705882353,[[0.00021952]],62
4.0,2.508235294117647,71176.4705882353,[[0.00021952]],62
4.0,2.508235294117647,71176.4705882353,[[0.00021952]],62
4.0,2.508235294117647,71176.4705882353,[[0.00021952]],62
4.1568627450980395,2.508235294117647,71176.4705882353,[[0.00057665]],62
4.0,2.508235294117647,71176.4705882353,[[0.00021952]],62
4.0,2.508235294117647,71176.4705882353,[[0.00021952]],62
4.0,2.508235294117647,71176.4705882353,[[0.00021952]],62
4.313725490196078,2.508235294117647,286470.5882352941,[[0.47800213]],62
4.0,2.508235294117647,71176.4705882353,[[0.00021952]],62
4.0,2.508235294117647,71176.4705882353,[[0.00021952]],62
4.0,2.508235294117647,71176.4705882353,[[0.00021952]],62
4.0,2.508235294117647,71176.4705882353,[[0.00021952]],62
4.0,2.508235294117647,71176.4705882353,[[0.00021952]],62
4.0,2.508235294117647,71176.4705882353,[[0.00021952]],62
4.0,2.508235294117647,71176.4705882353,[[0.00021952]],62
4.0,2.508235294117647,71176.4705882353,[[0.00021952]],62
4.0,2.508235294117647,71176.4705882353,[[0.00021952]],62
4.0,2.508235294117647,71176.4705882353,[[0.00021952]],62
4.0,2.508235294117647,71176.4705882353,[[0.00021952]],62
4.0,2.508235294117647,71176.4705882353,[[0.00021952]],62
4.0,2.508235294117647,71176.4705882353,[[0.00021952]],62
4.0,2.508235294117647,71176.4705882353,[[0.00021952]],62
4.0,2.508235294117647,71176.4705882353,[[0.00021952]],62
4.0,2.508235294117647,71176.4705882353,[[0.00021952]],62
4.0,2.508235294117647,71176.4705882353,[[0.00021952]],62
4.0,2.508235294117647,71176.4705882353,[[0.00021952]],62
4.0,2.508235294117647,71176.4705882353,[[0.00021952]],62
4.0,2.508235294117647,71176.4705882353,[[0.00021952]],62
4.0,2.508235294117647,71176.4705882353,[[0.00021952]],62
4.0,2.508235294117647,71176.4705882353,[[0.00021952]],62
4.0,2.508235294117647,71176.4705882353,[[0.00021952]],62
4.0,2.508235294117647,71176.4705882353,[[0.00021952]],62
4.0,2.508235294117647,71176.4705882353,[[0.00021952]],62
4.0,2.508235294117647,71176.4705882353,[[0.00021952]],62
4.0,2.508235294117647,71176.4705882353,[[0.00021952]],62
4.0,2.508235294117647,71176.4705882353,[[0.00021952]],62
4.0,2.508235294117647,71176.4705882353,[[0.00021952]],62
4.0,2.508235294117647,71176.4705882353,[[0.00021952]],62
4.0,2.508235294117647,71176.4705882353,[[0.00021952]],62
5.254901960784314,2.508235294117647,71176.4705882353,[[0.02127087]],62
4.0,2.508235294117647,71176.4705882353,[[0.00021952]],62
4.0,2.508235294117647,71176.4705882353,[[0.00021952]],62
4.0,2.508235294117647,71176.4705882353,[[0.00021952]],62
4.0,2.508235294117647,71176.4705882353,[[0.00021952]],62
4.0,2.508235294117647,71176.4705882353,[[0.00021952]],62
4.0,2.508235294117647,71176.4705882353,[[0.00021952]],62
4.0,2.508235294117647,71176.4705882353,[[0.00021952]],62
4.0,2.508235294117647,71176.4705882353,[[0.00021952]],62
4.0,2.508235294117647,71176.4705882353,[[0.00021952]],62
4.0,2.508235294117647,71176.4705882353,[[0.00021952]],62
4.0,2.508235294117647,71176.4705882353,[[0.00021952]],62
4.0,2.508235294117647,184117.64705882352,[[0.16769036]],62
4.0,2.508235294117647,71176.4705882353,[[0.00021952]],62
4.0,2.508235294117647,71176.4705882353,[[0.00021952]],62
4.0,2.508235294117647,71176.4705882353,[[0.00021952]],62
4.0,2.508235294117647,71176.4705882353,[[0.00021952]],62
4.0,2.508235294117647,71176.4705882353,[[0.00021952]],62
4.0,2.508235294117647,71176.4705882353,[[0.00021952]],62
4.0,2.508235294117647,71176.4705882353,[[0.00021952]],62
4.0,2.508235294117647,71176.4705882353,[[0.00021952]],62
4.0,2.508235294117647,71176.4705882353,[[0.00021952]],62
4.0,2.508235294117647,71176.4705882353,[[0.00021952]],62
4.0,2.7843137254901964,71176.4705882353,[[0.01762925]],62
4.0,2.508235294117647,71176.4705882353,[[0.00021952]],62
4.0,2.508235294117647,71176.4705882353,[[0.00021952]],62
4.0,2.508235294117647,71176.4705882353,[[0.00021952]],62
4.0,2.508235294117647,71176.4705882353,[[0.00021952]],62
4.078431372549019,2.508235294117647,71176.4705882353,[[0.0003193]],62
4.0,2.508235294117647,71176.4705882353,[[0.00021952]],62
4.0,2.508235294117647,99411.76470588235,[[0.01343285]],62
4.0,2.508235294117647,71176.4705882353,[[0.00021952]],62
4.0,2.508235294117647,71176.4705882353,[[0.00021952]],62
4.0,2.508235294117647,71176.4705882353,[[0.00021952]],62
4.0,2.508235294117647,71176.4705882353,[[0.00021952]],62
4.0,2.508235294117647,71176.4705882353,[[0.00021952]],62
4.0,2.508235294117647,71176.4705882353,[[0.00021952]],62
4.0,2.508235294117647,71176.4705882353,[[0.00021952]],62
4.313725490196078,2.4737254901960783,71176.4705882353,[[0.0064687]],62
4.0,2.508235294117647,71176.4705882353,[[0.00021952]],62
4.0,2.508235294117647,71176.4705882353,[[0.00021952]],62
4.0,2.508235294117647,71176.4705882353,[[0.00021952]],62
4.0,2.508235294117647,71176.4705882353,[[0.00021952]],62
4.0,2.508235294117647,71176.4705882353,[[0.00021952]],62
4.0,2.508235294117647,71176.4705882353,[[0.00021952]],63
4.0,2.508235294117647,71176.4705882353,[[0.00021952]],63
4.0,2.508235294117647,71176.4705882353,[[0.00021952]],63
4.0,2.508235294117647,71176.4705882353,[[0.00021952]],63
4.0,2.508235294117647,71176.4705882353,[[0.00021952]],63
4.0,2.508235294117647,71176.4705882353,[[0.00021952]],63
4.0,2.508235294117647,71176.4705882353,[[0.00021952]],63
4.0,2.508235294117647,71176.4705882353,[[0.00021952]],63
4.0,2.508235294117647,71176.4705882353,[[0.00021952]],63
4.0,2.508235294117647,71176.4705882353,[[0.00021952]],63
4.0,2.508235294117647,71176.4705882353,[[0.00021952]],63
4.313725490196078,2.508235294117647,57058.82352941176,[[0.0007223]],63
4.0,2.508235294117647,71176.4705882353,[[0.00021952]],63
4.0,2.508235294117647,71176.4705882353,[[0.00021952]],63
4.0,2.508235294117647,71176.4705882353,[[0.00021952]],63
4.0,2.508235294117647,71176.4705882353,[[0.00021952]],63
4.0,2.508235294117647,71176.4705882353,[[0.00021952]],63
4.0,2.508235294117647,71176.4705882353,[[0.00021952]],63
4.0,2.508235294117647,71176.4705882353,[[0.00021952]],63
4.0,2.508235294117647,71176.4705882353,[[0.00021952]],63
4.0,2.508235294117647,71176.4705882353,[[0.00021952]],63
9.019607843137255,2.490980392156863,71176.4705882353,[[0.19910301]],63
4.0,2.508235294117647,71176.4705882353,[[0.00021952]],63
4.0,2.508235294117647,71176.4705882353,[[0.00021952]],63
4.0,2.508235294117647,71176.4705882353,[[0.00021952]],63
4.0,2.508235294117647,71176.4705882353,[[0.00021952]],63
4.0,2.508235294117647,71176.4705882353,[[0.00021952]],63
4.0,2.508235294117647,71176.4705882353,[[0.00021952]],63
4.0,2.508235294117647,71176.4705882353,[[0.00021952]],63
4.0,2.508235294117647,71176.4705882353,[[0.00021952]],63
4.0,2.508235294117647,71176.4705882353,[[0.00021952]],63
4.0,2.508235294117647,71176.4705882353,[[0.00021952]],63
4.0,2.508235294117647,71176.4705882353,[[0.00021952]],63
4.0,2.508235294117647,71176.4705882353,[[0.00021952]],63
4.0,2.508235294117647,71176.4705882353,[[0.00021952]],63
4.0,2.508235294117647,71176.4705882353,[[0.00021952]],63
4.0,2.508235294117647,71176.4705882353,[[0.00021952]],63
4.0,2.508235294117647,71176.4705882353,[[0.00021952]],63
4.0,2.7843137254901964,71176.4705882353,[[0.01762925]],63
4.0,2.508235294117647,71176.4705882353,[[0.00021952]],63
4.0,2.508235294117647,71176.4705882353,[[0.00021952]],63
4.0,2.508235294117647,71176.4705882353,[[0.00021952]],63
4.0,2.508235294117647,71176.4705882353,[[0.00021952]],63
9.019607843137255,2.508235294117647,71176.4705882353,[[0.18469688]],63
4.0,2.508235294117647,71176.4705882353,[[0.00021952]],63
4.0,2.508235294117647,58823.529411764706,[[0.00306322]],63
4.0,2.508235294117647,71176.4705882353,[[0.00021952]],63
4.0,2.508235294117647,71176.4705882353,[[0.00021952]],63
4.0,2.508235294117647,71176.4705882353,[[0.00021952]],63
4.0,2.508235294117647,71176.4705882353,[[0.00021952]],63
4.0,2.508235294117647,71176.4705882353,[[0.00021952]],63
4.0,2.508235294117647,71176.4705882353,[[0.00021952]],63
4.0,2.508235294117647,71176.4705882353,[[0.00021952]],63
4.0,2.508235294117647,71176.4705882353,[[0.00021952]],63
4.0,2.508235294117647,71176.4705882353,[[0.00021952]],63
4.0,2.508235294117647,71176.4705882353,[[0.00021952]],63
4.0,2.508235294117647,71176.4705882353,[[0.00021952]],63
4.0,2.508235294117647,71176.4705882353,[[0.00021952]],63
10.274509803921568,1.4039215686274509,71176.4705882353,[[0.64409662]],63
4.0,2.508235294117647,71176.4705882353,[[0.00021952]],63
4.0,2.508235294117647,71176.4705882353,[[0.00021952]],63
4.0,2.508235294117647,71176.4705882353,[[0.00021952]],63
4.0,2.508235294117647,71176.4705882353,[[0.00021952]],63
4.0,2.508235294117647,71176.4705882353,[[0.00021952]],63
4.0,2.508235294117647,71176.4705882353,[[0.00021952]],63
4.0,2.508235294117647,71176.4705882353,[[0.00021952]],63
4.0,2.508235294117647,71176.4705882353,[[0.00021952]],63
4.0,2.508235294117647,71176.4705882353,[[0.00021952]],63
4.0,2.508235294117647,71176.4705882353,[[0.00021952]],63
4.0,2.508235294117647,71176.4705882353,[[0.00021952]],63
4.0,2.508235294117647,71176.4705882353,[[0.00021952]],63
4.0,2.508235294117647,71176.4705882353,[[0.00021952]],63
4.0,2.508235294117647,71176.4705882353,[[0.00021952]],63
4.0,2.508235294117647,71176.4705882353,[[0.00021952]],63
4.0,2.508235294117647,71176.4705882353,[[0.00021952]],63
4.0,2.508235294117647,71176.4705882353,[[0.00021952]],63
4.627450980392156,2.508235294117647,71176.4705882353,[[0.00550691]],63
4.0,2.508235294117647,71176.4705882353,[[0.00021952]],63
4.0,2.508235294117647,71176.4705882353,[[0.00021952]],63
4.0,2.508235294117647,71176.4705882353,[[0.00021952]],63
6.509803921568627,2.508235294117647,64117.64705882353,[[0.06531715]],63
4.0,2.508235294117647,71176.4705882353,[[0.00021952]],63
4.0,2.508235294117647,71176.4705882353,[[0.00021952]],63
4.0,2.508235294117647,71176.4705882353,[[0.00021952]],63
4.0,2.508235294117647,71176.4705882353,[[0.00021952]],63
4.0,2.508235294117647,71176.4705882353,[[0.00021952]],63
16.549019607843135,2.508235294117647,71176.4705882353,[[0.32927323]],63
4.0,2.577254901960784,74705.88235294117,[[0.00050288]],63
4.0,2.508235294117647,71176.4705882353,[[0.00021952]],63
4.0,2.508235294117647,71176.4705882353,[[0.00021952]],63
4.0,2.508235294117647,71176.4705882353,[[0.00021952]],63
4.0,2.508235294117647,71176.4705882353,[[0.00021952]],63
4.0,2.508235294117647,71176.4705882353,[[0.00021952]],63
4.0,2.508235294117647,71176.4705882353,[[0.00021952]],63
4.0,2.508235294117647,72941.17647058824,[[0.00027943]],63
4.0,2.508235294117647,71176.4705882353,[[0.00021952]],63
4.0,2.508235294117647,71176.4705882353,[[0.00021952]],64
4.0,2.508235294117647,71176.4705882353,[[0.00021952]],64
4.0,2.508235294117647,71176.4705882353,[[0.00021952]],64
4.0,2.508235294117647,71176.4705882353,[[0.00021952]],64
4.0,2.508235294117647,71176.4705882353,[[0.00021952]],64
4.313725490196078,2.508235294117647,71176.4705882353,[[0.00159085]],64
4.0,2.508235294117647,71176.4705882353,[[0.00021952]],64
4.0,2.508235294117647,71176.4705882353,[[0.00021952]],64
4.0,2.508235294117647,71176.4705882353,[[0.00021952]],64
6.509803921568627,2.508235294117647,72941.17647058824,[[0.07454057]],64
4.0,2.508235294117647,71176.4705882353,[[0.00021952]],64
4.0,2.508235294117647,71176.4705882353,[[0.00021952]],64
4.0,2.508235294117647,71176.4705882353,[[0.00021952]],64
4.0,2.508235294117647,71176.4705882353,[[0.00021952]],64
4.0,2.508235294117647,71176.4705882353,[[0.00021952]],64
4.0,2.508235294117647,71176.4705882353,[[0.00021952]],64
4.0,2.508235294117647,71176.4705882353,[[0.00021952]],64
4.0,2.508235294117647,71176.4705882353,[[0.00021952]],64
4.0,2.508235294117647,71176.4705882353,[[0.00021952]],64
4.0,2.508235294117647,71176.4705882353,[[0.00021952]],64
4.0,2.508235294117647,71176.4705882353,[[0.00021952]],64
4.0,1.4039215686274509,71176.4705882353,[[0.19607654]],64
4.0,2.508235294117647,71176.4705882353,[[0.00021952]],64
4.0,2.7498039215686276,71176.4705882353,[[0.01342634]],64
4.0,2.508235294117647,71176.4705882353,[[0.00021952]],64
5.254901960784314,2.7843137254901964,71176.4705882353,[[0.00132907]],64
4.0,2.508235294117647,71176.4705882353,[[0.00021952]],64
4.0,2.508235294117647,71176.4705882353,[[0.00021952]],64
4.0,2.508235294117647,71176.4705882353,[[0.00021952]],64
4.0,2.508235294117647,71176.4705882353,[[0.00021952]],64
4.0,2.508235294117647,71176.4705882353,[[0.00021952]],64
4.0,2.508235294117647,71176.4705882353,[[0.00021952]],64
4.0,2.508235294117647,71176.4705882353,[[0.00021952]],64
4.0,2.6462745098039218,71176.4705882353,[[0.00439731]],64
4.0,2.508235294117647,71176.4705882353,[[0.00021952]],64
4.0,2.508235294117647,71176.4705882353,[[0.00021952]],64
4.0,2.508235294117647,71176.4705882353,[[0.00021952]],64
4.0,2.508235294117647,71176.4705882353,[[0.00021952]],64
4.0,2.508235294117647,71176.4705882353,[[0.00021952]],64
4.0,2.508235294117647,71176.4705882353,[[0.00021952]],64
4.0,2.508235294117647,71176.4705882353,[[0.00021952]],64
4.0,2.508235294117647,71176.4705882353,[[0.00021952]],64
4.0,2.508235294117647,71176.4705882353,[[0.00021952]],64
4.0,2.508235294117647,71176.4705882353,[[0.00021952]],64
9.019607843137255,2.508235294117647,71176.4705882353,[[0.18469688]],64
4.0,2.7843137254901964,72941.17647058824,[[0.01555827]],64
4.0,2.508235294117647,71176.4705882353,[[0.00021952]],64
4.0,2.508235294117647,71176.4705882353,[[0.00021952]],64
4.0,2.508235294117647,71176.4705882353,[[0.00021952]],64
4.0,2.508235294117647,297058.8235294118,[[0.52590939]],64
4.0,2.508235294117647,71176.4705882353,[[0.00021952]],64
4.0,2.508235294117647,71176.4705882353,[[0.00021952]],64
4.0,2.508235294117647,74705.88235294117,[[0.00044978]],64
4.0,2.508235294117647,71176.4705882353,[[0.00021952]],64
4.0,2.508235294117647,297058.8235294118,[[0.52590939]],64
4.0,2.508235294117647,71176.4705882353,[[0.00021952]],64
4.0,2.508235294117647,71176.4705882353,[[0.00021952]],64
4.0,2.508235294117647,71176.4705882353,[[0.00021952]],64
4.0,2.508235294117647,71176.4705882353,[[0.00021952]],64
4.0,2.508235294117647,71176.4705882353,[[0.00021952]],64
4.0,2.508235294117647,71176.4705882353,[[0.00021952]],64
4.0,2.508235294117647,71176.4705882353,[[0.00021952]],64
4.0,2.508235294117647,71176.4705882353,[[0.00021952]],64
4.0,2.508235294117647,71176.4705882353,[[0.00021952]],64
4.0,2.508235294117647,71176.4705882353,[[0.00021952]],64
4.0,2.7843137254901964,297058.8235294118,[[0.42500392]],64
4.0,2.508235294117647,71176.4705882353,[[0.00021952]],64
4.0,2.508235294117647,71176.4705882353,[[0.00021952]],64
4.0,2.508235294117647,71176.4705882353,[[0.00021952]],64
5.254901960784314,2.508235294117647,71176.4705882353,[[0.02127087]],64
4.0,2.508235294117647,71176.4705882353,[[0.00021952]],64
4.0,2.508235294117647,71176.4705882353,[[0.00021952]],64
4.0,2.4737254901960783,99411.76470588235,[[0.02345506]],64
4.0,2.508235294117647,71176.4705882353,[[0.00021952]],64
4.0,2.508235294117647,71176.4705882353,[[0.00021952]],64
4.0,2.508235294117647,71176.4705882353,[[0.00021952]],64
4.0,2.508235294117647,71176.4705882353,[[0.00021952]],64
4.0,2.508235294117647,71176.4705882353,[[0.00021952]],64
4.0,2.508235294117647,71176.4705882353,[[0.00021952]],64
4.0,2.508235294117647,60588.23529411765,[[0.00229243]],64
4.0,2.508235294117647,71176.4705882353,[[0.00021952]],64
4.1568627450980395,2.508235294117647,177058.82352941175,[[0.15354951]],64
4.0,2.508235294117647,71176.4705882353,[[0.00021952]],64
4.0,2.508235294117647,71176.4705882353,[[0.00021952]],64
4.0,2.508235294117647,71176.4705882353,[[0.00021952]],64
4.0,2.508235294117647,71176.4705882353,[[0.00021952]],64
4.0,2.6462745098039218,71176.4705882353,[[0.00439731]],64
4.0,2.508235294117647,71176.4705882353,[[0.00021952]],64
4.0,2.508235294117647,71176.4705882353,[[0.00021952]],64
4.0,2.508235294117647,71176.4705882353,[[0.00021952]],64
4.0,2.508235294117647,71176.4705882353,[[0.00021952]],64
4.0,2.508235294117647,71176.4705882353,[[0.00021952]],64
4.0,2.508235294117647,71176.4705882353,[[0.00021952]],64
4.0,2.508235294117647,71176.4705882353,[[0.00021952]],64
4.0,2.508235294117647,71176.4705882353,[[0.00021952]],64
4.0,2.508235294117647,71176.4705882353,[[0.00021952]],64
4.0,2.508235294117647,71176.4705882353,[[0.00021952]],65
4.0,2.508235294117647,71176.4705882353,[[0.00021952]],65
4.0,2.508235294117647,71176.4705882353,[[0.00021952]],65
4.0,2.508235294117647,71176.4705882353,[[0.00021952]],65
4.0,2.6462745098039218,71176.4705882353,[[0.00439731]],65
4.0,1.956078431372549,71176.4705882353,[[0.05121097]],65
4.0,2.4737254901960783,71176.4705882353,[[0.00208655]],65
4.0,2.508235294117647,71176.4705882353,[[0.00021952]],65
14.03921568627451,1.9647058823529413,184117.64705882352,[[0.50939535]],65
4.0,2.508235294117647,71176.4705882353,[[0.00021952]],65
4.0,2.508235294117647,71176.4705882353,[[0.00021952]],65
4.0,2.508235294117647,71176.4705882353,[[0.00021952]],65
4.0,2.508235294117647,71176.4705882353,[[0.00021952]],65
4.0,2.508235294117647,71176.4705882353,[[0.00021952]],65
4.0,2.508235294117647,71176.4705882353,[[0.00021952]],65
4.0,2.508235294117647,71176.4705882353,[[0.00021952]],65
4.0,2.508235294117647,71176.4705882353,[[0.00021952]],65
4.0,2.508235294117647,71176.4705882353,[[0.00021952]],65
4.0,2.508235294117647,72941.17647058824,[[0.00027943]],65
4.0,2.508235294117647,71176.4705882353,[[0.00021952]],65
4.0,2.508235294117647,71176.4705882353,[[0.00021952]],65
4.0,2.508235294117647,71176.4705882353,[[0.00021952]],65
4.0,2.508235294117647,71176.4705882353,[[0.00021952]],65
4.0,2.508235294117647,71176.4705882353,[[0.00021952]],65
4.0,2.508235294117647,71176.4705882353,[[0.00021952]],65
4.0,2.508235294117647,71176.4705882353,[[0.00021952]],65
4.313725490196078,2.508235294117647,57058.82352941176,[[0.0007223]],65
4.0,2.508235294117647,71176.4705882353,[[0.00021952]],65
4.0,2.508235294117647,71176.4705882353,[[0.00021952]],65
4.0,2.508235294117647,71176.4705882353,[[0.00021952]],65
4.0,2.508235294117647,71176.4705882353,[[0.00021952]],65
4.0,2.508235294117647,71176.4705882353,[[0.00021952]],65
4.0,2.508235294117647,71176.4705882353,[[0.00021952]],65
4.0,2.508235294117647,71176.4705882353,[[0.00021952]],65
4.0,2.508235294117647,71176.4705882353,[[0.00021952]],65
4.0,2.508235294117647,71176.4705882353,[[0.00021952]],65
4.0,2.508235294117647,71176.4705882353,[[0.00021952]],65
4.0,2.508235294117647,71176.4705882353,[[0.00021952]],65
4.0,2.508235294117647,71176.4705882353,[[0.00021952]],65
4.0,2.508235294117647,71176.4705882353,[[0.00021952]],65
4.0,2.508235294117647,71176.4705882353,[[0.00021952]],65
4.0,2.508235294117647,71176.4705882353,[[0.00021952]],65
4.0,2.508235294117647,71176.4705882353,[[0.00021952]],65
4.0,2.508235294117647,71176.4705882353,[[0.00021952]],65
4.0,2.508235294117647,71176.4705882353,[[0.00021952]],65
4.0,2.508235294117647,71176.4705882353,[[0.00021952]],65
4.0,2.508235294117647,297058.8235294118,[[0.52590939]],65
4.0,2.508235294117647,71176.4705882353,[[0.00021952]],65
4.0,2.508235294117647,71176.4705882353,[[0.00021952]],65
4.0,2.577254901960784,71176.4705882353,[[0.00123789]],65
4.0,2.508235294117647,71176.4705882353,[[0.00021952]],65
4.0,2.508235294117647,71176.4705882353,[[0.00021952]],65
4.0,2.508235294117647,71176.4705882353,[[0.00021952]],65
14.03921568627451,1.956078431372549,282941.1764705882,[[0.56233528]],65
4.0,2.6462745098039218,71176.4705882353,[[0.00439731]],65
4.0,2.508235294117647,71176.4705882353,[[0.00021952]],65
4.0,2.508235294117647,71176.4705882353,[[0.00021952]],65
4.0,2.508235294117647,71176.4705882353,[[0.00021952]],65
4.0,2.508235294117647,71176.4705882353,[[0.00021952]],65
4.0,2.508235294117647,71176.4705882353,[[0.00021952]],65
4.0,2.516862745098039,184117.64705882352,[[0.16540518]],65
4.0,1.956078431372549,71176.4705882353,[[0.05121097]],65
4.0,2.508235294117647,71176.4705882353,[[0.00021952]],65
4.0,2.508235294117647,71176.4705882353,[[0.00021952]],65
4.0,2.508235294117647,71176.4705882353,[[0.00021952]],65
4.627450980392156,1.4039215686274509,71176.4705882353,[[0.19455669]],65
4.0,2.508235294117647,71176.4705882353,[[0.00021952]],65
4.0,2.508235294117647,71176.4705882353,[[0.00021952]],65
4.0,2.508235294117647,71176.4705882353,[[0.00021952]],65
4.0,2.508235294117647,71176.4705882353,[[0.00021952]],65
4.0,2.508235294117647,71176.4705882353,[[0.00021952]],65
4.0,2.508235294117647,71176.4705882353,[[0.00021952]],65
4.0,2.508235294117647,71176.4705882353,[[0.00021952]],65
4.0,2.508235294117647,71176.4705882353,[[0.00021952]],65
4.0,2.508235294117647,71176.4705882353,[[0.00021952]],65
4.0,2.508235294117647,71176.4705882353,[[0.00021952]],65
4.0,2.508235294117647,71176.4705882353,[[0.00021952]],65
4.0,2.508235294117647,64117.64705882353,[[0.00112419]],65
4.0,2.508235294117647,71176.4705882353,[[0.00021952]],65
4.0,2.508235294117647,71176.4705882353,[[0.00021952]],65
14.03921568627451,2.490980392156863,71176.4705882353,[[0.31557877]],65
4.0,2.508235294117647,71176.4705882353,[[0.00021952]],65
4.0,2.508235294117647,71176.4705882353,[[0.00021952]],65
4.0,2.508235294117647,71176.4705882353,[[0.00021952]],65
4.0,2.508235294117647,71176.4705882353,[[0.00021952]],65
4.0,2.508235294117647,71176.4705882353,[[0.00021952]],65
4.0,2.7843137254901964,71176.4705882353,[[0.01762925]],65
4.0,2.508235294117647,71176.4705882353,[[0.00021952]],65
4.0,2.508235294117647,71176.4705882353,[[0.00021952]],65
4.0,2.508235294117647,71176.4705882353,[[0.00021952]],65
4.0,2.508235294117647,71176.4705882353,[[0.00021952]],65
4.0,2.508235294117647,71176.4705882353,[[0.00021952]],65
4.0,2.508235294117647,71176.4705882353,[[0.00021952]],65
4.0,2.508235294117647,71176.4705882353,[[0.00021952]],65
4.0,2.508235294117647,71176.4705882353,[[0.00021952]],65
4.0,2.508235294117647,71176.4705882353,[[0.00021952]],65
4.0,2.508235294117647,71176.4705882353,[[0.00021952]],66
4.0,2.508235294117647,71176.4705882353,[[0.00021952]],66
4.0,2.508235294117647,72941.17647058824,[[0.00027943]],66
4.0,2.508235294117647,71176.4705882353,[[0.00021952]],66
4.0,2.508235294117647,71176.4705882353,[[0.00021952]],66
4.0,2.508235294117647,71176.4705882353,[[0.00021952]],66
4.0,2.508235294117647,99411.76470588235,[[0.01343285]],66
4.0,2.508235294117647,71176.4705882353,[[0.00021952]],66
4.0,2.508235294117647,71176.4705882353,[[0.00021952]],66
4.078431372549019,2.7843137254901964,71176.4705882353,[[0.01528035]],66
4.313725490196078,2.508235294117647,71176.4705882353,[[0.00159085]],66
4.0,2.508235294117647,71176.4705882353,[[0.00021952]],66
14.03921568627451,1.4039215686274509,71176.4705882353,[[0.64607769]],66
4.0,2.508235294117647,71176.4705882353,[[0.00021952]],66
4.0,2.508235294117647,71176.4705882353,[[0.00021952]],66
4.0,2.508235294117647,71176.4705882353,[[0.00021952]],66
4.0,2.508235294117647,71176.4705882353,[[0.00021952]],66
4.0,2.508235294117647,71176.4705882353,[[0.00021952]],66
4.0,2.508235294117647,71176.4705882353,[[0.00021952]],66
4.0,2.508235294117647,71176.4705882353,[[0.00021952]],66
4.0,2.508235294117647,71176.4705882353,[[0.00021952]],66
4.0,2.508235294117647,71176.4705882353,[[0.00021952]],66
4.0,2.508235294117647,71176.4705882353,[[0.00021952]],66
4.0,2.508235294117647,71176.4705882353,[[0.00021952]],66
4.0,2.508235294117647,71176.4705882353,[[0.00021952]],66
4.0,2.508235294117647,71176.4705882353,[[0.00021952]],66
4.0,2.508235294117647,71176.4705882353,[[0.00021952]],66
4.0,2.508235294117647,71176.4705882353,[[0.00021952]],66
4.0,2.508235294117647,71176.4705882353,[[0.00021952]],66
4.0,2.508235294117647,71176.4705882353,[[0.00021952]],66
4.0,2.508235294117647,71176.4705882353,[[0.00021952]],66
4.0,2.508235294117647,71176.4705882353,[[0.00021952]],66
4.0,2.508235294117647,71176.4705882353,[[0.00021952]],66
4.0,2.508235294117647,71176.4705882353,[[0.00021952]],66
4.0,2.508235294117647,71176.4705882353,[[0.00021952]],66
4.0,2.508235294117647,71176.4705882353,[[0.00021952]],66
4.0,2.508235294117647,71176.4705882353,[[0.00021952]],66
9.019607843137255,2.508235294117647,71176.4705882353,[[0.18469688]],66
4.0,2.508235294117647,71176.4705882353,[[0.00021952]],66
4.0,2.508235294117647,71176.4705882353,[[0.00021952]],66
4.0,2.6462745098039218,72941.17647058824,[[0.00345207]],66
4.0,2.508235294117647,71176.4705882353,[[0.00021952]],66
4.0,2.508235294117647,71176.4705882353,[[0.00021952]],66
4.0,2.508235294117647,71176.4705882353,[[0.00021952]],66
4.0,2.508235294117647,71176.4705882353,[[0.00021952]],66
4.0,2.508235294117647,71176.4705882353,[[0.00021952]],66
4.0,2.508235294117647,71176.4705882353,[[0.00021952]],66
4.0,2.508235294117647,71176.4705882353,[[0.00021952]],66
4.0,2.508235294117647,71176.4705882353,[[0.00021952]],66
4.1568627450980395,2.508235294117647,71176.4705882353,[[0.00057665]],66
4.0,2.508235294117647,71176.4705882353,[[0.00021952]],66
4.0,2.508235294117647,60588.23529411765,[[0.00229243]],66
4.0,2.508235294117647,71176.4705882353,[[0.00021952]],66
4.0,2.508235294117647,71176.4705882353,[[0.00021952]],66
4.0,2.508235294117647,71176.4705882353,[[0.00021952]],66
4.0,2.508235294117647,71176.4705882353,[[0.00021952]],66
4.0,2.508235294117647,71176.4705882353,[[0.00021952]],66
4.0,2.508235294117647,71176.4705882353,[[0.00021952]],66
4.0,2.508235294117647,71176.4705882353,[[0.00021952]],66
4.0,2.508235294117647,71176.4705882353,[[0.00021952]],66
4.0,2.508235294117647,71176.4705882353,[[0.00021952]],66
4.0,2.508235294117647,71176.4705882353,[[0.00021952]],66
4.0,2.508235294117647,71176.4705882353,[[0.00021952]],66
4.0,2.508235294117647,71176.4705882353,[[0.00021952]],66
4.0,2.508235294117647,71176.4705882353,[[0.00021952]],66
4.0,2.508235294117647,71176.4705882353,[[0.00021952]],66
4.0,2.6462745098039218,71176.4705882353,[[0.00439731]],66
4.0,2.508235294117647,71176.4705882353,[[0.00021952]],66
6.509803921568627,2.508235294117647,71176.4705882353,[[0.07265647]],66
4.0,2.508235294117647,71176.4705882353,[[0.00021952]],66
4.0,2.508235294117647,71176.4705882353,[[0.00021952]],66
4.0,2.508235294117647,71176.4705882353,[[0.00021952]],66
4.0,2.508235294117647,71176.4705882353,[[0.00021952]],66
4.078431372549019,2.577254901960784,71176.4705882353,[[0.00077915]],66
4.0,2.508235294117647,71176.4705882353,[[0.00021952]],66
4.0,2.508235294117647,71176.4705882353,[[0.00021952]],66
4.0,2.508235294117647,71176.4705882353,[[0.00021952]],66
4.0,2.508235294117647,71176.4705882353,[[0.00021952]],66
4.0,2.508235294117647,71176.4705882353,[[0.00021952]],66
9.019607843137255,2.577254901960784,71176.4705882353,[[0.16711724]],66
4.0,2.508235294117647,71176.4705882353,[[0.00021952]],66
4.0,2.508235294117647,71176.4705882353,[[0.00021952]],66
4.078431372549019,2.7843137254901964,71176.4705882353,[[0.01528035]],66
4.0,2.508235294117647,71176.4705882353,[[0.00021952]],66
4.0,2.7843137254901964,71176.4705882353,[[0.01762925]],66
5.254901960784314,2.767058823529412,71176.4705882353,[[0.00174609]],66
4.0,2.508235294117647,71176.4705882353,[[0.00021952]],66
4.0,2.4737254901960783,71176.4705882353,[[0.00208655]],66
4.0,2.508235294117647,71176.4705882353,[[0.00021952]],66
4.0,2.508235294117647,71176.4705882353,[[0.00021952]],66
4.0,2.508235294117647,71176.4705882353,[[0.00021952]],66
4.0,2.508235294117647,71176.4705882353,[[0.00021952]],66
4.0,2.508235294117647,71176.4705882353,[[0.00021952]],66
4.0,2.508235294117647,71176.4705882353,[[0.00021952]],66
4.0,2.508235294117647,71176.4705882353,[[0.00021952]],66
4.0,2.508235294117647,71176.4705882353,[[0.00021952]],66
4.0,2.508235294117647,71176.4705882353,[[0.00021952]],67
4.0,2.508235294117647,71176.4705882353,[[0.00021952]],67
4.0,2.508235294117647,71176.4705882353,[[0.00021952]],67
4.0,2.508235294117647,71176.4705882353,[[0.00021952]],67
4.0,2.508235294117647,297058.8235294118,[[0.52590939]],67
4.0,2.508235294117647,71176.4705882353,[[0.00021952]],67
4.0,2.508235294117647,71176.4705882353,[[0.00021952]],67
4.0,2.508235294117647,71176.4705882353,[[0.00021952]],67
4.0,2.508235294117647,71176.4705882353,[[0.00021952]],67
4.0,2.508235294117647,71176.4705882353,[[0.00021952]],67
4.0,2.508235294117647,71176.4705882353,[[0.00021952]],67
4.0,2.508235294117647,71176.4705882353,[[0.00021952]],67
4.0,2.508235294117647,71176.4705882353,[[0.00021952]],67
4.0,2.508235294117647,71176.4705882353,[[0.00021952]],67
4.0,2.508235294117647,71176.4705882353,[[0.00021952]],67
4.0,2.508235294117647,71176.4705882353,[[0.00021952]],67
4.0,2.508235294117647,71176.4705882353,[[0.00021952]],67
4.0,2.508235294117647,71176.4705882353,[[0.00021952]],67
4.0,2.508235294117647,71176.4705882353,[[0.00021952]],67
4.0,2.508235294117647,71176.4705882353,[[0.00021952]],67
4.0,2.508235294117647,71176.4705882353,[[0.00021952]],67
4.0,2.508235294117647,71176.4705882353,[[0.00021952]],67
4.0,2.508235294117647,74705.88235294117,[[0.00044978]],67
4.0,2.508235294117647,71176.4705882353,[[0.00021952]],67
4.0,2.508235294117647,71176.4705882353,[[0.00021952]],67
4.0,2.577254901960784,71176.4705882353,[[0.00123789]],67
15.294117647058824,2.7843137254901964,71176.4705882353,[[0.26408613]],67
4.0,2.508235294117647,71176.4705882353,[[0.00021952]],67
16.549019607843135,2.508235294117647,71176.4705882353,[[0.32927323]],67
4.0,2.508235294117647,71176.4705882353,[[0.00021952]],67
4.0,2.508235294117647,71176.4705882353,[[0.00021952]],67
4.0,2.508235294117647,71176.4705882353,[[0.00021952]],67
4.0,2.508235294117647,71176.4705882353,[[0.00021952]],67
4.0,2.508235294117647,71176.4705882353,[[0.00021952]],67
4.0,2.508235294117647,71176.4705882353,[[0.00021952]],67
4.0,2.508235294117647,71176.4705882353,[[0.00021952]],67
4.0,2.508235294117647,71176.4705882353,[[0.00021952]],67
4.0,2.508235294117647,71176.4705882353,[[0.00021952]],67
4.0,2.508235294117647,71176.4705882353,[[0.00021952]],67
4.0,2.508235294117647,71176.4705882353,[[0.00021952]],67
4.1568627450980395,2.508235294117647,71176.4705882353,[[0.00057665]],67
4.0,2.508235294117647,71176.4705882353,[[0.00021952]],67
4.0,2.508235294117647,71176.4705882353,[[0.00021952]],67
4.0,2.508235294117647,71176.4705882353,[[0.00021952]],67
4.0,2.508235294117647,71176.4705882353,[[0.00021952]],67
4.0,2.508235294117647,71176.4705882353,[[0.00021952]],67
4.0,2.577254901960784,71176.4705882353,[[0.00123789]],67
4.0,2.508235294117647,71176.4705882353,[[0.00021952]],67
4.0,2.508235294117647,71176.4705882353,[[0.00021952]],67
4.0,2.508235294117647,71176.4705882353,[[0.00021952]],67
4.0,2.508235294117647,71176.4705882353,[[0.00021952]],67
4.0,2.508235294117647,71176.4705882353,[[0.00021952]],67
4.0,2.508235294117647,71176.4705882353,[[0.00021952]],67
4.0,2.508235294117647,71176.4705882353,[[0.00021952]],67
4.0,2.508235294117647,71176.4705882353,[[0.00021952]],67
4.0,2.508235294117647,71176.4705882353,[[0.00021952]],67
4.0,2.508235294117647,71176.4705882353,[[0.00021952]],67
4.0,2.508235294117647,71176.4705882353,[[0.00021952]],67
4.0,2.508235294117647,71176.4705882353,[[0.00021952]],67
4.0,2.508235294117647,71176.4705882353,[[0.00021952]],67
4.0,2.490980392156863,71176.4705882353,[[0.00151013]],67
4.0,2.508235294117647,71176.4705882353,[[0.00021952]],67
4.0,2.6462745098039218,71176.4705882353,[[0.00439731]],67
4.0,2.508235294117647,71176.4705882353,[[0.00021952]],67
4.1568627450980395,1.956078431372549,71176.4705882353,[[0.06279546]],67
4.0,2.508235294117647,71176.4705882353,[[0.00021952]],67
4.0,2.508235294117647,71176.4705882353,[[0.00021952]],67
4.0,2.508235294117647,71176.4705882353,[[0.00021952]],67
4.0,2.508235294117647,71176.4705882353,[[0.00021952]],67
4.0,2.508235294117647,71176.4705882353,[[0.00021952]],67
4.0,2.508235294117647,71176.4705882353,[[0.00021952]],67
4.0,2.508235294117647,71176.4705882353,[[0.00021952]],67
4.0,2.508235294117647,71176.4705882353,[[0.00021952]],67
4.0,2.508235294117647,71176.4705882353,[[0.00021952]],67
4.0,2.508235294117647,71176.4705882353,[[0.00021952]],67
4.0,2.508235294117647,71176.4705882353,[[0.00021952]],67
4.0,2.508235294117647,71176.4705882353,[[0.00021952]],67
4.0,2.508235294117647,71176.4705882353,[[0.00021952]],67
4.0,2.508235294117647,71176.4705882353,[[0.00021952]],67
4.0,2.508235294117647,71176.4705882353,[[0.00021952]],67
4.0,2.508235294117647,71176.4705882353,[[0.00021952]],67
4.0,2.508235294117647,71176.4705882353,[[0.00021952]],67
4.0,2.508235294117647,71176.4705882353,[[0.00021952]],67
4.0,2.508235294117647,71176.4705882353,[[0.00021952]],67
4.0,2.508235294117647,71176.4705882353,[[0.00021952]],67
4.0,2.508235294117647,71176.4705882353,[[0.00021952]],67
4.0,2.508235294117647,71176.4705882353,[[0.00021952]],67
4.0,2.508235294117647,71176.4705882353,[[0.00021952]],67
4.0,2.508235294117647,71176.4705882353,[[0.00021952]],67
4.0,1.4039215686274509,71176.4705882353,[[0.19607654]],67
4.0,2.508235294117647,71176.4705882353,[[0.00021952]],67
4.0,2.508235294117647,71176.4705882353,[[0.00021952]],67
4.0,2.508235294117647,71176.4705882353,[[0.00021952]],67
4.0,2.508235294117647,71176.4705882353,[[0.00021952]],67
4.0,2.508235294117647,71176.4705882353,[[0.00021952]],67
4.0,2.508235294117647,71176.4705882353,[[0.00021952]],67
4.0,2.508235294117647,71176.4705882353,[[0.00021952]],68
4.0,2.508235294117647,71176.4705882353,[[0.00021952]],68
4.0,2.508235294117647,71176.4705882353,[[0.00021952]],68
4.0,2.508235294117647,71176.4705882353,[[0.00021952]],68
4.0,2.508235294117647,71176.4705882353,[[0.00021952]],68
4.0,2.508235294117647,71176.4705882353,[[0.00021952]],68
4.0,2.508235294117647,71176.4705882353,[[0.00021952]],68
4.0,2.508235294117647,71176.4705882353,[[0.00021952]],68
4.0,2.508235294117647,71176.4705882353,[[0.00021952]],68
4.0,2.508235294117647,71176.4705882353,[[0.00021952]],68
4.0,2.508235294117647,71176.4705882353,[[0.00021952]],68
4.0,2.508235294117647,71176.4705882353,[[0.00021952]],68
4.0,2.508235294117647,71176.4705882353,[[0.00021952]],68
4.0,2.508235294117647,71176.4705882353,[[0.00021952]],68
4.0,2.508235294117647,71176.4705882353,[[0.00021952]],68
4.0,2.508235294117647,71176.4705882353,[[0.00021952]],68
4.0,2.508235294117647,71176.4705882353,[[0.00021952]],68
4.0,2.508235294117647,71176.4705882353,[[0.00021952]],68
4.0,2.508235294117647,71176.4705882353,[[0.00021952]],68
4.0,2.508235294117647,71176.4705882353,[[0.00021952]],68
4.0,2.508235294117647,71176.4705882353,[[0.00021952]],68
4.0,2.508235294117647,71176.4705882353,[[0.00021952]],68
4.0,2.508235294117647,71176.4705882353,[[0.00021952]],68
4.0,2.508235294117647,71176.4705882353,[[0.00021952]],68
4.0,2.508235294117647,71176.4705882353,[[0.00021952]],68
4.0,2.508235294117647,71176.4705882353,[[0.00021952]],68
5.254901960784314,2.508235294117647,71176.4705882353,[[0.02127087]],68
4.0,2.508235294117647,57058.82352941176,[[0.00396152]],68
4.0,2.508235294117647,71176.4705882353,[[0.00021952]],68
4.0,2.508235294117647,71176.4705882353,[[0.00021952]],68
4.0,2.508235294117647,71176.4705882353,[[0.00021952]],68
4.0,2.508235294117647,71176.4705882353,[[0.00021952]],68
4.0,2.508235294117647,71176.4705882353,[[0.00021952]],68
4.0,2.508235294117647,71176.4705882353,[[0.00021952]],68
4.0,2.508235294117647,71176.4705882353,[[0.00021952]],68
4.0,2.508235294117647,71176.4705882353,[[0.00021952]],68
4.0,2.516862745098039,71176.4705882353,[[0.00023447]],68
4.0,2.508235294117647,71176.4705882353,[[0.00021952]],68
4.0,2.508235294117647,71176.4705882353,[[0.00021952]],68
4.0,2.508235294117647,71176.4705882353,[[0.00021952]],68
4.0,2.508235294117647,71176.4705882353,[[0.00021952]],68
4.0,2.508235294117647,71176.4705882353,[[0.00021952]],68
4.0,2.508235294117647,71176.4705882353,[[0.00021952]],68
4.0,2.508235294117647,71176.4705882353,[[0.00021952]],68
9.019607843137255,2.508235294117647,71176.4705882353,[[0.18469688]],68
4.0,2.508235294117647,71176.4705882353,[[0.00021952]],68
4.0,2.508235294117647,71176.4705882353,[[0.00021952]],68
4.0,2.508235294117647,71176.4705882353,[[0.00021952]],68
4.0,2.508235294117647,71176.4705882353,[[0.00021952]],68
4.0,2.508235294117647,71176.4705882353,[[0.00021952]],68
4.0,2.7843137254901964,64117.64705882353,[[0.02738866]],68
4.0,2.508235294117647,71176.4705882353,[[0.00021952]],68
4.0,2.508235294117647,71176.4705882353,[[0.00021952]],68
4.0,2.508235294117647,71176.4705882353,[[0.00021952]],68
4.0,2.508235294117647,71176.4705882353,[[0.00021952]],68
4.0,2.508235294117647,71176.4705882353,[[0.00021952]],68
4.078431372549019,2.508235294117647,71176.4705882353,[[0.0003193]],68
4.0,2.508235294117647,71176.4705882353,[[0.00021952]],68
4.0,2.508235294117647,71176.4705882353,[[0.00021952]],68
4.0,2.508235294117647,71176.4705882353,[[0.00021952]],68
4.0,2.508235294117647,71176.4705882353,[[0.00021952]],68
10.274509803921568,2.577254901960784,71176.4705882353,[[0.2107403]],68
4.0,2.508235294117647,71176.4705882353,[[0.00021952]],68
4.0,2.508235294117647,71176.4705882353,[[0.00021952]],68
4.0,2.508235294117647,71176.4705882353,[[0.00021952]],68
5.254901960784314,2.508235294117647,71176.4705882353,[[0.02127087]],68
4.0,2.508235294117647,71176.4705882353,[[0.00021952]],68
4.0,2.508235294117647,71176.4705882353,[[0.00021952]],68
4.0,2.508235294117647,71176.4705882353,[[0.00021952]],68
4.313725490196078,2.508235294117647,71176.4705882353,[[0.00159085]],68
4.1568627450980395,1.4039215686274509,71176.4705882353,[[0.19511086]],68
4.0,2.508235294117647,71176.4705882353,[[0.00021952]],68
4.0,2.508235294117647,71176.4705882353,[[0.00021952]],68
4.0,2.508235294117647,71176.4705882353,[[0.00021952]],68
4.0,2.508235294117647,71176.4705882353,[[0.00021952]],68
4.0,2.508235294117647,71176.4705882353,[[0.00021952]],68
14.03921568627451,2.508235294117647,71176.4705882353,[[0.30683421]],68
4.0,2.508235294117647,71176.4705882353,[[0.00021952]],68
4.0,2.508235294117647,71176.4705882353,[[0.00021952]],68
4.0,2.508235294117647,71176.4705882353,[[0.00021952]],68
4.0,2.508235294117647,184117.64705882352,[[0.16769036]],68
4.0,2.508235294117647,71176.4705882353,[[0.00021952]],68
6.509803921568627,2.508235294117647,71176.4705882353,[[0.07265647]],68
4.0,2.508235294117647,71176.4705882353,[[0.00021952]],68
4.0,2.508235294117647,71176.4705882353,[[0.00021952]],68
4.0,2.508235294117647,71176.4705882353,[[0.00021952]],68
4.0,2.508235294117647,71176.4705882353,[[0.00021952]],68
4.0,2.508235294117647,71176.4705882353,[[0.00021952]],68
4.0,2.508235294117647,71176.4705882353,[[0.00021952]],68
4.0,2.508235294117647,71176.4705882353,[[0.00021952]],68
4.0,2.508235294117647,71176.4705882353,[[0.00021952]],68
4.0,2.508235294117647,71176.4705882353,[[0.00021952]],68
4.0,2.508235294117647,71176.4705882353,[[0.00021952]],68
4.0,2.508235294117647,71176.4705882353,[[0.00021952]],68
4.0,2.508235294117647,71176.4705882353,[[0.00021952]],68
4.0,2.508235294117647,71176.4705882353,[[0.00021952]],68
4.0,2.508235294117647,71176.4705882353,[[0.00021952]],69
4.0,2.508235294117647,71176.4705882353,[[0.00021952]],69
4.0,2.508235294117647,71176.4705882353,[[0.00021952]],69
4.0,2.508235294117647,71176.4705882353,[[0.00021952]],69
4.0,2.508235294117647,71176.4705882353,[[0.00021952]],69
4.0,2.508235294117647,71176.4705882353,[[0.00021952]],69
4.0,2.508235294117647,71176.4705882353,[[0.00021952]],69
14.196078431372548,2.508235294117647,71176.4705882353,[[0.30876039]],69
6.509803921568627,2.508235294117647,57058.82352941176,[[0.05830153]],69
4.0,2.508235294117647,71176.4705882353,[[0.00021952]],69
4.0,2.508235294117647,71176.4705882353,[[0.00021952]],69
4.0,2.508235294117647,71176.4705882353,[[0.00021952]],69
4.0,2.508235294117647,71176.4705882353,[[0.00021952]],69
4.0,2.508235294117647,71176.4705882353,[[0.00021952]],69
4.0,2.508235294117647,71176.4705882353,[[0.00021952]],69
4.0,2.508235294117647,71176.4705882353,[[0.00021952]],69
4.0,2.508235294117647,297058.8235294118,[[0.52590939]],69
4.0,2.508235294117647,71176.4705882353,[[0.00021952]],69
4.0,2.508235294117647,71176.4705882353,[[0.00021952]],69
4.0,2.508235294117647,71176.4705882353,[[0.00021952]],69
4.0,2.508235294117647,71176.4705882353,[[0.00021952]],69
4.0,2.508235294117647,71176.4705882353,[[0.00021952]],69
4.0,2.508235294117647,71176.4705882353,[[0.00021952]],69
4.0,2.508235294117647,71176.4705882353,[[0.00021952]],69
4.313725490196078,2.508235294117647,71176.4705882353,[[0.00159085]],69
4.0,2.508235294117647,71176.4705882353,[[0.00021952]],69
4.0,2.508235294117647,71176.4705882353,[[0.00021952]],69
19.058823529411764,2.508235294117647,297058.8235294118,[[0.38775728]],69
4.0,2.508235294117647,71176.4705882353,[[0.00021952]],69
4.0,2.508235294117647,71176.4705882353,[[0.00021952]],69
9.019607843137255,2.508235294117647,71176.4705882353,[[0.18469688]],69
4.0,2.508235294117647,71176.4705882353,[[0.00021952]],69
4.0,2.508235294117647,71176.4705882353,[[0.00021952]],69
4.0,2.508235294117647,71176.4705882353,[[0.00021952]],69
4.0,2.508235294117647,71176.4705882353,[[0.00021952]],69
4.0,2.508235294117647,71176.4705882353,[[0.00021952]],69
4.0,2.508235294117647,71176.4705882353,[[0.00021952]],69
4.0,2.508235294117647,71176.4705882353,[[0.00021952]],69
4.0,2.508235294117647,71176.4705882353,[[0.00021952]],69
4.0,2.508235294117647,71176.4705882353,[[0.00021952]],69
4.0,2.508235294117647,71176.4705882353,[[0.00021952]],69
4.0,2.508235294117647,71176.4705882353,[[0.00021952]],69
4.0,2.508235294117647,71176.4705882353,[[0.00021952]],69
4.0,2.508235294117647,71176.4705882353,[[0.00021952]],69
4.0,2.508235294117647,71176.4705882353,[[0.00021952]],69
4.0,2.508235294117647,71176.4705882353,[[0.00021952]],69
4.0,2.508235294117647,71176.4705882353,[[0.00021952]],69
4.0,2.508235294117647,71176.4705882353,[[0.00021952]],69
4.0,2.508235294117647,71176.4705882353,[[0.00021952]],69
4.0,2.508235294117647,71176.4705882353,[[0.00021952]],69
4.0,2.508235294117647,71176.4705882353,[[0.00021952]],69
4.0,2.508235294117647,71176.4705882353,[[0.00021952]],69
4.0,2.508235294117647,71176.4705882353,[[0.00021952]],69
4.0,2.508235294117647,71176.4705882353,[[0.00021952]],69
4.0,2.490980392156863,71176.4705882353,[[0.00151013]],69
4.0,2.508235294117647,71176.4705882353,[[0.00021952]],69
4.0,2.508235294117647,71176.4705882353,[[0.00021952]],69
4.0,2.508235294117647,71176.4705882353,[[0.00021952]],69
4.0,2.508235294117647,71176.4705882353,[[0.00021952]],69
4.313725490196078,2.4823529411764707,184117.64705882352,[[0.19439304]],69
4.0,2.508235294117647,71176.4705882353,[[0.00021952]],69
4.0,2.508235294117647,71176.4705882353,[[0.00021952]],69
4.0,2.508235294117647,71176.4705882353,[[0.00021952]],69
4.0,2.508235294117647,71176.4705882353,[[0.00021952]],69
4.0,2.508235294117647,71176.4705882353,[[0.00021952]],69
4.0,2.508235294117647,71176.4705882353,[[0.00021952]],69
4.0,2.508235294117647,71176.4705882353,[[0.00021952]],69
4.0,2.508235294117647,71176.4705882353,[[0.00021952]],69
4.0,2.508235294117647,71176.4705882353,[[0.00021952]],69
4.0,2.508235294117647,71176.4705882353,[[0.00021952]],69
6.509803921568627,2.6462745098039218,71176.4705882353,[[0.04722339]],69
4.0,2.508235294117647,71176.4705882353,[[0.00021952]],69
4.0,2.508235294117647,71176.4705882353,[[0.00021952]],69
4.0,2.508235294117647,71176.4705882353,[[0.00021952]],69
4.0,2.508235294117647,71176.4705882353,[[0.00021952]],69
4.0,2.508235294117647,184117.64705882352,[[0.16769036]],69
4.0,2.508235294117647,71176.4705882353,[[0.00021952]],69
4.0,2.508235294117647,71176.4705882353,[[0.00021952]],69
4.0,2.508235294117647,71176.4705882353,[[0.00021952]],69
4.0,2.508235294117647,71176.4705882353,[[0.00021952]],69
4.0,2.508235294117647,71176.4705882353,[[0.00021952]],69
4.0,2.508235294117647,71176.4705882353,[[0.00021952]],69
4.0,2.508235294117647,71176.4705882353,[[0.00021952]],69
4.0,2.508235294117647,71176.4705882353,[[0.00021952]],69
4.0,2.508235294117647,71176.4705882353,[[0.00021952]],69
4.0,2.6462745098039218,71176.4705882353,[[0.00439731]],69
4.0,2.508235294117647,71176.4705882353,[[0.00021952]],69
4.0,2.508235294117647,71176.4705882353,[[0.00021952]],69
4.0,2.508235294117647,71176.4705882353,[[0.00021952]],69
4.078431372549019,2.508235294117647,71176.4705882353,[[0.0003193]],69
4.0,2.508235294117647,71176.4705882353,[[0.00021952]],69
4.0,2.508235294117647,71176.4705882353,[[0.00021952]],69
4.0,2.508235294117647,71176.4705882353,[[0.00021952]],69
4.0,2.508235294117647,71176.4705882353,[[0.00021952]],69
4.0,2.577254901960784,64117.64705882353,[[0.00417043]],69
4.0,2.508235294117647,71176.4705882353,[[0.00021952]],69
4.0,2.508235294117647,71176.4705882353,[[0.00021952]],70
4.0,2.508235294117647,71176.4705882353,[[0.00021952]],70
4.0,2.508235294117647,71176.4705882353,[[0.00021952]],70
4.0,2.508235294117647,71176.4705882353,[[0.00021952]],70
4.0,2.508235294117647,71176.4705882353,[[0.00021952]],70
4.0,2.508235294117647,71176.4705882353,[[0.00021952]],70
4.0,2.508235294117647,71176.4705882353,[[0.00021952]],70
4.0,2.508235294117647,71176.4705882353,[[0.00021952]],70
5.254901960784314,2.508235294117647,71176.4705882353,[[0.02127087]],70
4.0,1.9647058823529413,71176.4705882353,[[0.05023509]],70
4.0,2.508235294117647,71176.4705882353,[[0.00021952]],70
4.0,2.508235294117647,71176.4705882353,[[0.00021952]],70
4.0,2.508235294117647,71176.4705882353,[[0.00021952]],70
4.0,2.508235294117647,71176.4705882353,[[0.00021952]],70
4.0,2.508235294117647,57058.82352941176,[[0.00396152]],70
4.0,2.508235294117647,71176.4705882353,[[0.00021952]],70
4.0,2.508235294117647,71176.4705882353,[[0.00021952]],70
4.0,2.508235294117647,71176.4705882353,[[0.00021952]],70
4.0,2.508235294117647,71176.4705882353,[[0.00021952]],70
4.0,2.4737254901960783,99411.76470588235,[[0.02345506]],70
4.0,2.508235294117647,71176.4705882353,[[0.00021952]],70
4.0,2.508235294117647,71176.4705882353,[[0.00021952]],70
4.0,2.508235294117647,71176.4705882353,[[0.00021952]],70
4.0,2.508235294117647,71176.4705882353,[[0.00021952]],70
4.0,2.508235294117647,71176.4705882353,[[0.00021952]],70
4.0,2.508235294117647,71176.4705882353,[[0.00021952]],70
4.0,2.508235294117647,71176.4705882353,[[0.00021952]],70
4.0,2.508235294117647,71176.4705882353,[[0.00021952]],70
4.0,2.508235294117647,71176.4705882353,[[0.00021952]],70
4.0,2.508235294117647,71176.4705882353,[[0.00021952]],70
4.0,2.508235294117647,71176.4705882353,[[0.00021952]],70
4.0,2.508235294117647,71176.4705882353,[[0.00021952]],70
4.0,2.508235294117647,71176.4705882353,[[0.00021952]],70
14.196078431372548,2.508235294117647,71176.4705882353,[[0.30876039]],70
4.0,2.508235294117647,71176.4705882353,[[0.00021952]],70
4.0,2.508235294117647,71176.4705882353,[[0.00021952]],70
4.0,2.508235294117647,71176.4705882353,[[0.00021952]],70
4.0,2.508235294117647,71176.4705882353,[[0.00021952]],70
4.0,2.508235294117647,71176.4705882353,[[0.00021952]],70
4.0,2.508235294117647,71176.4705882353,[[0.00021952]],70
4.0,2.508235294117647,71176.4705882353,[[0.00021952]],70
4.0,2.508235294117647,71176.4705882353,[[0.00021952]],70
4.0,2.508235294117647,71176.4705882353,[[0.00021952]],70
4.0,2.508235294117647,71176.4705882353,[[0.00021952]],70
14.03921568627451,2.508235294117647,71176.4705882353,[[0.30683421]],70
4.0,2.508235294117647,71176.4705882353,[[0.00021952]],70
4.0,2.508235294117647,71176.4705882353,[[0.00021952]],70
4.0,2.508235294117647,71176.4705882353,[[0.00021952]],70
4.0,2.508235294117647,71176.4705882353,[[0.00021952]],70
4.0,2.508235294117647,71176.4705882353,[[0.00021952]],70
4.0,2.508235294117647,71176.4705882353,[[0.00021952]],70
4.0,2.508235294117647,71176.4705882353,[[0.00021952]],70
4.0,2.508235294117647,71176.4705882353,[[0.00021952]],70
4.0,2.508235294117647,71176.4705882353,[[0.00021952]],70
4.0,2.508235294117647,71176.4705882353,[[0.00021952]],70
4.0,1.956078431372549,71176.4705882353,[[0.05121097]],70
4.0,2.508235294117647,71176.4705882353,[[0.00021952]],70
4.0,2.508235294117647,71176.4705882353,[[0.00021952]],70
4.0,2.508235294117647,71176.4705882353,[[0.00021952]],70
4.0,2.508235294117647,71176.4705882353,[[0.00021952]],70
4.0,2.508235294117647,71176.4705882353,[[0.00021952]],70
4.0,2.508235294117647,71176.4705882353,[[0.00021952]],70
4.0,2.508235294117647,71176.4705882353,[[0.00021952]],70
4.0,2.6462745098039218,184117.64705882352,[[0.13140373]],70
4.0,2.508235294117647,71176.4705882353,[[0.00021952]],70
4.0,2.508235294117647,71176.4705882353,[[0.00021952]],70
4.0,2.508235294117647,71176.4705882353,[[0.00021952]],70
4.0,2.508235294117647,71176.4705882353,[[0.00021952]],70
4.0,2.508235294117647,71176.4705882353,[[0.00021952]],70
4.0,2.508235294117647,71176.4705882353,[[0.00021952]],70
4.078431372549019,2.508235294117647,71176.4705882353,[[0.0003193]],70
4.0,2.508235294117647,71176.4705882353,[[0.00021952]],70
4.0,2.508235294117647,72941.17647058824,[[0.00027943]],70
4.0,2.508235294117647,184117.64705882352,[[0.16769036]],70
4.0,2.508235294117647,71176.4705882353,[[0.00021952]],70
4.0,2.508235294117647,71176.4705882353,[[0.00021952]],70
4.0,2.508235294117647,71176.4705882353,[[0.00021952]],70
4.0,2.508235294117647,71176.4705882353,[[0.00021952]],70
4.0,2.508235294117647,71176.4705882353,[[0.00021952]],70
4.0,2.508235294117647,71176.4705882353,[[0.00021952]],70
4.0,2.508235294117647,71176.4705882353,[[0.00021952]],70
4.0,2.508235294117647,71176.4705882353,[[0.00021952]],70
4.0,2.508235294117647,71176.4705882353,[[0.00021952]],70
4.0,2.508235294117647,71176.4705882353,[[0.00021952]],70
4.0,2.508235294117647,71176.4705882353,[[0.00021952]],70
4.0,2.508235294117647,71176.4705882353,[[0.00021952]],70
4.0,2.508235294117647,71176.4705882353,[[0.00021952]],70
4.0,2.508235294117647,71176.4705882353,[[0.00021952]],70
4.078431372549019,2.508235294117647,71176.4705882353,[[0.0003193]],70
4.0,2.508235294117647,71176.4705882353,[[0.00021952]],70
4.0,2.508235294117647,71176.4705882353,[[0.00021952]],70
4.0,2.508235294117647,71176.4705882353,[[0.00021952]],70
4.0,2.508235294117647,71176.4705882353,[[0.00021952]],70
4.0,2.508235294117647,71176.4705882353,[[0.00021952]],70
4.0,2.508235294117647,71176.4705882353,[[0.00021952]],70
4.0,2.508235294117647,71176.4705882353,[[0.00021952]],70
4.0,2.508235294117647,71176.4705882353,[[0.00021952]],71
4.0,2.508235294117647,71176.4705882353,[[0.00021952]],71
4.0,2.508235294117647,71176.4705882353,[[0.00021952]],71
4.0,2.508235294117647,71176.4705882353,[[0.00021952]],71
4.0,2.508235294117647,71176.4705882353,[[0.00021952]],71
4.0,2.508235294117647,71176.4705882353,[[0.00021952]],71
4.0,2.508235294117647,71176.4705882353,[[0.00021952]],71
4.0,2.508235294117647,71176.4705882353,[[0.00021952]],71
4.0,2.508235294117647,71176.4705882353,[[0.00021952]],71
4.0,2.508235294117647,71176.4705882353,[[0.00021952]],71
4.0,2.508235294117647,71176.4705882353,[[0.00021952]],71
4.313725490196078,2.508235294117647,71176.4705882353,[[0.00159085]],71
4.0,2.508235294117647,71176.4705882353,[[0.00021952]],71
4.0,2.508235294117647,297058.8235294118,[[0.52590939]],71
4.0,2.508235294117647,71176.4705882353,[[0.00021952]],71
4.0,2.508235294117647,71176.4705882353,[[0.00021952]],71
4.0,2.508235294117647,71176.4705882353,[[0.00021952]],71
4.0,2.508235294117647,71176.4705882353,[[0.00021952]],71
4.0,2.508235294117647,71176.4705882353,[[0.00021952]],71
4.0,2.508235294117647,99411.76470588235,[[0.01343285]],71
4.0,2.508235294117647,71176.4705882353,[[0.00021952]],71
4.0,1.956078431372549,99411.76470588235,[[0.09727017]],71
4.0,2.508235294117647,71176.4705882353,[[0.00021952]],71
4.0,2.508235294117647,71176.4705882353,[[0.00021952]],71
4.0,2.508235294117647,71176.4705882353,[[0.00021952]],71
4.0,2.508235294117647,71176.4705882353,[[0.00021952]],71
4.0,2.508235294117647,71176.4705882353,[[0.00021952]],71
4.0,2.508235294117647,71176.4705882353,[[0.00021952]],71
4.0,2.508235294117647,71176.4705882353,[[0.00021952]],71
4.0,2.508235294117647,71176.4705882353,[[0.00021952]],71
4.0,2.508235294117647,71176.4705882353,[[0.00021952]],71
4.0,2.508235294117647,71176.4705882353,[[0.00021952]],71
4.0,2.508235294117647,71176.4705882353,[[0.00021952]],71
4.0,2.508235294117647,71176.4705882353,[[0.00021952]],71
4.0,2.508235294117647,71176.4705882353,[[0.00021952]],71
4.627450980392156,2.508235294117647,71176.4705882353,[[0.00550691]],71
4.0,2.508235294117647,71176.4705882353,[[0.00021952]],71
4.0,2.508235294117647,71176.4705882353,[[0.00021952]],71
4.0,2.508235294117647,71176.4705882353,[[0.00021952]],71
4.0,2.508235294117647,71176.4705882353,[[0.00021952]],71
4.0,2.508235294117647,71176.4705882353,[[0.00021952]],71
4.0,2.508235294117647,71176.4705882353,[[0.00021952]],71
4.0,2.508235294117647,71176.4705882353,[[0.00021952]],71
4.0,2.508235294117647,71176.4705882353,[[0.00021952]],71
4.0,2.508235294117647,71176.4705882353,[[0.00021952]],71
4.0,2.508235294117647,71176.4705882353,[[0.00021952]],71
4.0,2.508235294117647,71176.4705882353,[[0.00021952]],71
4.0,2.508235294117647,71176.4705882353,[[0.00021952]],71
4.0,2.508235294117647,71176.4705882353,[[0.00021952]],71
4.0,2.508235294117647,71176.4705882353,[[0.00021952]],71
4.0,2.508235294117647,71176.4705882353,[[0.00021952]],71
4.0,2.508235294117647,71176.4705882353,[[0.00021952]],71
4.0,2.508235294117647,71176.4705882353,[[0.00021952]],71
4.0,2.4737254901960783,99411.76470588235,[[0.02345506]],71
4.0,2.508235294117647,71176.4705882353,[[0.00021952]],71
4.0,2.508235294117647,71176.4705882353,[[0.00021952]],71
4.0,2.508235294117647,71176.4705882353,[[0.00021952]],71
4.0,2.508235294117647,71176.4705882353,[[0.00021952]],71
4.0,2.508235294117647,71176.4705882353,[[0.00021952]],71
4.0,2.508235294117647,71176.4705882353,[[0.00021952]],71
5.882352941176471,2.516862745098039,71176.4705882353,[[0.043158]],71
4.0,2.508235294117647,71176.4705882353,[[0.00021952]],71
4.0,2.508235294117647,71176.4705882353,[[0.00021952]],71
4.0,2.508235294117647,71176.4705882353,[[0.00021952]],71
4.0,2.508235294117647,99411.76470588235,[[0.01343285]],71
4.0,2.508235294117647,71176.4705882353,[[0.00021952]],71
4.0,2.508235294117647,71176.4705882353,[[0.00021952]],71
4.0,2.508235294117647,71176.4705882353,[[0.00021952]],71
4.0,2.508235294117647,71176.4705882353,[[0.00021952]],71
4.0,2.508235294117647,71176.4705882353,[[0.00021952]],71
4.0,2.508235294117647,71176.4705882353,[[0.00021952]],71
4.0,2.508235294117647,71176.4705882353,[[0.00021952]],71
4.0,2.508235294117647,71176.4705882353,[[0.00021952]],71
4.0,2.508235294117647,71176.4705882353,[[0.00021952]],71
4.0,2.508235294117647,71176.4705882353,[[0.00021952]],71
4.0,2.4737254901960783,71176.4705882353,[[0.00208655]],71
4.0,2.508235294117647,71176.4705882353,[[0.00021952]],71
4.0,2.508235294117647,71176.4705882353,[[0.00021952]],71
4.0,2.508235294117647,71176.4705882353,[[0.00021952]],71
4.0,2.508235294117647,71176.4705882353,[[0.00021952]],71
4.0,2.508235294117647,71176.4705882353,[[0.00021952]],71
4.0,2.508235294117647,71176.4705882353,[[0.00021952]],71
4.0,2.508235294117647,71176.4705882353,[[0.00021952]],71
4.0,2.508235294117647,71176.4705882353,[[0.00021952]],71
4.0,2.508235294117647,71176.4705882353,[[0.00021952]],71
4.1568627450980395,2.508235294117647,57058.82352941176,[[0.00195005]],71
4.0,2.508235294117647,71176.4705882353,[[0.00021952]],71
4.0,2.508235294117647,71176.4705882353,[[0.00021952]],71
4.0,2.508235294117647,71176.4705882353,[[0.00021952]],71
4.0,2.508235294117647,71176.4705882353,[[0.00021952]],71
4.0,2.508235294117647,71176.4705882353,[[0.00021952]],71
4.0,2.508235294117647,71176.4705882353,[[0.00021952]],71
4.0,2.508235294117647,71176.4705882353,[[0.00021952]],71
4.0,2.508235294117647,71176.4705882353,[[0.00021952]],71
4.0,2.508235294117647,71176.4705882353,[[0.00021952]],71
4.0,2.508235294117647,71176.4705882353,[[0.00021952]],71
4.0,2.508235294117647,71176.4705882353,[[0.00021952]],72
4.235294117647059,2.508235294117647,71176.4705882353,[[0.00099901]],72
4.0,2.508235294117647,71176.4705882353,[[0.00021952]],72
4.0,2.508235294117647,71176.4705882353,[[0.00021952]],72
4.0,2.508235294117647,71176.4705882353,[[0.00021952]],72
4.0,2.508235294117647,71176.4705882353,[[0.00021952]],72
4.0,2.508235294117647,71176.4705882353,[[0.00021952]],72
4.0,2.508235294117647,71176.4705882353,[[0.00021952]],72
4.0,2.508235294117647,71176.4705882353,[[0.00021952]],72
4.0,2.508235294117647,71176.4705882353,[[0.00021952]],72
4.0,2.508235294117647,71176.4705882353,[[0.00021952]],72
4.0,2.508235294117647,71176.4705882353,[[0.00021952]],72
5.254901960784314,1.956078431372549,71176.4705882353,[[0.14770742]],72
4.0,2.508235294117647,71176.4705882353,[[0.00021952]],72
4.0,2.508235294117647,71176.4705882353,[[0.00021952]],72
4.0,2.508235294117647,71176.4705882353,[[0.00021952]],72
4.0,2.508235294117647,71176.4705882353,[[0.00021952]],72
4.0,2.508235294117647,71176.4705882353,[[0.00021952]],72
4.0,2.508235294117647,71176.4705882353,[[0.00021952]],72
4.0,2.508235294117647,71176.4705882353,[[0.00021952]],72
4.0,2.508235294117647,71176.4705882353,[[0.00021952]],72
4.0,2.508235294117647,71176.4705882353,[[0.00021952]],72
4.0,2.508235294117647,71176.4705882353,[[0.00021952]],72
4.0,2.508235294117647,71176.4705882353,[[0.00021952]],72
4.0,2.508235294117647,71176.4705882353,[[0.00021952]],72
4.0,2.516862745098039,71176.4705882353,[[0.00023447]],72
4.0,2.508235294117647,71176.4705882353,[[0.00021952]],72
4.0,2.508235294117647,71176.4705882353,[[0.00021952]],72
4.0,2.508235294117647,127647.05882352941,[[0.04877626]],72
4.0,2.508235294117647,71176.4705882353,[[0.00021952]],72
4.0,2.508235294117647,71176.4705882353,[[0.00021952]],72
4.0,2.508235294117647,71176.4705882353,[[0.00021952]],72
4.0,2.508235294117647,71176.4705882353,[[0.00021952]],72
4.0,2.508235294117647,71176.4705882353,[[0.00021952]],72
4.0,2.508235294117647,71176.4705882353,[[0.00021952]],72
4.0,2.508235294117647,71176.4705882353,[[0.00021952]],72
4.0,2.508235294117647,71176.4705882353,[[0.00021952]],72
4.0,2.508235294117647,71176.4705882353,[[0.00021952]],72
4.0,2.508235294117647,71176.4705882353,[[0.00021952]],72
4.0,2.508235294117647,71176.4705882353,[[0.00021952]],72
4.0,2.508235294117647,71176.4705882353,[[0.00021952]],72
4.0,2.508235294117647,71176.4705882353,[[0.00021952]],72
4.0,2.508235294117647,71176.4705882353,[[0.00021952]],72
4.0,2.508235294117647,71176.4705882353,[[0.00021952]],72
4.627450980392156,2.508235294117647,71176.4705882353,[[0.00550691]],72
4.0,2.508235294117647,71176.4705882353,[[0.00021952]],72
4.0,2.508235294117647,71176.4705882353,[[0.00021952]],72
4.0,2.508235294117647,71176.4705882353,[[0.00021952]],72
4.0,2.508235294117647,71176.4705882353,[[0.00021952]],72
4.0,2.508235294117647,71176.4705882353,[[0.00021952]],72
4.0,2.508235294117647,71176.4705882353,[[0.00021952]],72
4.0,2.508235294117647,71176.4705882353,[[0.00021952]],72
4.0,2.508235294117647,71176.4705882353,[[0.00021952]],72
4.0,2.508235294117647,71176.4705882353,[[0.00021952]],72
4.0,2.508235294117647,71176.4705882353,[[0.00021952]],72
4.0,2.508235294117647,71176.4705882353,[[0.00021952]],72
4.0,2.508235294117647,71176.4705882353,[[0.00021952]],72
4.0,2.508235294117647,71176.4705882353,[[0.00021952]],72
4.0,2.508235294117647,71176.4705882353,[[0.00021952]],72
4.0,2.508235294117647,71176.4705882353,[[0.00021952]],72
4.313725490196078,2.508235294117647,127647.05882352941,[[0.05771186]],72
4.0,2.508235294117647,71176.4705882353,[[0.00021952]],72
4.0,2.508235294117647,71176.4705882353,[[0.00021952]],72
4.0,2.508235294117647,71176.4705882353,[[0.00021952]],72
4.0,2.508235294117647,71176.4705882353,[[0.00021952]],72
4.0,2.508235294117647,71176.4705882353,[[0.00021952]],72
4.0,1.956078431372549,71176.4705882353,[[0.05121097]],72
4.0,2.508235294117647,71176.4705882353,[[0.00021952]],72
4.0,2.508235294117647,71176.4705882353,[[0.00021952]],72
4.0,2.508235294117647,71176.4705882353,[[0.00021952]],72
4.0,2.508235294117647,71176.4705882353,[[0.00021952]],72
4.0,2.508235294117647,71176.4705882353,[[0.00021952]],72
4.0,2.508235294117647,71176.4705882353,[[0.00021952]],72
4.0,2.508235294117647,71176.4705882353,[[0.00021952]],72
4.0,2.516862745098039,71176.4705882353,[[0.00023447]],72
4.0,2.508235294117647,71176.4705882353,[[0.00021952]],72
4.0,2.508235294117647,71176.4705882353,[[0.00021952]],72
4.0,2.508235294117647,71176.4705882353,[[0.00021952]],72
4.0,2.508235294117647,71176.4705882353,[[0.00021952]],72
4.0,1.9388235294117648,71176.4705882353,[[0.05313025]],72
4.0,2.7843137254901964,71176.4705882353,[[0.01762925]],72
4.0,2.508235294117647,71176.4705882353,[[0.00021952]],72
4.0,2.508235294117647,71176.4705882353,[[0.00021952]],72
4.0,2.508235294117647,71176.4705882353,[[0.00021952]],72
4.0,2.508235294117647,71176.4705882353,[[0.00021952]],72
4.0,2.508235294117647,71176.4705882353,[[0.00021952]],72
4.0,2.508235294117647,71176.4705882353,[[0.00021952]],72
4.0,2.508235294117647,71176.4705882353,[[0.00021952]],72
4.0,2.508235294117647,71176.4705882353,[[0.00021952]],72
4.0,2.508235294117647,71176.4705882353,[[0.00021952]],72
14.03921568627451,2.6462745098039218,71176.4705882353,[[0.27611102]],72
4.0,2.508235294117647,71176.4705882353,[[0.00021952]],72
4.0,2.508235294117647,71176.4705882353,[[0.00021952]],72
4.0,2.508235294117647,71176.4705882353,[[0.00021952]],72
4.0,2.508235294117647,71176.4705882353,[[0.00021952]],72
4.0,2.508235294117647,71176.4705882353,[[0.00021952]],72
4.0,2.508235294117647,71176.4705882353,[[0.00021952]],73
4.0,2.508235294117647,71176.4705882353,[[0.00021952]],73
4.0,2.508235294117647,71176.4705882353,[[0.00021952]],73
4.0,2.508235294117647,71176.4705882353,[[0.00021952]],73
4.0,2.508235294117647,71176.4705882353,[[0.00021952]],73
4.0,2.508235294117647,71176.4705882353,[[0.00021952]],73
4.0,2.508235294117647,71176.4705882353,[[0.00021952]],73
4.0,2.508235294117647,71176.4705882353,[[0.00021952]],73
6.509803921568627,2.508235294117647,187647.0588235294,[[0.23207703]],73
4.0,2.508235294117647,71176.4705882353,[[0.00021952]],73
4.0,2.508235294117647,71176.4705882353,[[0.00021952]],73
4.0,2.508235294117647,71176.4705882353,[[0.00021952]],73
4.0,2.508235294117647,71176.4705882353,[[0.00021952]],73
4.0,2.508235294117647,71176.4705882353,[[0.00021952]],73
4.0,2.508235294117647,71176.4705882353,[[0.00021952]],73
4.0,2.508235294117647,71176.4705882353,[[0.00021952]],73
4.0,2.508235294117647,71176.4705882353,[[0.00021952]],73
4.0,2.508235294117647,71176.4705882353,[[0.00021952]],73
4.0,2.7843137254901964,71176.4705882353,[[0.01762925]],73
4.0,2.508235294117647,71176.4705882353,[[0.00021952]],73
4.0,2.508235294117647,71176.4705882353,[[0.00021952]],73
4.0,2.508235294117647,71176.4705882353,[[0.00021952]],73
4.0,2.508235294117647,71176.4705882353,[[0.00021952]],73
4.0,2.508235294117647,71176.4705882353,[[0.00021952]],73
4.0,2.508235294117647,71176.4705882353,[[0.00021952]],73
4.0,2.508235294117647,71176.4705882353,[[0.00021952]],73
4.0,2.508235294117647,71176.4705882353,[[0.00021952]],73
4.0,2.508235294117647,71176.4705882353,[[0.00021952]],73
4.0,2.508235294117647,71176.4705882353,[[0.00021952]],73
4.0,2.508235294117647,71176.4705882353,[[0.00021952]],73
4.0,2.508235294117647,71176.4705882353,[[0.00021952]],73
4.0,2.508235294117647,71176.4705882353,[[0.00021952]],73
4.0,2.508235294117647,71176.4705882353,[[0.00021952]],73
4.0,2.508235294117647,71176.4705882353,[[0.00021952]],73
4.0,2.508235294117647,71176.4705882353,[[0.00021952]],73
4.0,2.508235294117647,71176.4705882353,[[0.00021952]],73
4.0,2.508235294117647,71176.4705882353,[[0.00021952]],73
4.0,2.508235294117647,71176.4705882353,[[0.00021952]],73
4.0,2.508235294117647,71176.4705882353,[[0.00021952]],73
4.0,2.508235294117647,71176.4705882353,[[0.00021952]],73
4.0,2.508235294117647,71176.4705882353,[[0.00021952]],73
4.0,2.508235294117647,71176.4705882353,[[0.00021952]],73
4.0,2.508235294117647,71176.4705882353,[[0.00021952]],73
4.0,2.508235294117647,71176.4705882353,[[0.00021952]],73
4.0,2.508235294117647,71176.4705882353,[[0.00021952]],73
4.0,2.508235294117647,71176.4705882353,[[0.00021952]],73
4.0,2.508235294117647,71176.4705882353,[[0.00021952]],73
4.0,2.508235294117647,71176.4705882353,[[0.00021952]],73
4.0,2.508235294117647,71176.4705882353,[[0.00021952]],73
4.0,2.508235294117647,71176.4705882353,[[0.00021952]],73
4.0,2.508235294117647,71176.4705882353,[[0.00021952]],73
4.0,2.508235294117647,71176.4705882353,[[0.00021952]],73
4.0,2.508235294117647,71176.4705882353,[[0.00021952]],73
4.0,2.508235294117647,71176.4705882353,[[0.00021952]],73
4.0,2.508235294117647,71176.4705882353,[[0.00021952]],73
4.0,2.508235294117647,71176.4705882353,[[0.00021952]],73
4.0,2.508235294117647,71176.4705882353,[[0.00021952]],73
4.0,2.508235294117647,71176.4705882353,[[0.00021952]],73
4.0,2.508235294117647,71176.4705882353,[[0.00021952]],73
4.0,2.508235294117647,71176.4705882353,[[0.00021952]],73
4.0,2.508235294117647,71176.4705882353,[[0.00021952]],73
4.0,2.508235294117647,71176.4705882353,[[0.00021952]],73
4.0,2.508235294117647,71176.4705882353,[[0.00021952]],73
4.0,2.508235294117647,71176.4705882353,[[0.00021952]],73
4.0,2.508235294117647,71176.4705882353,[[0.00021952]],73
4.0,2.508235294117647,71176.4705882353,[[0.00021952]],73
4.0,2.508235294117647,71176.4705882353,[[0.00021952]],73
4.0,2.508235294117647,71176.4705882353,[[0.00021952]],73
4.0,2.508235294117647,71176.4705882353,[[0.00021952]],73
4.0,2.508235294117647,71176.4705882353,[[0.00021952]],73
4.0,2.508235294117647,71176.4705882353,[[0.00021952]],73
4.0,2.508235294117647,71176.4705882353,[[0.00021952]],73
4.0,2.508235294117647,71176.4705882353,[[0.00021952]],73
4.0,2.490980392156863,187647.0588235294,[[0.19331745]],73
4.0,2.508235294117647,71176.4705882353,[[0.00021952]],73
4.0,2.508235294117647,71176.4705882353,[[0.00021952]],73
4.0,2.6462745098039218,71176.4705882353,[[0.00439731]],73
4.0,2.508235294117647,71176.4705882353,[[0.00021952]],73
4.0,2.508235294117647,71176.4705882353,[[0.00021952]],73
4.0,2.508235294117647,71176.4705882353,[[0.00021952]],73
9.019607843137255,2.508235294117647,71176.4705882353,[[0.18469688]],73
4.0,2.508235294117647,71176.4705882353,[[0.00021952]],73
4.0,2.508235294117647,71176.4705882353,[[0.00021952]],73
9.019607843137255,2.508235294117647,71176.4705882353,[[0.18469688]],73
4.0,2.508235294117647,71176.4705882353,[[0.00021952]],73
4.0,2.508235294117647,71176.4705882353,[[0.00021952]],73
4.0,2.508235294117647,71176.4705882353,[[0.00021952]],73
4.0,2.508235294117647,71176.4705882353,[[0.00021952]],73
4.0,2.508235294117647,71176.4705882353,[[0.00021952]],73
4.0,2.508235294117647,71176.4705882353,[[0.00021952]],73
4.0,2.508235294117647,71176.4705882353,[[0.00021952]],73
4.0,2.508235294117647,71176.4705882353,[[0.00021952]],73
4.0,2.508235294117647,71176.4705882353,[[0.00021952]],73
4.0,2.508235294117647,71176.4705882353,[[0.00021952]],73
4.0,2.508235294117647,71176.4705882353,[[0.00021952]],73
4.0,2.508235294117647,71176.4705882353,[[0.00021952]],73
4.0,2.508235294117647,71176.4705882353,[[0.00021952]],74
9.019607843137255,2.577254901960784,71176.4705882353,[[0.16711724]],74
4.0,2.508235294117647,71176.4705882353,[[0.00021952]],74
4.0,2.508235294117647,71176.4705882353,[[0.00021952]],74
4.0,2.508235294117647,71176.4705882353,[[0.00021952]],74
4.0,2.508235294117647,71176.4705882353,[[0.00021952]],74
4.0,2.508235294117647,71176.4705882353,[[0.00021952]],74
4.0,2.508235294117647,71176.4705882353,[[0.00021952]],74
4.0,2.508235294117647,71176.4705882353,[[0.00021952]],74
4.0,2.508235294117647,71176.4705882353,[[0.00021952]],74
4.0,2.508235294117647,71176.4705882353,[[0.00021952]],74
4.0,2.508235294117647,71176.4705882353,[[0.00021952]],74
4.0,2.508235294117647,71176.4705882353,[[0.00021952]],74
4.0,2.508235294117647,71176.4705882353,[[0.00021952]],74
4.0,2.508235294117647,71176.4705882353,[[0.00021952]],74
4.0,2.508235294117647,71176.4705882353,[[0.00021952]],74
4.0,2.508235294117647,71176.4705882353,[[0.00021952]],74
4.0,2.508235294117647,71176.4705882353,[[0.00021952]],74
4.0,2.508235294117647,71176.4705882353,[[0.00021952]],74
4.0,2.508235294117647,71176.4705882353,[[0.00021952]],74
4.0,2.508235294117647,71176.4705882353,[[0.00021952]],74
4.0,2.508235294117647,71176.4705882353,[[0.00021952]],74
4.0,2.508235294117647,71176.4705882353,[[0.00021952]],74
4.0,2.508235294117647,71176.4705882353,[[0.00021952]],74
4.0,2.508235294117647,71176.4705882353,[[0.00021952]],74
4.0,2.508235294117647,170000.0,[[0.13300071]],74
4.0,2.508235294117647,71176.4705882353,[[0.00021952]],74
4.0,2.508235294117647,71176.4705882353,[[0.00021952]],74
4.0,2.508235294117647,71176.4705882353,[[0.00021952]],74
4.0,2.508235294117647,71176.4705882353,[[0.00021952]],74
4.0,2.508235294117647,71176.4705882353,[[0.00021952]],74
4.0,2.508235294117647,71176.4705882353,[[0.00021952]],74
4.0,2.7843137254901964,71176.4705882353,[[0.01762925]],74
4.0,2.508235294117647,71176.4705882353,[[0.00021952]],74
4.0,2.508235294117647,71176.4705882353,[[0.00021952]],74
4.0,2.508235294117647,71176.4705882353,[[0.00021952]],74
4.0,2.508235294117647,71176.4705882353,[[0.00021952]],74
4.0,1.956078431372549,71176.4705882353,[[0.05121097]],74
14.03921568627451,2.508235294117647,71176.4705882353,[[0.30683421]],74
4.0,2.508235294117647,71176.4705882353,[[0.00021952]],74
4.0,2.508235294117647,71176.4705882353,[[0.00021952]],74
4.0,2.508235294117647,71176.4705882353,[[0.00021952]],74
4.0,2.508235294117647,71176.4705882353,[[0.00021952]],74
4.0,2.508235294117647,71176.4705882353,[[0.00021952]],74
6.509803921568627,2.508235294117647,71176.4705882353,[[0.07265647]],74
4.0,2.508235294117647,71176.4705882353,[[0.00021952]],74
4.0,2.508235294117647,71176.4705882353,[[0.00021952]],74
4.0,2.577254901960784,71176.4705882353,[[0.00123789]],74
4.0,2.508235294117647,71176.4705882353,[[0.00021952]],74
4.0,2.508235294117647,71176.4705882353,[[0.00021952]],74
4.0,2.508235294117647,71176.4705882353,[[0.00021952]],74
4.313725490196078,2.508235294117647,64117.64705882353,[[0.00036999]],74
14.03921568627451,2.508235294117647,71176.4705882353,[[0.30683421]],74
5.568627450980392,2.508235294117647,71176.4705882353,[[0.03230173]],74
4.0,2.508235294117647,71176.4705882353,[[0.00021952]],74
4.0,2.508235294117647,71176.4705882353,[[0.00021952]],74
4.0,2.508235294117647,71176.4705882353,[[0.00021952]],74
4.0,2.508235294117647,71176.4705882353,[[0.00021952]],74
4.0,2.508235294117647,71176.4705882353,[[0.00021952]],74
4.0,2.508235294117647,71176.4705882353,[[0.00021952]],74
4.627450980392156,2.508235294117647,71176.4705882353,[[0.00550691]],74
4.0,2.508235294117647,71176.4705882353,[[0.00021952]],74
4.0,2.508235294117647,71176.4705882353,[[0.00021952]],74
4.0,2.508235294117647,71176.4705882353,[[0.00021952]],74
4.0,2.508235294117647,71176.4705882353,[[0.00021952]],74
4.0,2.508235294117647,71176.4705882353,[[0.00021952]],74
4.0,2.508235294117647,71176.4705882353,[[0.00021952]],74
4.0,2.508235294117647,71176.4705882353,[[0.00021952]],74
4.0,2.508235294117647,71176.4705882353,[[0.00021952]],74
4.0,2.508235294117647,71176.4705882353,[[0.00021952]],74
4.0,2.508235294117647,71176.4705882353,[[0.00021952]],74
4.0,2.508235294117647,71176.4705882353,[[0.00021952]],74
4.0,2.508235294117647,71176.4705882353,[[0.00021952]],74
4.0,1.4039215686274509,71176.4705882353,[[0.19607654]],74
4.0,1.956078431372549,71176.4705882353,[[0.05121097]],74
4.0,2.508235294117647,71176.4705882353,[[0.00021952]],74
4.0,2.508235294117647,71176.4705882353,[[0.00021952]],74
4.0,2.508235294117647,71176.4705882353,[[0.00021952]],74
4.0,2.508235294117647,71176.4705882353,[[0.00021952]],74
4.0,2.508235294117647,71176.4705882353,[[0.00021952]],74
4.0,2.508235294117647,71176.4705882353,[[0.00021952]],74
4.0,2.508235294117647,71176.4705882353,[[0.00021952]],74
4.0,2.508235294117647,71176.4705882353,[[0.00021952]],74
4.0,2.508235294117647,71176.4705882353,[[0.00021952]],74
4.0,2.508235294117647,71176.4705882353,[[0.00021952]],74
4.0,2.508235294117647,71176.4705882353,[[0.00021952]],74
4.0,2.508235294117647,71176.4705882353,[[0.00021952]],74
4.0,2.508235294117647,71176.4705882353,[[0.00021952]],74
4.0,2.508235294117647,71176.4705882353,[[0.00021952]],74
4.0,2.508235294117647,71176.4705882353,[[0.00021952]],74
4.0,2.508235294117647,71176.4705882353,[[0.00021952]],74
4.0,2.508235294117647,71176.4705882353,[[0.00021952]],74
4.0,2.508235294117647,71176.4705882353,[[0.00021952]],74
4.0,2.508235294117647,71176.4705882353,[[0.00021952]],74
4.0,2.508235294117647,71176.4705882353,[[0.00021952]],74
4.0,2.508235294117647,71176.4705882353,[[0.00021952]],74
21.647058823529413,0.9207843137254903,275882.3529411765,[[0.74038492]],74
6.745098039215686,1.4729411764705884,325294.1176470588,[[1.05743009]],74
19.215686274509803,0.963921568627451,468235.29411764705,[[0.84740111]],74
15.450980392156863,2.7411764705882353,166470.5882352941,[[0.30437776]],74
19.764705882352942,1.1623529411764706,304117.6470588235,[[0.70952629]],74
21.80392156862745,1.619607843137255,74705.88235294117,[[0.50810913]],74
21.019607843137255,2.3098039215686277,500000.0,[[0.45201386]],74
23.45098039215686,2.4737254901960783,173529.4117647059,[[0.35881124]],74
20.784313725490197,2.3615686274509806,282941.1764705882,[[0.40471756]],74
20.627450980392158,1.6886274509803922,275882.3529411765,[[0.54643977]],74
4.862745098039216,2.4047058823529417,395882.35294117645,[[0.86353648]],74
19.764705882352942,2.111372549019608,231764.70588235295,[[0.44974226]],74
16.470588235294116,1.7921568627450983,57058.82352941176,[[0.49711445]],74
21.176470588235293,1.7490196078431373,429411.76470588235,[[0.55632581]],74
17.254901960784316,1.3866666666666667,203529.41176470587,[[0.66744843]],74
6.352941176470589,1.3176470588235296,452352.9411764706,[[1.50339262]],74
23.92156862745098,1.783529411764706,145294.11764705883,[[0.4679975]],74
10.588235294117647,1.5419607843137255,134705.88235294117,[[0.64866871]],74
16.15686274509804,1.6023529411764708,346470.5882352941,[[0.67180527]],74
16.862745098039216,0.8603921568627452,260000.0,[[0.90244213]],74
18.431372549019606,2.3011764705882354,385294.1176470588,[[0.45575639]],74
4.313725490196078,1.7921568627450983,312941.17647058825,[[0.72557834]],74
21.647058823529413,1.0243137254901962,286470.5882352941,[[0.70710414]],74
7.921568627450981,1.127843137254902,335882.35294117645,[[1.24021087]],74
9.803921568627452,1.5505882352941178,244117.64705882352,[[0.776047]],74
18.431372549019606,2.490980392156863,441764.70588235295,[[0.42912166]],74
15.215686274509803,2.1631372549019607,132941.17647058825,[[0.42769183]],74
15.92156862745098,0.9121568627450981,207058.82352941178,[[0.88466414]],74
20.705882352941178,1.4039215686274509,431176.4705882353,[[0.65653708]],74
17.725490196078432,1.1019607843137256,184117.64705882352,[[0.74246219]],74
19.529411764705884,1.8698039215686275,260000.0,[[0.51248157]],74
4.862745098039216,1.455686274509804,316470.5882352941,[[0.88352475]],74
22.352941176470587,2.0164705882352942,281176.4705882353,[[0.45766827]],74
17.80392156862745,2.8533333333333335,305882.3529411765,[[0.32789147]],74
5.098039215686274,2.8792156862745104,328823.5294117647,[[0.39103433]],74
20.705882352941178,2.6721568627450982,194705.88235294117,[[0.33554299]],74
6.666666666666666,1.8698039215686275,431176.4705882353,[[1.07561333]],74
13.803921568627452,0.9207843137254903,102941.17647058824,[[0.88244199]],74
19.058823529411764,2.723921568627451,302352.9411764706,[[0.34899946]],74
5.254901960784314,0.851764705882353,413529.4117647059,[[1.16481191]],74
9.803921568627452,1.015686274509804,129411.76470588235,[[0.92870769]],74
8.862745098039216,1.731764705882353,346470.5882352941,[[0.84452831]],74
21.019607843137255,1.7576470588235296,457647.0588235294,[[0.56264867]],74
16.470588235294116,1.5333333333333334,212352.9411764706,[[0.63507995]],74
19.84313725490196,1.0415686274509806,69411.76470588235,[[0.68403097]],74
12.392156862745098,2.516862745098039,252941.17647058822,[[0.37854009]],74
22.901960784313726,2.43921568627451,353529.4117647059,[[0.39091253]],74
7.450980392156863,1.6713725490196079,88823.5294117647,[[0.44817464]],74
4.705882352941177,1.24,50000.0,[[0.22107933]],74
18.274509803921568,1.8439215686274513,81764.70588235294,[[0.48321849]],74
20.862745098039216,2.1631372549019607,477058.82352941175,[[0.47860886]],74
11.686274509803923,1.0501960784313726,284705.8823529412,[[1.02980841]],74
17.490196078431374,1.0243137254901962,496470.5882352941,[[0.89841546]],74
12.392156862745098,0.8690196078431374,207058.82352941178,[[1.03944676]],74
23.764705882352942,0.9294117647058824,67647.05882352941,[[0.65172682]],74
13.568627450980392,0.9811764705882353,249411.76470588235,[[0.95920133]],74
8.784313725490197,0.8603921568627452,408235.29411764705,[[1.5244927]],74
7.686274509803921,2.629019607843137,385294.1176470588,[[0.49355446]],74
5.882352941176471,1.9733333333333336,226470.58823529413,[[0.53697809]],74
4.392156862745098,1.5850980392156864,321764.70588235295,[[0.73015886]],74
19.058823529411764,1.291764705882353,383529.4117647059,[[0.7184445]],74
4.784313725490196,2.275294117647059,97647.05882352941,[[0.08509042]],74
6.588235294117647,2.3443137254901965,175294.11764705883,[[0.28446637]],74
23.686274509803923,2.974117647058824,162941.17647058825,[[0.28907882]],74
20.313725490196077,1.0501960784313726,390588.23529411765,[[0.75702144]],74
10.274509803921568,2.3184313725490195,177058.82352941175,[[0.3765087]],74
6.901960784313726,1.947450980392157,219411.76470588235,[[0.5467552]],74
17.333333333333336,2.56,291764.70588235295,[[0.38191514]],74
22.19607843137255,2.68078431372549,221176.4705882353,[[0.33679299]],74
5.176470588235294,2.870588235294118,194705.88235294117,[[0.10438612]],74
21.647058823529413,0.851764705882353,51764.705882352944,[[0.71176541]],74
10.901960784313726,1.516078431372549,88823.5294117647,[[0.6156537]],74
23.686274509803923,2.7756862745098045,162941.17647058825,[[0.31429114]],75
7.450980392156863,1.8698039215686275,88823.5294117647,[[0.36088247]],75
10.901960784313726,1.507450980392157,177058.82352941175,[[0.70741057]],75
10.274509803921568,2.327058823529412,88823.5294117647,[[0.30095386]],75
4.078431372549019,2.3701960784313725,71176.4705882353,[[0.0092192]],75
6.509803921568627,2.4823529411764707,175294.11764705883,[[0.23323871]],75
4.705882352941177,1.231372549019608,50000.0,[[0.22416099]],75
4.0,2.516862745098039,71176.4705882353,[[0.00023447]],75
4.0,2.508235294117647,71176.4705882353,[[0.00021952]],75
4.0,2.508235294117647,71176.4705882353,[[0.00021952]],75
16.862745098039216,0.9552941176470588,147058.82352941175,[[0.80921641]],75
23.92156862745098,1.6886274509803922,258235.29411764705,[[0.50374669]],75
14.03921568627451,2.508235294117647,441764.70588235295,[[0.46870049]],75
8.392156862745098,2.490980392156863,71176.4705882353,[[0.17390364]],75
4.0,2.508235294117647,71176.4705882353,[[0.00021952]],75
4.0,2.508235294117647,71176.4705882353,[[0.00021952]],75
20.941176470588236,2.508235294117647,71176.4705882353,[[0.34087369]],75
4.078431372549019,1.7576470588235296,457647.0588235294,[[1.13306049]],75
4.0,2.508235294117647,71176.4705882353,[[0.00021952]],75
4.0,2.508235294117647,71176.4705882353,[[0.00021952]],75
19.529411764705884,1.8698039215686275,162941.17647058825,[[0.48926511]],75
23.686274509803923,2.974117647058824,260000.0,[[0.30023282]],75
12.392156862745098,2.6980392156862747,69411.76470588235,[[0.23552006]],75
19.84313725490196,0.8603921568627452,252941.17647058822,[[0.80497523]],75
4.0,2.6462745098039218,64117.64705882353,[[0.00948656]],75
4.0,2.508235294117647,71176.4705882353,[[0.00021952]],75
4.0,2.508235294117647,71176.4705882353,[[0.00021952]],75
15.215686274509803,2.1631372549019607,132941.17647058825,[[0.42769183]],75
16.549019607843135,2.508235294117647,90588.23529411765,[[0.33498955]],75
4.705882352941177,1.3866666666666667,184117.64705882352,[[0.46790039]],75
4.0,2.508235294117647,71176.4705882353,[[0.00021952]],75
4.0,2.508235294117647,71176.4705882353,[[0.00021952]],75
16.941176470588236,1.9388235294117648,260000.0,[[0.52363161]],75
9.490196078431373,1.8784313725490196,219411.76470588235,[[0.58662376]],75
12.392156862745098,2.516862745098039,252941.17647058822,[[0.37854009]],75
6.588235294117647,2.3443137254901965,175294.11764705883,[[0.28446637]],75
4.0,2.508235294117647,71176.4705882353,[[0.00021952]],75
4.0,2.508235294117647,71176.4705882353,[[0.00021952]],75
4.0,2.508235294117647,71176.4705882353,[[0.00021952]],75
4.0,2.508235294117647,71176.4705882353,[[0.00021952]],75
20.705882352941178,2.6721568627450982,194705.88235294117,[[0.33554299]],75
16.15686274509804,1.0501960784313726,346470.5882352941,[[0.87776763]],75
17.80392156862745,1.291764705882353,362352.9411764706,[[0.74528777]],75
19.058823529411764,2.8533333333333335,327058.82352941175,[[0.33163417]],75
15.450980392156863,2.7411764705882353,166470.5882352941,[[0.30437776]],75
4.0,2.508235294117647,71176.4705882353,[[0.00021952]],75
22.901960784313726,2.43921568627451,353529.4117647059,[[0.39091253]],75
4.0,2.508235294117647,71176.4705882353,[[0.00021952]],75
21.647058823529413,1.0243137254901962,286470.5882352941,[[0.70710414]],75
21.647058823529413,1.0243137254901962,286470.5882352941,[[0.70710414]],75
23.92156862745098,1.783529411764706,145294.11764705883,[[0.4679975]],75
21.019607843137255,2.2666666666666666,457647.0588235294,[[0.45259715]],75
4.0,2.508235294117647,71176.4705882353,[[0.00021952]],75
4.0,2.508235294117647,71176.4705882353,[[0.00021952]],75
4.0,2.508235294117647,71176.4705882353,[[0.00021952]],75
4.0,2.508235294117647,71176.4705882353,[[0.00021952]],75
4.0,2.508235294117647,71176.4705882353,[[0.00021952]],75
11.529411764705882,2.508235294117647,71176.4705882353,[[0.2624832]],75
6.901960784313726,1.956078431372549,71176.4705882353,[[0.26648452]],75
4.0,2.4996078431372553,219411.76470588235,[[0.28008792]],75
4.0,2.508235294117647,71176.4705882353,[[0.00021952]],75
5.176470588235294,2.870588235294118,194705.88235294117,[[0.10438612]],75
6.588235294117647,2.3443137254901965,175294.11764705883,[[0.28446637]],75
23.92156862745098,1.783529411764706,145294.11764705883,[[0.4679975]],75
4.0,2.508235294117647,71176.4705882353,[[0.00021952]],75
4.0,2.508235294117647,71176.4705882353,[[0.00021952]],75
8.627450980392158,2.508235294117647,184117.64705882352,[[0.28174001]],75
14.03921568627451,2.3011764705882354,385294.1176470588,[[0.5044804]],75
7.450980392156863,1.6713725490196079,88823.5294117647,[[0.44817464]],75
21.019607843137255,2.033725490196079,492941.17647058825,[[0.5068525]],75
20.862745098039216,2.1631372549019607,478823.5294117647,[[0.47894748]],75
21.019607843137255,2.3098039215686277,498235.29411764705,[[0.45169273]],75
4.0,2.508235294117647,71176.4705882353,[[0.00021952]],75
6.901960784313726,1.947450980392157,219411.76470588235,[[0.5467552]],75
6.588235294117647,2.3443137254901965,175294.11764705883,[[0.28446637]],75
4.0,2.508235294117647,71176.4705882353,[[0.00021952]],75
4.0,2.508235294117647,71176.4705882353,[[0.00021952]],75
4.0,2.508235294117647,71176.4705882353,[[0.00021952]],75
4.784313725490196,1.9647058823529413,210588.23529411765,[[0.45498562]],75
12.392156862745098,2.8274509803921566,140000.0,[[0.24100055]],75
4.0,2.508235294117647,184117.64705882352,[[0.16769036]],75
4.0,2.508235294117647,71176.4705882353,[[0.00021952]],75
17.80392156862745,2.8533333333333335,305882.3529411765,[[0.32789147]],75
17.725490196078432,1.1019607843137256,184117.64705882352,[[0.74246219]],75
4.0,2.508235294117647,71176.4705882353,[[0.00021952]],75
5.176470588235294,2.870588235294118,194705.88235294117,[[0.10438612]],75
10.352941176470587,0.851764705882353,50000.0,[[0.92629235]],75
21.88235294117647,1.5419607843137255,136470.5882352941,[[0.53739943]],75
15.764705882352942,1.835294117647059,131176.4705882353,[[0.51611761]],75
15.215686274509803,2.1631372549019607,83529.41176470587,[[0.40839005]],75
18.431372549019606,2.3011764705882354,385294.1176470588,[[0.45575639]],75
4.0,2.508235294117647,71176.4705882353,[[0.00021952]],75
15.92156862745098,1.9733333333333336,221176.4705882353,[[0.51030467]],75
12.156862745098039,2.68078431372549,226470.58823529413,[[0.3175006]],75
4.9411764705882355,2.508235294117647,71176.4705882353,[[0.01219286]],75
4.0,2.508235294117647,71176.4705882353,[[0.00021952]],75
4.0,2.508235294117647,71176.4705882353,[[0.00021952]],76
4.0,2.508235294117647,71176.4705882353,[[0.00021952]],76
4.0,2.508235294117647,71176.4705882353,[[0.00021952]],76
4.0,2.508235294117647,71176.4705882353,[[0.00021952]],76
4.078431372549019,2.2321568627450983,71176.4705882353,[[0.02228986]],76
4.0,2.6462745098039218,71176.4705882353,[[0.00439731]],76
4.0,2.508235294117647,71176.4705882353,[[0.00021952]],76
4.0,2.508235294117647,71176.4705882353,[[0.00021952]],76
14.03921568627451,2.508235294117647,71176.4705882353,[[0.30683421]],76
4.0,2.508235294117647,71176.4705882353,[[0.00021952]],76
15.686274509803921,2.6721568627450982,194705.88235294117,[[0.32893828]],76
9.019607843137255,2.508235294117647,71176.4705882353,[[0.18469688]],76
4.0,2.508235294117647,71176.4705882353,[[0.00021952]],76
4.0,2.508235294117647,71176.4705882353,[[0.00021952]],76
4.0,2.508235294117647,127647.05882352941,[[0.04877626]],76
4.0,2.508235294117647,71176.4705882353,[[0.00021952]],76
16.941176470588236,2.2666666666666666,457647.0588235294,[[0.50131601]],76
10.980392156862745,1.947450980392157,219411.76470588235,[[0.55194126]],76
4.0,2.508235294117647,71176.4705882353,[[0.00021952]],76
4.0,2.508235294117647,71176.4705882353,[[0.00021952]],76
15.450980392156863,2.508235294117647,53529.41176470588,[[0.31548655]],76
4.0,2.7411764705882353,184117.64705882352,[[0.10744669]],76
4.078431372549019,2.6462745098039218,71176.4705882353,[[0.00335145]],76
5.176470588235294,2.9050980392156864,194705.88235294117,[[0.09579635]],76
4.0,2.508235294117647,71176.4705882353,[[0.00021952]],76
4.0,2.508235294117647,71176.4705882353,[[0.00021952]],76
4.0,2.508235294117647,71176.4705882353,[[0.00021952]],76
7.450980392156863,1.8698039215686275,88823.5294117647,[[0.36088247]],76
4.0,2.508235294117647,71176.4705882353,[[0.00021952]],76
4.9411764705882355,2.508235294117647,71176.4705882353,[[0.01219286]],76
21.725490196078432,1.9647058823529413,215882.35294117648,[[0.46175097]],76
4.705882352941177,1.5764705882352943,288235.29411764705,[[0.75767385]],76
21.333333333333332,2.2666666666666666,457647.0588235294,[[0.44946471]],76
4.705882352941177,1.231372549019608,50000.0,[[0.22416099]],76
4.0,2.508235294117647,71176.4705882353,[[0.00021952]],76
4.0,2.508235294117647,71176.4705882353,[[0.00021952]],76
4.0,2.508235294117647,71176.4705882353,[[0.00021952]],76
4.0,2.508235294117647,71176.4705882353,[[0.00021952]],76
13.647058823529411,2.7756862745098045,177058.82352941175,[[0.28585024]],76
14.03921568627451,2.508235294117647,50000.0,[[0.29806143]],76
12.705882352941176,2.516862745098039,252941.17647058822,[[0.37960446]],76
4.862745098039216,2.870588235294118,194705.88235294117,[[0.10035541]],76
4.0,2.6462745098039218,64117.64705882353,[[0.00948656]],76
8.392156862745098,2.490980392156863,71176.4705882353,[[0.17390364]],76
5.176470588235294,1.956078431372549,71176.4705882353,[[0.14148572]],76
14.03921568627451,2.7152941176470593,83529.41176470587,[[0.26632281]],76
6.509803921568627,2.516862745098039,252941.17647058822,[[0.341959]],76
12.392156862745098,2.4823529411764707,175294.11764705883,[[0.3498531]],76
4.235294117647059,2.516862745098039,254705.88235294117,[[0.37214667]],76
12.156862745098039,2.508235294117647,69411.76470588235,[[0.27530183]],76
4.9411764705882355,2.508235294117647,71176.4705882353,[[0.01219286]],76
4.0,1.4039215686274509,71176.4705882353,[[0.19607654]],76
6.509803921568627,2.508235294117647,297058.8235294118,[[0.42929539]],76
4.0,2.508235294117647,71176.4705882353,[[0.00021952]],76
4.0,2.516862745098039,71176.4705882353,[[0.00023447]],76
4.0,2.508235294117647,71176.4705882353,[[0.00021952]],76
5.411764705882353,2.7325490196078435,71176.4705882353,[[0.00507519]],76
14.03921568627451,2.516862745098039,166470.5882352941,[[0.3448943]],76
8.392156862745098,2.490980392156863,71176.4705882353,[[0.17390364]],76
19.84313725490196,0.8603921568627452,252941.17647058822,[[0.80497523]],76
10.666666666666668,2.3184313725490195,88823.5294117647,[[0.31325399]],76
4.0,2.327058823529412,71176.4705882353,[[0.0108482]],76
6.509803921568627,2.508235294117647,85294.11764705883,[[0.08826223]],76
14.03921568627451,2.4996078431372553,224705.88235294117,[[0.37813885]],76
4.0,2.508235294117647,71176.4705882353,[[0.00021952]],76
4.0,1.4039215686274509,184117.64705882352,[[0.53789836]],76
5.176470588235294,2.870588235294118,194705.88235294117,[[0.10438612]],76
4.0,2.4996078431372553,219411.76470588235,[[0.28008792]],76
4.0,2.508235294117647,136470.5882352941,[[0.06354802]],76
21.88235294117647,1.5419607843137255,71176.4705882353,[[0.52455604]],76
19.058823529411764,1.7490196078431373,275882.3529411765,[[0.55242308]],76
4.0,2.4996078431372553,270588.23529411765,[[0.4438251]],76
4.0,2.508235294117647,71176.4705882353,[[0.00021952]],76
4.0,2.508235294117647,71176.4705882353,[[0.00021952]],76
4.0,2.508235294117647,71176.4705882353,[[0.00021952]],76
4.0,1.4039215686274509,71176.4705882353,[[0.19607654]],76
12.392156862745098,2.974117647058824,182352.9411764706,[[0.22917934]],76
23.686274509803923,2.6980392156862747,147058.82352941175,[[0.32271946]],76
4.078431372549019,1.4039215686274509,71176.4705882353,[[0.19553704]],76
4.627450980392156,2.629019607843137,184117.64705882352,[[0.14300382]],76
4.0,2.3011764705882354,353529.4117647059,[[0.79143117]],76
14.03921568627451,2.508235294117647,102941.17647058824,[[0.32010525]],76
4.0,2.508235294117647,71176.4705882353,[[0.00021952]],76
4.0,2.508235294117647,71176.4705882353,[[0.00021952]],76
7.137254901960784,2.516862745098039,127647.05882352941,[[0.16518126]],76
9.254901960784313,2.6980392156862747,69411.76470588235,[[0.14612218]],76
21.019607843137255,2.3011764705882354,327058.82352941175,[[0.42230891]],76
19.058823529411764,2.818823529411765,457647.0588235294,[[0.36419586]],76
4.0,2.508235294117647,71176.4705882353,[[0.00021952]],76
22.901960784313726,2.43921568627451,353529.4117647059,[[0.39091253]],76
4.0,2.508235294117647,71176.4705882353,[[0.00021952]],76
4.0,2.508235294117647,71176.4705882353,[[0.00021952]],76
4.0,2.508235294117647,71176.4705882353,[[0.00021952]],76
4.0,2.508235294117647,71176.4705882353,[[0.00021952]],76
4.0,2.508235294117647,71176.4705882353,[[0.00021952]],76
18.431372549019606,2.8533333333333335,378235.29411764705,[[0.34343183]],76
4.0,2.508235294117647,71176.4705882353,[[0.00021952]],77
4.0,2.508235294117647,71176.4705882353,[[0.00021952]],77
14.03921568627451,2.7843137254901964,113529.41176470587,[[0.26348346]],77
5.176470588235294,1.9129411764705884,184117.64705882352,[[0.42535265]],77
4.0,2.6462745098039218,71176.4705882353,[[0.00439731]],77
4.0,2.508235294117647,71176.4705882353,[[0.00021952]],77
8.392156862745098,2.508235294117647,71176.4705882353,[[0.15916768]],77
4.0,2.490980392156863,71176.4705882353,[[0.00151013]],77
9.019607843137255,2.508235294117647,64117.64705882353,[[0.17859321]],77
4.0,2.56,71176.4705882353,[[0.00078808]],77
4.0,2.508235294117647,64117.64705882353,[[0.00112419]],77
4.0,2.4996078431372553,226470.58823529413,[[0.30130715]],77
4.0,2.508235294117647,71176.4705882353,[[0.00021952]],77
4.0,2.508235294117647,240588.23529411765,[[0.3315636]],77
4.0,2.6462745098039218,64117.64705882353,[[0.00948656]],77
4.0,2.508235294117647,71176.4705882353,[[0.00021952]],77
4.0,2.508235294117647,71176.4705882353,[[0.00021952]],77
4.0,2.508235294117647,71176.4705882353,[[0.00021952]],77
4.0,2.508235294117647,71176.4705882353,[[0.00021952]],77
4.0,2.508235294117647,71176.4705882353,[[0.00021952]],77
14.03921568627451,2.516862745098039,166470.5882352941,[[0.3448943]],77
4.078431372549019,2.508235294117647,71176.4705882353,[[0.0003193]],77
4.0,2.508235294117647,71176.4705882353,[[0.00021952]],77
4.0,2.508235294117647,71176.4705882353,[[0.00021952]],77
5.176470588235294,2.7325490196078435,71176.4705882353,[[0.00208571]],77
5.411764705882353,2.9050980392156864,194705.88235294117,[[0.09958659]],77
4.0,2.508235294117647,71176.4705882353,[[0.00021952]],77
14.03921568627451,2.508235294117647,81764.70588235294,[[0.3112432]],77
4.0,2.508235294117647,71176.4705882353,[[0.00021952]],77
4.0,2.508235294117647,127647.05882352941,[[0.04877626]],77
4.0,2.508235294117647,71176.4705882353,[[0.00021952]],77
11.529411764705882,1.4039215686274509,71176.4705882353,[[0.65398194]],77
13.647058823529411,2.7756862745098045,177058.82352941175,[[0.28585024]],77
4.0,2.508235294117647,71176.4705882353,[[0.00021952]],77
4.0,2.508235294117647,71176.4705882353,[[0.00021952]],77
4.0,1.956078431372549,71176.4705882353,[[0.05121097]],77
4.0,2.508235294117647,71176.4705882353,[[0.00021952]],77
4.0,2.508235294117647,127647.05882352941,[[0.04877626]],77
4.0,2.516862745098039,71176.4705882353,[[0.00023447]],77
4.0,2.508235294117647,71176.4705882353,[[0.00021952]],77
4.0,2.516862745098039,71176.4705882353,[[0.00023447]],77
4.0,2.508235294117647,71176.4705882353,[[0.00021952]],77
4.0,2.508235294117647,71176.4705882353,[[0.00021952]],77
4.0,2.508235294117647,71176.4705882353,[[0.00021952]],77
4.0,2.508235294117647,71176.4705882353,[[0.00021952]],77
4.0,2.508235294117647,136470.5882352941,[[0.06354802]],77
4.0,2.508235294117647,71176.4705882353,[[0.00021952]],77
4.0,2.6462745098039218,64117.64705882353,[[0.00948656]],77
4.0,2.508235294117647,71176.4705882353,[[0.00021952]],77
4.0,2.508235294117647,71176.4705882353,[[0.00021952]],77
4.0,2.508235294117647,127647.05882352941,[[0.04877626]],77
4.0,2.508235294117647,71176.4705882353,[[0.00021952]],77
9.254901960784313,2.6980392156862747,76470.58823529413,[[0.15135692]],77
4.0,2.508235294117647,64117.64705882353,[[0.00112419]],77
4.9411764705882355,2.508235294117647,71176.4705882353,[[0.01219286]],77
4.0,2.6462745098039218,71176.4705882353,[[0.00439731]],77
4.0,2.508235294117647,71176.4705882353,[[0.00021952]],77
5.411764705882353,2.7325490196078435,71176.4705882353,[[0.00507519]],77
4.0,2.508235294117647,71176.4705882353,[[0.00021952]],77
8.392156862745098,2.490980392156863,71176.4705882353,[[0.17390364]],77
4.0,2.508235294117647,127647.05882352941,[[0.04877626]],77
4.0,2.508235294117647,71176.4705882353,[[0.00021952]],77
4.0,2.490980392156863,71176.4705882353,[[0.00151013]],77
4.0,2.508235294117647,71176.4705882353,[[0.00021952]],77
13.647058823529411,2.7756862745098045,177058.82352941175,[[0.28585024]],77
4.0,2.508235294117647,71176.4705882353,[[0.00021952]],77
4.0,2.577254901960784,297058.8235294118,[[0.50252526]],77
22.901960784313726,2.3701960784313725,127647.05882352941,[[0.36976627]],77
9.019607843137255,2.508235294117647,88823.5294117647,[[0.2002431]],77
5.647058823529411,2.3184313725490195,71176.4705882353,[[0.08094203]],77
4.0,2.508235294117647,71176.4705882353,[[0.00021952]],77
5.176470588235294,2.870588235294118,194705.88235294117,[[0.10438612]],77
4.0,2.508235294117647,71176.4705882353,[[0.00021952]],77
4.0,2.577254901960784,71176.4705882353,[[0.00123789]],77
14.03921568627451,2.516862745098039,166470.5882352941,[[0.3448943]],77
13.96078431372549,2.516862745098039,252941.17647058822,[[0.38213108]],77
4.0,2.4823529411764707,175294.11764705883,[[0.16394089]],77
22.431372549019606,2.508235294117647,50000.0,[[0.33754664]],77
4.078431372549019,2.6462745098039218,71176.4705882353,[[0.00335145]],77
4.0,2.508235294117647,71176.4705882353,[[0.00021952]],77
8.392156862745098,2.490980392156863,71176.4705882353,[[0.17390364]],77
4.0,2.508235294117647,71176.4705882353,[[0.00021952]],77
4.627450980392156,2.508235294117647,71176.4705882353,[[0.00550691]],77
6.901960784313726,1.8698039215686275,88823.5294117647,[[0.33078772]],77
4.0,2.508235294117647,71176.4705882353,[[0.00021952]],77
4.0,2.508235294117647,71176.4705882353,[[0.00021952]],77
4.0,2.508235294117647,71176.4705882353,[[0.00021952]],77
11.607843137254902,2.508235294117647,85294.11764705883,[[0.27287067]],77
4.0,2.508235294117647,71176.4705882353,[[0.00021952]],77
4.0,2.508235294117647,71176.4705882353,[[0.00021952]],77
4.0,2.516862745098039,71176.4705882353,[[0.00023447]],77
6.509803921568627,2.508235294117647,85294.11764705883,[[0.08826223]],77
4.1568627450980395,2.7325490196078435,71176.4705882353,[[0.0080041]],77
5.254901960784314,2.327058823529412,71176.4705882353,[[0.05860187]],77
4.0,2.508235294117647,184117.64705882352,[[0.16769036]],77
14.03921568627451,1.4039215686274509,71176.4705882353,[[0.64607769]],77
4.0,2.577254901960784,85294.11764705883,[[0.00102638]],78
11.607843137254902,2.490980392156863,71176.4705882353,[[0.27578082]],78
5.254901960784314,2.327058823529412,71176.4705882353,[[0.05860187]],78
4.0,2.508235294117647,71176.4705882353,[[0.00021952]],78
4.0,2.508235294117647,71176.4705882353,[[0.00021952]],78
4.0,2.508235294117647,71176.4705882353,[[0.00021952]],78
4.0,2.508235294117647,57058.82352941176,[[0.00396152]],78
4.0,2.508235294117647,71176.4705882353,[[0.00021952]],78
4.0,2.508235294117647,71176.4705882353,[[0.00021952]],78
4.0,2.508235294117647,127647.05882352941,[[0.04877626]],78
7.137254901960784,2.508235294117647,71176.4705882353,[[0.10215237]],78
4.0,2.508235294117647,71176.4705882353,[[0.00021952]],78
4.0,2.508235294117647,71176.4705882353,[[0.00021952]],78
4.0,2.508235294117647,71176.4705882353,[[0.00021952]],78
4.627450980392156,2.508235294117647,71176.4705882353,[[0.00550691]],78
4.0,2.508235294117647,71176.4705882353,[[0.00021952]],78
5.254901960784314,2.4564705882352946,71176.4705882353,[[0.03627498]],78
4.392156862745098,2.378823529411765,71176.4705882353,[[0.01647319]],78
9.019607843137255,2.508235294117647,71176.4705882353,[[0.18469688]],78
4.0,2.508235294117647,71176.4705882353,[[0.00021952]],78
4.0,2.508235294117647,71176.4705882353,[[0.00021952]],78
4.0,2.508235294117647,71176.4705882353,[[0.00021952]],78
4.0,2.508235294117647,71176.4705882353,[[0.00021952]],78
4.0,2.490980392156863,71176.4705882353,[[0.00151013]],78
4.0,2.508235294117647,71176.4705882353,[[0.00021952]],78
4.0,2.508235294117647,71176.4705882353,[[0.00021952]],78
4.0,2.508235294117647,71176.4705882353,[[0.00021952]],78
4.0,2.508235294117647,127647.05882352941,[[0.04877626]],78
4.1568627450980395,2.6462745098039218,71176.4705882353,[[0.00244381]],78
4.0,2.508235294117647,71176.4705882353,[[0.00021952]],78
4.0,2.508235294117647,71176.4705882353,[[0.00021952]],78
4.0,2.508235294117647,71176.4705882353,[[0.00021952]],78
4.0,2.508235294117647,71176.4705882353,[[0.00021952]],78
4.0,2.508235294117647,71176.4705882353,[[0.00021952]],78
4.0,2.508235294117647,71176.4705882353,[[0.00021952]],78
4.0,2.508235294117647,71176.4705882353,[[0.00021952]],78
4.0,2.508235294117647,71176.4705882353,[[0.00021952]],78
8.392156862745098,2.490980392156863,71176.4705882353,[[0.17390364]],78
4.0,2.6462745098039218,71176.4705882353,[[0.00439731]],78
4.0,2.508235294117647,71176.4705882353,[[0.00021952]],78
4.0,2.508235294117647,127647.05882352941,[[0.04877626]],78
4.0,2.508235294117647,71176.4705882353,[[0.00021952]],78
4.0,2.508235294117647,71176.4705882353,[[0.00021952]],78
4.0,2.508235294117647,71176.4705882353,[[0.00021952]],78
4.0,2.516862745098039,71176.4705882353,[[0.00023447]],78
4.0,2.516862745098039,71176.4705882353,[[0.00023447]],78
4.0,2.508235294117647,71176.4705882353,[[0.00021952]],78
4.0,2.508235294117647,71176.4705882353,[[0.00021952]],78
4.0,2.6462745098039218,64117.64705882353,[[0.00948656]],78
4.0,2.508235294117647,71176.4705882353,[[0.00021952]],78
4.0,2.508235294117647,353529.4117647059,[[0.74186128]],78
4.0,2.508235294117647,71176.4705882353,[[0.00021952]],78
4.0,2.508235294117647,71176.4705882353,[[0.00021952]],78
5.411764705882353,2.7325490196078435,71176.4705882353,[[0.00507519]],78
4.0,2.508235294117647,71176.4705882353,[[0.00021952]],78
4.0,2.508235294117647,64117.64705882353,[[0.00112419]],78
4.0,2.508235294117647,71176.4705882353,[[0.00021952]],78
4.0,2.508235294117647,71176.4705882353,[[0.00021952]],78
4.0,2.508235294117647,71176.4705882353,[[0.00021952]],78
4.0,2.508235294117647,71176.4705882353,[[0.00021952]],78
6.509803921568627,2.508235294117647,177058.82352941175,[[0.21506994]],78
4.0,2.6462745098039218,71176.4705882353,[[0.00439731]],78
4.0,2.508235294117647,71176.4705882353,[[0.00021952]],78
4.0,2.508235294117647,71176.4705882353,[[0.00021952]],78
4.0,2.508235294117647,71176.4705882353,[[0.00021952]],78
4.0,2.508235294117647,71176.4705882353,[[0.00021952]],78
16.549019607843135,2.327058823529412,71176.4705882353,[[0.3701552]],78
5.882352941176471,2.508235294117647,71176.4705882353,[[0.04460451]],78
4.0,2.508235294117647,71176.4705882353,[[0.00021952]],78
4.0,2.508235294117647,71176.4705882353,[[0.00021952]],78
4.0,2.508235294117647,71176.4705882353,[[0.00021952]],78
4.0,2.508235294117647,71176.4705882353,[[0.00021952]],78
4.0,2.508235294117647,64117.64705882353,[[0.00112419]],78
4.0,2.508235294117647,71176.4705882353,[[0.00021952]],78
4.0,2.508235294117647,71176.4705882353,[[0.00021952]],78
4.0,2.508235294117647,71176.4705882353,[[0.00021952]],78
6.509803921568627,2.508235294117647,85294.11764705883,[[0.08826223]],78
4.0,2.508235294117647,71176.4705882353,[[0.00021952]],78
4.0,2.508235294117647,71176.4705882353,[[0.00021952]],78
4.078431372549019,2.508235294117647,71176.4705882353,[[0.0003193]],78
4.0,1.956078431372549,71176.4705882353,[[0.05121097]],78
4.0,2.516862745098039,71176.4705882353,[[0.00023447]],78
4.0,2.516862745098039,71176.4705882353,[[0.00023447]],78
4.0,2.490980392156863,127647.05882352941,[[0.06121001]],78
4.0,2.508235294117647,71176.4705882353,[[0.00021952]],78
4.0,2.508235294117647,127647.05882352941,[[0.04877626]],78
4.0,2.508235294117647,71176.4705882353,[[0.00021952]],78
4.0,2.508235294117647,71176.4705882353,[[0.00021952]],78
4.0,2.508235294117647,71176.4705882353,[[0.00021952]],78
4.0,2.6462745098039218,71176.4705882353,[[0.00439731]],78
4.078431372549019,2.508235294117647,71176.4705882353,[[0.0003193]],78
4.0,2.508235294117647,71176.4705882353,[[0.00021952]],78
4.0,2.6462745098039218,71176.4705882353,[[0.00439731]],78
4.0,2.508235294117647,64117.64705882353,[[0.00112419]],78
4.0,2.508235294117647,71176.4705882353,[[0.00021952]],78
4.0,2.508235294117647,71176.4705882353,[[0.00021952]],78
4.0,2.508235294117647,71176.4705882353,[[0.00021952]],79
4.0,2.516862745098039,71176.4705882353,[[0.00023447]],79
4.0,2.508235294117647,71176.4705882353,[[0.00021952]],79
4.0,2.577254901960784,85294.11764705883,[[0.00102638]],79
4.0,2.490980392156863,71176.4705882353,[[0.00151013]],79
4.0,2.508235294117647,71176.4705882353,[[0.00021952]],79
4.0,2.508235294117647,71176.4705882353,[[0.00021952]],79
4.0,2.508235294117647,71176.4705882353,[[0.00021952]],79
4.0,2.508235294117647,71176.4705882353,[[0.00021952]],79
4.0,2.508235294117647,71176.4705882353,[[0.00021952]],79
4.0,2.508235294117647,64117.64705882353,[[0.00112419]],79
4.0,2.508235294117647,71176.4705882353,[[0.00021952]],79
4.0,2.508235294117647,71176.4705882353,[[0.00021952]],79
4.0,2.508235294117647,71176.4705882353,[[0.00021952]],79
4.0,2.508235294117647,71176.4705882353,[[0.00021952]],79
4.0,2.508235294117647,71176.4705882353,[[0.00021952]],79
4.0,2.508235294117647,71176.4705882353,[[0.00021952]],79
9.019607843137255,2.516862745098039,71176.4705882353,[[0.18244412]],79
4.0,2.508235294117647,71176.4705882353,[[0.00021952]],79
4.0,2.508235294117647,71176.4705882353,[[0.00021952]],79
4.0,2.516862745098039,71176.4705882353,[[0.00023447]],79
9.019607843137255,2.508235294117647,99411.76470588235,[[0.20976105]],79
4.0,2.4996078431372553,71176.4705882353,[[0.00126125]],79
4.0,2.4737254901960783,71176.4705882353,[[0.00208655]],79
4.0,2.508235294117647,71176.4705882353,[[0.00021952]],79
4.0,2.508235294117647,71176.4705882353,[[0.00021952]],79
4.0,2.508235294117647,71176.4705882353,[[0.00021952]],79
4.0,2.508235294117647,71176.4705882353,[[0.00021952]],79
4.0,2.508235294117647,71176.4705882353,[[0.00021952]],79
4.0,2.508235294117647,71176.4705882353,[[0.00021952]],79
4.0,2.516862745098039,71176.4705882353,[[0.00023447]],79
4.0,2.508235294117647,71176.4705882353,[[0.00021952]],79
4.0,2.508235294117647,71176.4705882353,[[0.00021952]],79
4.0,2.508235294117647,71176.4705882353,[[0.00021952]],79
4.0,2.508235294117647,71176.4705882353,[[0.00021952]],79
4.0,2.508235294117647,71176.4705882353,[[0.00021952]],79
4.0,2.508235294117647,71176.4705882353,[[0.00021952]],79
4.0,2.508235294117647,71176.4705882353,[[0.00021952]],79
4.0,2.508235294117647,71176.4705882353,[[0.00021952]],79
4.0,2.508235294117647,71176.4705882353,[[0.00021952]],79
4.0,2.508235294117647,64117.64705882353,[[0.00112419]],79
4.0,2.508235294117647,71176.4705882353,[[0.00021952]],79
4.0,2.508235294117647,71176.4705882353,[[0.00021952]],79
4.0,2.508235294117647,71176.4705882353,[[0.00021952]],79
4.0,2.508235294117647,71176.4705882353,[[0.00021952]],79
4.0,2.508235294117647,71176.4705882353,[[0.00021952]],79
4.0,2.508235294117647,71176.4705882353,[[0.00021952]],79
4.0,2.508235294117647,71176.4705882353,[[0.00021952]],79
4.0,2.508235294117647,71176.4705882353,[[0.00021952]],79
4.0,2.508235294117647,71176.4705882353,[[0.00021952]],79
4.0,2.508235294117647,71176.4705882353,[[0.00021952]],79
4.0,2.508235294117647,297058.8235294118,[[0.52590939]],79
4.0,2.508235294117647,57058.82352941176,[[0.00396152]],79
4.0,2.508235294117647,71176.4705882353,[[0.00021952]],79
4.627450980392156,2.508235294117647,71176.4705882353,[[0.00550691]],79
4.0,1.6800000000000002,72941.17647058824,[[0.10969422]],79
4.0,2.508235294117647,71176.4705882353,[[0.00021952]],79
4.1568627450980395,2.6462745098039218,71176.4705882353,[[0.00244381]],79
4.0,2.508235294117647,71176.4705882353,[[0.00021952]],79
4.0,2.508235294117647,71176.4705882353,[[0.00021952]],79
4.0,2.508235294117647,71176.4705882353,[[0.00021952]],79
4.0,2.508235294117647,71176.4705882353,[[0.00021952]],79
4.0,2.508235294117647,57058.82352941176,[[0.00396152]],79
4.0,2.516862745098039,71176.4705882353,[[0.00023447]],79
4.0,2.508235294117647,71176.4705882353,[[0.00021952]],79
4.0,2.6462745098039218,71176.4705882353,[[0.00439731]],79
4.0,2.508235294117647,71176.4705882353,[[0.00021952]],79
4.0,2.508235294117647,64117.64705882353,[[0.00112419]],79
4.0,2.508235294117647,71176.4705882353,[[0.00021952]],79
4.078431372549019,2.508235294117647,71176.4705882353,[[0.0003193]],79
4.0,2.508235294117647,71176.4705882353,[[0.00021952]],79
4.0,2.508235294117647,71176.4705882353,[[0.00021952]],79
4.0,2.508235294117647,71176.4705882353,[[0.00021952]],79
4.0,2.508235294117647,71176.4705882353,[[0.00021952]],79
4.0,2.508235294117647,71176.4705882353,[[0.00021952]],79
4.0,2.508235294117647,71176.4705882353,[[0.00021952]],79
5.568627450980392,1.956078431372549,57058.82352941176,[[0.1456933]],79
4.0,2.508235294117647,71176.4705882353,[[0.00021952]],79
4.0,2.508235294117647,71176.4705882353,[[0.00021952]],79
4.0,2.508235294117647,71176.4705882353,[[0.00021952]],79
4.0,2.508235294117647,71176.4705882353,[[0.00021952]],79
4.0,2.508235294117647,71176.4705882353,[[0.00021952]],79
4.0,2.516862745098039,71176.4705882353,[[0.00023447]],79
6.509803921568627,2.508235294117647,72941.17647058824,[[0.07454057]],79
4.0,2.6462745098039218,71176.4705882353,[[0.00439731]],79
4.0,2.508235294117647,71176.4705882353,[[0.00021952]],79
4.0,2.508235294117647,71176.4705882353,[[0.00021952]],79
4.0,2.508235294117647,71176.4705882353,[[0.00021952]],79
4.0,2.490980392156863,71176.4705882353,[[0.00151013]],79
4.0,2.508235294117647,71176.4705882353,[[0.00021952]],79
4.0,2.508235294117647,71176.4705882353,[[0.00021952]],79
4.0,2.508235294117647,71176.4705882353,[[0.00021952]],79
4.0,2.508235294117647,71176.4705882353,[[0.00021952]],79
4.0,2.508235294117647,71176.4705882353,[[0.00021952]],79
4.0,2.508235294117647,71176.4705882353,[[0.00021952]],79
4.0,2.508235294117647,71176.4705882353,[[0.00021952]],79
4.0,2.508235294117647,71176.4705882353,[[0.00021952]],80
4.0,2.508235294117647,71176.4705882353,[[0.00021952]],80
4.0,2.508235294117647,71176.4705882353,[[0.00021952]],80
4.0,2.508235294117647,71176.4705882353,[[0.00021952]],80
4.0,2.508235294117647,71176.4705882353,[[0.00021952]],80
4.0,2.508235294117647,71176.4705882353,[[0.00021952]],80
4.0,2.508235294117647,71176.4705882353,[[0.00021952]],80
4.0,2.516862745098039,71176.4705882353,[[0.00023447]],80
4.0,2.508235294117647,71176.4705882353,[[0.00021952]],80
4.0,2.508235294117647,71176.4705882353,[[0.00021952]],80
4.0,2.508235294117647,71176.4705882353,[[0.00021952]],80
4.0,2.508235294117647,71176.4705882353,[[0.00021952]],80
4.0,2.508235294117647,71176.4705882353,[[0.00021952]],80
4.0,2.508235294117647,71176.4705882353,[[0.00021952]],80
4.0,2.508235294117647,71176.4705882353,[[0.00021952]],80
4.0,2.508235294117647,71176.4705882353,[[0.00021952]],80
4.0,2.508235294117647,71176.4705882353,[[0.00021952]],80
4.0,2.508235294117647,71176.4705882353,[[0.00021952]],80
4.313725490196078,2.508235294117647,71176.4705882353,[[0.00159085]],80
4.0,2.508235294117647,71176.4705882353,[[0.00021952]],80
4.0,2.490980392156863,71176.4705882353,[[0.00151013]],80
4.0,2.516862745098039,71176.4705882353,[[0.00023447]],80
4.0,2.508235294117647,71176.4705882353,[[0.00021952]],80
4.0,2.508235294117647,71176.4705882353,[[0.00021952]],80
9.019607843137255,2.8533333333333335,71176.4705882353,[[0.10654696]],80
4.0,2.508235294117647,71176.4705882353,[[0.00021952]],80
4.0,2.508235294117647,71176.4705882353,[[0.00021952]],80
4.0,2.508235294117647,71176.4705882353,[[0.00021952]],80
4.0,2.516862745098039,71176.4705882353,[[0.00023447]],80
4.0,1.956078431372549,71176.4705882353,[[0.05121097]],80
4.0,2.508235294117647,71176.4705882353,[[0.00021952]],80
4.0,2.508235294117647,71176.4705882353,[[0.00021952]],80
4.0,2.508235294117647,71176.4705882353,[[0.00021952]],80
4.0,2.508235294117647,71176.4705882353,[[0.00021952]],80
4.0,2.508235294117647,71176.4705882353,[[0.00021952]],80
4.0,2.508235294117647,71176.4705882353,[[0.00021952]],80
4.0,2.508235294117647,71176.4705882353,[[0.00021952]],80
4.0,2.508235294117647,71176.4705882353,[[0.00021952]],80
4.0,2.508235294117647,71176.4705882353,[[0.00021952]],80
4.0,2.516862745098039,71176.4705882353,[[0.00023447]],80
4.0,2.508235294117647,71176.4705882353,[[0.00021952]],80
4.0,2.508235294117647,71176.4705882353,[[0.00021952]],80
4.0,2.508235294117647,71176.4705882353,[[0.00021952]],80
4.0,2.508235294117647,71176.4705882353,[[0.00021952]],80
4.0,2.508235294117647,102941.17647058824,[[0.01675645]],80
4.0,2.508235294117647,71176.4705882353,[[0.00021952]],80
4.0,2.508235294117647,71176.4705882353,[[0.00021952]],80
4.0,2.508235294117647,71176.4705882353,[[0.00021952]],80
4.0,2.508235294117647,71176.4705882353,[[0.00021952]],80
4.627450980392156,2.508235294117647,71176.4705882353,[[0.00550691]],80
4.0,2.508235294117647,71176.4705882353,[[0.00021952]],80
4.0,2.508235294117647,71176.4705882353,[[0.00021952]],80
4.0,2.508235294117647,71176.4705882353,[[0.00021952]],80
4.0,2.508235294117647,71176.4705882353,[[0.00021952]],80
4.0,1.956078431372549,71176.4705882353,[[0.05121097]],80
4.0,2.508235294117647,71176.4705882353,[[0.00021952]],80
4.0,2.508235294117647,71176.4705882353,[[0.00021952]],80
4.0,2.508235294117647,71176.4705882353,[[0.00021952]],80
4.0,2.508235294117647,71176.4705882353,[[0.00021952]],80
4.0,2.508235294117647,71176.4705882353,[[0.00021952]],80
4.0,2.508235294117647,71176.4705882353,[[0.00021952]],80
4.0,2.508235294117647,71176.4705882353,[[0.00021952]],80
4.0,2.577254901960784,184117.64705882352,[[0.1494294]],80
4.0,2.508235294117647,71176.4705882353,[[0.00021952]],80
4.0,2.508235294117647,71176.4705882353,[[0.00021952]],80
4.0,2.508235294117647,71176.4705882353,[[0.00021952]],80
4.0,2.508235294117647,71176.4705882353,[[0.00021952]],80
4.0,2.6462745098039218,71176.4705882353,[[0.00439731]],80
4.1568627450980395,2.508235294117647,71176.4705882353,[[0.00057665]],80
4.0,2.508235294117647,71176.4705882353,[[0.00021952]],80
4.0,2.508235294117647,71176.4705882353,[[0.00021952]],80
4.0,2.508235294117647,71176.4705882353,[[0.00021952]],80
4.0,2.508235294117647,71176.4705882353,[[0.00021952]],80
4.0,2.508235294117647,57058.82352941176,[[0.00396152]],80
4.0,2.508235294117647,71176.4705882353,[[0.00021952]],80
4.0,2.508235294117647,71176.4705882353,[[0.00021952]],80
4.0,2.490980392156863,127647.05882352941,[[0.06121001]],80
4.0,2.490980392156863,99411.76470588235,[[0.02145332]],80
4.0,2.508235294117647,71176.4705882353,[[0.00021952]],80
4.0,2.508235294117647,64117.64705882353,[[0.00112419]],80
4.0,2.508235294117647,71176.4705882353,[[0.00021952]],80
4.0,2.508235294117647,71176.4705882353,[[0.00021952]],80
4.0,2.508235294117647,71176.4705882353,[[0.00021952]],80
4.0,2.508235294117647,64117.64705882353,[[0.00112419]],80
4.078431372549019,2.508235294117647,71176.4705882353,[[0.0003193]],80
4.0,2.508235294117647,71176.4705882353,[[0.00021952]],80
4.0,2.516862745098039,71176.4705882353,[[0.00023447]],80
4.0,2.508235294117647,71176.4705882353,[[0.00021952]],80
4.0,2.508235294117647,71176.4705882353,[[0.00021952]],80
6.509803921568627,2.6462745098039218,71176.4705882353,[[0.04722339]],80
4.0,2.508235294117647,71176.4705882353,[[0.00021952]],80
4.0,2.508235294117647,71176.4705882353,[[0.00021952]],80
4.0,2.508235294117647,71176.4705882353,[[0.00021952]],80
4.0,2.508235294117647,71176.4705882353,[[0.00021952]],80
4.0,2.516862745098039,71176.4705882353,[[0.00023447]],80
4.0,2.508235294117647,71176.4705882353,[[0.00021952]],80
4.0,2.508235294117647,71176.4705882353,[[0.00021952]],81
4.0,2.508235294117647,71176.4705882353,[[0.00021952]],81
4.0,2.508235294117647,71176.4705882353,[[0.00021952]],81
4.0,2.508235294117647,71176.4705882353,[[0.00021952]],81
14.03921568627451,2.508235294117647,71176.4705882353,[[0.30683421]],81
4.0,2.7843137254901964,71176.4705882353,[[0.01762925]],81
4.0,2.508235294117647,71176.4705882353,[[0.00021952]],81
4.0,2.508235294117647,71176.4705882353,[[0.00021952]],81
4.0,2.508235294117647,71176.4705882353,[[0.00021952]],81
4.0,2.508235294117647,71176.4705882353,[[0.00021952]],81
4.0,2.508235294117647,71176.4705882353,[[0.00021952]],81
4.0,2.508235294117647,71176.4705882353,[[0.00021952]],81
4.0,2.508235294117647,71176.4705882353,[[0.00021952]],81
4.0,2.516862745098039,71176.4705882353,[[0.00023447]],81
4.0,2.508235294117647,71176.4705882353,[[0.00021952]],81
4.627450980392156,2.508235294117647,74705.88235294117,[[0.0074467]],81
4.0,2.508235294117647,71176.4705882353,[[0.00021952]],81
4.0,2.577254901960784,72941.17647058824,[[0.00081122]],81
4.0,2.508235294117647,71176.4705882353,[[0.00021952]],81
4.0,2.508235294117647,71176.4705882353,[[0.00021952]],81
4.0,2.508235294117647,71176.4705882353,[[0.00021952]],81
4.0,2.508235294117647,71176.4705882353,[[0.00021952]],81
4.1568627450980395,2.508235294117647,71176.4705882353,[[0.00057665]],81
4.0,2.508235294117647,71176.4705882353,[[0.00021952]],81
4.0,2.508235294117647,184117.64705882352,[[0.16769036]],81
4.0,2.508235294117647,71176.4705882353,[[0.00021952]],81
4.0,2.508235294117647,71176.4705882353,[[0.00021952]],81
4.0,2.508235294117647,71176.4705882353,[[0.00021952]],81
4.0,2.508235294117647,71176.4705882353,[[0.00021952]],81
4.0,2.508235294117647,71176.4705882353,[[0.00021952]],81
14.03921568627451,2.516862745098039,71176.4705882353,[[0.3048188]],81
4.0,2.508235294117647,71176.4705882353,[[0.00021952]],81
4.0,2.508235294117647,71176.4705882353,[[0.00021952]],81
4.0,2.508235294117647,71176.4705882353,[[0.00021952]],81
4.0,2.508235294117647,71176.4705882353,[[0.00021952]],81
4.0,2.508235294117647,71176.4705882353,[[0.00021952]],81
4.0,2.508235294117647,64117.64705882353,[[0.00112419]],81
4.0,2.508235294117647,71176.4705882353,[[0.00021952]],81
4.0,2.508235294117647,71176.4705882353,[[0.00021952]],81
4.0,2.508235294117647,71176.4705882353,[[0.00021952]],81
4.0,2.508235294117647,71176.4705882353,[[0.00021952]],81
4.0,2.508235294117647,71176.4705882353,[[0.00021952]],81
4.0,2.508235294117647,71176.4705882353,[[0.00021952]],81
4.0,2.508235294117647,71176.4705882353,[[0.00021952]],81
4.0,2.508235294117647,71176.4705882353,[[0.00021952]],81
4.0,2.508235294117647,71176.4705882353,[[0.00021952]],81
4.0,2.508235294117647,71176.4705882353,[[0.00021952]],81
4.0,2.508235294117647,71176.4705882353,[[0.00021952]],81
4.0,2.508235294117647,71176.4705882353,[[0.00021952]],81
4.0,2.508235294117647,71176.4705882353,[[0.00021952]],81
4.0,2.508235294117647,71176.4705882353,[[0.00021952]],81
4.0,2.508235294117647,71176.4705882353,[[0.00021952]],81
4.0,2.508235294117647,71176.4705882353,[[0.00021952]],81
4.0,2.508235294117647,71176.4705882353,[[0.00021952]],81
4.0,2.6462745098039218,71176.4705882353,[[0.00439731]],81
4.0,2.508235294117647,71176.4705882353,[[0.00021952]],81
4.0,2.508235294117647,71176.4705882353,[[0.00021952]],81
4.0,2.508235294117647,71176.4705882353,[[0.00021952]],81
4.0,2.508235294117647,71176.4705882353,[[0.00021952]],81
4.0,2.508235294117647,71176.4705882353,[[0.00021952]],81
4.0,2.508235294117647,71176.4705882353,[[0.00021952]],81
9.019607843137255,2.516862745098039,113529.41176470587,[[0.22020532]],81
4.0,2.508235294117647,71176.4705882353,[[0.00021952]],81
4.0,2.508235294117647,71176.4705882353,[[0.00021952]],81
4.0,2.508235294117647,71176.4705882353,[[0.00021952]],81
4.0,2.508235294117647,71176.4705882353,[[0.00021952]],81
4.0,2.490980392156863,71176.4705882353,[[0.00151013]],81
5.254901960784314,2.508235294117647,297058.8235294118,[[0.46762618]],81
4.0,2.508235294117647,71176.4705882353,[[0.00021952]],81
4.0,2.508235294117647,71176.4705882353,[[0.00021952]],81
4.0,2.508235294117647,74705.88235294117,[[0.00044978]],81
4.0,2.508235294117647,71176.4705882353,[[0.00021952]],81
4.0,2.508235294117647,71176.4705882353,[[0.00021952]],81
14.03921568627451,2.516862745098039,71176.4705882353,[[0.3048188]],81
4.0,2.508235294117647,71176.4705882353,[[0.00021952]],81
4.0,2.508235294117647,71176.4705882353,[[0.00021952]],81
4.0,2.508235294117647,71176.4705882353,[[0.00021952]],81
4.0,2.508235294117647,71176.4705882353,[[0.00021952]],81
9.019607843137255,2.508235294117647,64117.64705882353,[[0.17859321]],81
4.0,2.508235294117647,71176.4705882353,[[0.00021952]],81
4.0,2.508235294117647,71176.4705882353,[[0.00021952]],81
4.0,2.508235294117647,71176.4705882353,[[0.00021952]],81
4.0,2.508235294117647,71176.4705882353,[[0.00021952]],81
4.0,2.508235294117647,71176.4705882353,[[0.00021952]],81
4.0,2.508235294117647,71176.4705882353,[[0.00021952]],81
4.0,2.508235294117647,71176.4705882353,[[0.00021952]],81
4.0,2.508235294117647,71176.4705882353,[[0.00021952]],81
4.0,2.508235294117647,71176.4705882353,[[0.00021952]],81
4.0,2.508235294117647,71176.4705882353,[[0.00021952]],81
4.0,2.508235294117647,71176.4705882353,[[0.00021952]],81
4.0,2.508235294117647,71176.4705882353,[[0.00021952]],81
4.0,2.508235294117647,71176.4705882353,[[0.00021952]],81
4.0,2.508235294117647,71176.4705882353,[[0.00021952]],81
14.117647058823529,2.508235294117647,71176.4705882353,[[0.30779407]],81
4.0,2.508235294117647,71176.4705882353,[[0.00021952]],81
4.0,2.508235294117647,71176.4705882353,[[0.00021952]],81
4.0,2.0250980392156865,71176.4705882353,[[0.04319992]],82
4.0,2.508235294117647,71176.4705882353,[[0.00021952]],82
4.0,2.508235294117647,71176.4705882353,[[0.00021952]],82
4.0,2.508235294117647,71176.4705882353,[[0.00021952]],82
4.0,2.508235294117647,71176.4705882353,[[0.00021952]],82
4.0,2.508235294117647,71176.4705882353,[[0.00021952]],82
4.0,2.508235294117647,71176.4705882353,[[0.00021952]],82
4.0,2.7843137254901964,71176.4705882353,[[0.01762925]],82
11.529411764705882,2.508235294117647,71176.4705882353,[[0.2624832]],82
4.0,2.508235294117647,71176.4705882353,[[0.00021952]],82
4.0,2.508235294117647,71176.4705882353,[[0.00021952]],82
4.0,2.508235294117647,71176.4705882353,[[0.00021952]],82
4.0,2.508235294117647,71176.4705882353,[[0.00021952]],82
4.0,2.508235294117647,71176.4705882353,[[0.00021952]],82
4.0,2.508235294117647,71176.4705882353,[[0.00021952]],82
4.0,2.508235294117647,71176.4705882353,[[0.00021952]],82
4.0,2.508235294117647,71176.4705882353,[[0.00021952]],82
4.0,2.508235294117647,71176.4705882353,[[0.00021952]],82
4.0,2.508235294117647,71176.4705882353,[[0.00021952]],82
4.0,2.508235294117647,71176.4705882353,[[0.00021952]],82
4.0,2.508235294117647,71176.4705882353,[[0.00021952]],82
4.313725490196078,2.508235294117647,71176.4705882353,[[0.00159085]],82
4.0,2.508235294117647,71176.4705882353,[[0.00021952]],82
4.0,2.508235294117647,71176.4705882353,[[0.00021952]],82
4.0,2.508235294117647,71176.4705882353,[[0.00021952]],82
4.0,2.508235294117647,71176.4705882353,[[0.00021952]],82
4.0,2.508235294117647,71176.4705882353,[[0.00021952]],82
4.0,2.508235294117647,71176.4705882353,[[0.00021952]],82
4.0,2.508235294117647,71176.4705882353,[[0.00021952]],82
4.0,2.508235294117647,71176.4705882353,[[0.00021952]],82
4.0,2.508235294117647,71176.4705882353,[[0.00021952]],82
4.0,2.508235294117647,71176.4705882353,[[0.00021952]],82
4.0,2.508235294117647,71176.4705882353,[[0.00021952]],82
5.254901960784314,2.6462745098039218,71176.4705882353,[[0.00779387]],82
4.0,2.508235294117647,71176.4705882353,[[0.00021952]],82
4.0,2.508235294117647,71176.4705882353,[[0.00021952]],82
4.0,2.508235294117647,71176.4705882353,[[0.00021952]],82
4.0,2.508235294117647,71176.4705882353,[[0.00021952]],82
4.0,2.508235294117647,71176.4705882353,[[0.00021952]],82
4.0,2.508235294117647,71176.4705882353,[[0.00021952]],82
4.0,2.508235294117647,71176.4705882353,[[0.00021952]],82
4.1568627450980395,2.508235294117647,71176.4705882353,[[0.00057665]],82
4.0,2.508235294117647,71176.4705882353,[[0.00021952]],82
4.0,2.508235294117647,71176.4705882353,[[0.00021952]],82
4.0,2.508235294117647,71176.4705882353,[[0.00021952]],82
4.0,2.508235294117647,71176.4705882353,[[0.00021952]],82
4.0,2.508235294117647,71176.4705882353,[[0.00021952]],82
4.0,2.508235294117647,71176.4705882353,[[0.00021952]],82
4.0,2.508235294117647,71176.4705882353,[[0.00021952]],82
4.0,2.508235294117647,71176.4705882353,[[0.00021952]],82
4.0,1.4039215686274509,71176.4705882353,[[0.19607654]],82
4.0,2.508235294117647,71176.4705882353,[[0.00021952]],82
4.0,2.4737254901960783,71176.4705882353,[[0.00208655]],82
4.0,2.508235294117647,71176.4705882353,[[0.00021952]],82
4.0,2.508235294117647,71176.4705882353,[[0.00021952]],82
4.0,2.508235294117647,71176.4705882353,[[0.00021952]],82
4.0,2.508235294117647,71176.4705882353,[[0.00021952]],82
4.0,2.508235294117647,57058.82352941176,[[0.00396152]],82
4.0,2.508235294117647,71176.4705882353,[[0.00021952]],82
4.0,2.508235294117647,71176.4705882353,[[0.00021952]],82
4.0,2.508235294117647,71176.4705882353,[[0.00021952]],82
4.0,2.490980392156863,71176.4705882353,[[0.00151013]],82
4.0,2.508235294117647,71176.4705882353,[[0.00021952]],82
4.0,2.508235294117647,71176.4705882353,[[0.00021952]],82
4.0,2.508235294117647,71176.4705882353,[[0.00021952]],82
4.0,2.508235294117647,71176.4705882353,[[0.00021952]],82
4.0,2.508235294117647,71176.4705882353,[[0.00021952]],82
4.0,2.508235294117647,64117.64705882353,[[0.00112419]],82
4.0,2.508235294117647,71176.4705882353,[[0.00021952]],82
4.0,2.508235294117647,71176.4705882353,[[0.00021952]],82
4.0,2.508235294117647,71176.4705882353,[[0.00021952]],82
4.0,2.508235294117647,71176.4705882353,[[0.00021952]],82
4.0,2.508235294117647,71176.4705882353,[[0.00021952]],82
4.0,2.508235294117647,71176.4705882353,[[0.00021952]],82
4.0,2.508235294117647,71176.4705882353,[[0.00021952]],82
4.0,2.508235294117647,71176.4705882353,[[0.00021952]],82
4.0,2.6462745098039218,184117.64705882352,[[0.13140373]],82
4.0,2.508235294117647,71176.4705882353,[[0.00021952]],82
4.0,2.508235294117647,71176.4705882353,[[0.00021952]],82
4.0,2.508235294117647,71176.4705882353,[[0.00021952]],82
4.0,2.508235294117647,71176.4705882353,[[0.00021952]],82
4.0,2.508235294117647,71176.4705882353,[[0.00021952]],82
4.0,2.508235294117647,71176.4705882353,[[0.00021952]],82
4.0,2.508235294117647,71176.4705882353,[[0.00021952]],82
4.627450980392156,2.6462745098039218,64117.64705882353,[[0.00073366]],82
4.0,2.508235294117647,71176.4705882353,[[0.00021952]],82
4.0,2.508235294117647,71176.4705882353,[[0.00021952]],82
4.0,2.508235294117647,71176.4705882353,[[0.00021952]],82
4.0,2.508235294117647,71176.4705882353,[[0.00021952]],82
4.0,2.508235294117647,71176.4705882353,[[0.00021952]],82
5.568627450980392,1.956078431372549,74705.88235294117,[[0.17922885]],82
4.0,2.508235294117647,71176.4705882353,[[0.00021952]],82
4.0,2.508235294117647,71176.4705882353,[[0.00021952]],82
4.0,2.508235294117647,71176.4705882353,[[0.00021952]],82
4.0,2.508235294117647,71176.4705882353,[[0.00021952]],82
4.0,2.508235294117647,71176.4705882353,[[0.00021952]],82
4.0,2.508235294117647,71176.4705882353,[[0.00021952]],83
4.0,2.508235294117647,71176.4705882353,[[0.00021952]],83
4.0,2.508235294117647,71176.4705882353,[[0.00021952]],83
4.0,2.508235294117647,71176.4705882353,[[0.00021952]],83
4.0,2.508235294117647,71176.4705882353,[[0.00021952]],83
4.0,2.508235294117647,71176.4705882353,[[0.00021952]],83
4.0,2.7843137254901964,71176.4705882353,[[0.01762925]],83
4.0,2.508235294117647,71176.4705882353,[[0.00021952]],83
4.627450980392156,2.508235294117647,71176.4705882353,[[0.00550691]],83
4.0,2.508235294117647,71176.4705882353,[[0.00021952]],83
4.0,2.508235294117647,71176.4705882353,[[0.00021952]],83
4.078431372549019,2.508235294117647,57058.82352941176,[[0.00286552]],83
4.0,2.508235294117647,71176.4705882353,[[0.00021952]],83
4.0,2.508235294117647,71176.4705882353,[[0.00021952]],83
4.0,2.508235294117647,71176.4705882353,[[0.00021952]],83
4.0,2.508235294117647,71176.4705882353,[[0.00021952]],83
4.0,2.508235294117647,71176.4705882353,[[0.00021952]],83
4.0,2.508235294117647,71176.4705882353,[[0.00021952]],83
4.0,2.508235294117647,71176.4705882353,[[0.00021952]],83
4.0,2.508235294117647,71176.4705882353,[[0.00021952]],83
4.0,2.508235294117647,71176.4705882353,[[0.00021952]],83
4.0,2.508235294117647,71176.4705882353,[[0.00021952]],83
4.0,2.508235294117647,71176.4705882353,[[0.00021952]],83
4.0,2.508235294117647,71176.4705882353,[[0.00021952]],83
4.0,2.508235294117647,71176.4705882353,[[0.00021952]],83
4.0,2.508235294117647,71176.4705882353,[[0.00021952]],83
9.647058823529413,2.508235294117647,71176.4705882353,[[0.20786244]],83
4.0,2.508235294117647,71176.4705882353,[[0.00021952]],83
4.0,2.508235294117647,71176.4705882353,[[0.00021952]],83
4.0,2.508235294117647,71176.4705882353,[[0.00021952]],83
4.0,2.508235294117647,71176.4705882353,[[0.00021952]],83
4.0,2.508235294117647,71176.4705882353,[[0.00021952]],83
4.0,2.508235294117647,71176.4705882353,[[0.00021952]],83
4.0,1.4039215686274509,71176.4705882353,[[0.19607654]],83
4.0,2.508235294117647,71176.4705882353,[[0.00021952]],83
6.509803921568627,2.508235294117647,71176.4705882353,[[0.07265647]],83
4.0,2.508235294117647,71176.4705882353,[[0.00021952]],83
4.0,2.508235294117647,71176.4705882353,[[0.00021952]],83
4.0,2.508235294117647,71176.4705882353,[[0.00021952]],83
4.0,2.508235294117647,71176.4705882353,[[0.00021952]],83
4.0,2.508235294117647,71176.4705882353,[[0.00021952]],83
4.313725490196078,2.508235294117647,71176.4705882353,[[0.00159085]],83
4.0,2.7843137254901964,102941.17647058824,[[0.00031969]],83
4.0,2.508235294117647,71176.4705882353,[[0.00021952]],83
4.0,1.956078431372549,71176.4705882353,[[0.05121097]],83
4.0,2.508235294117647,71176.4705882353,[[0.00021952]],83
4.0,2.508235294117647,71176.4705882353,[[0.00021952]],83
4.0,2.508235294117647,71176.4705882353,[[0.00021952]],83
4.0,2.508235294117647,71176.4705882353,[[0.00021952]],83
4.0,2.508235294117647,71176.4705882353,[[0.00021952]],83
4.078431372549019,1.4039215686274509,71176.4705882353,[[0.19553704]],83
4.0,2.508235294117647,71176.4705882353,[[0.00021952]],83
4.0,2.508235294117647,71176.4705882353,[[0.00021952]],83
4.0,2.4737254901960783,71176.4705882353,[[0.00208655]],83
4.0,2.508235294117647,71176.4705882353,[[0.00021952]],83
4.0,2.508235294117647,71176.4705882353,[[0.00021952]],83
4.0,2.508235294117647,71176.4705882353,[[0.00021952]],83
4.0,2.508235294117647,71176.4705882353,[[0.00021952]],83
4.0,2.508235294117647,71176.4705882353,[[0.00021952]],83
4.0,2.508235294117647,71176.4705882353,[[0.00021952]],83
4.0,2.508235294117647,71176.4705882353,[[0.00021952]],83
4.0,2.508235294117647,71176.4705882353,[[0.00021952]],83
4.0,2.508235294117647,71176.4705882353,[[0.00021952]],83
4.0,2.508235294117647,71176.4705882353,[[0.00021952]],83
4.0,2.508235294117647,71176.4705882353,[[0.00021952]],83
4.0,2.508235294117647,71176.4705882353,[[0.00021952]],83
4.0,2.508235294117647,71176.4705882353,[[0.00021952]],83
4.0,2.508235294117647,71176.4705882353,[[0.00021952]],83
4.0,2.508235294117647,71176.4705882353,[[0.00021952]],83
4.0,2.6462745098039218,297058.8235294118,[[0.47767724]],83
4.0,2.508235294117647,71176.4705882353,[[0.00021952]],83
4.0,2.508235294117647,71176.4705882353,[[0.00021952]],83
4.0,2.508235294117647,71176.4705882353,[[0.00021952]],83
4.0,2.508235294117647,71176.4705882353,[[0.00021952]],83
4.0,2.508235294117647,71176.4705882353,[[0.00021952]],83
4.0,2.7843137254901964,92352.94117647059,[[0.00167133]],83
4.0,2.508235294117647,71176.4705882353,[[0.00021952]],83
4.1568627450980395,2.508235294117647,74705.88235294117,[[0.0012901]],83
4.0,2.508235294117647,71176.4705882353,[[0.00021952]],83
4.0,2.508235294117647,71176.4705882353,[[0.00021952]],83
4.0,2.508235294117647,71176.4705882353,[[0.00021952]],83
4.0,2.508235294117647,71176.4705882353,[[0.00021952]],83
4.0,2.508235294117647,71176.4705882353,[[0.00021952]],83
4.0,2.508235294117647,71176.4705882353,[[0.00021952]],83
4.0,2.508235294117647,71176.4705882353,[[0.00021952]],83
4.0,2.516862745098039,71176.4705882353,[[0.00023447]],83
4.0,2.508235294117647,71176.4705882353,[[0.00021952]],83
4.0,2.508235294117647,71176.4705882353,[[0.00021952]],83
4.0,2.508235294117647,71176.4705882353,[[0.00021952]],83
4.0,2.508235294117647,71176.4705882353,[[0.00021952]],83
4.0,2.508235294117647,71176.4705882353,[[0.00021952]],83
4.0,2.508235294117647,71176.4705882353,[[0.00021952]],83
4.0,2.508235294117647,71176.4705882353,[[0.00021952]],83
4.0,2.508235294117647,71176.4705882353,[[0.00021952]],83
4.0,2.508235294117647,71176.4705882353,[[0.00021952]],83
4.0,2.508235294117647,71176.4705882353,[[0.00021952]],83
4.0,2.508235294117647,71176.4705882353,[[0.00021952]],84
4.0,2.508235294117647,64117.64705882353,[[0.00112419]],84
4.0,2.6462745098039218,184117.64705882352,[[0.13140373]],84
4.0,2.508235294117647,71176.4705882353,[[0.00021952]],84
4.0,2.508235294117647,71176.4705882353,[[0.00021952]],84
4.0,2.508235294117647,71176.4705882353,[[0.00021952]],84
4.0,2.508235294117647,71176.4705882353,[[0.00021952]],84
4.0,2.508235294117647,71176.4705882353,[[0.00021952]],84
4.0,2.508235294117647,71176.4705882353,[[0.00021952]],84
4.0,2.508235294117647,71176.4705882353,[[0.00021952]],84
4.0,2.508235294117647,71176.4705882353,[[0.00021952]],84
4.0,2.508235294117647,71176.4705882353,[[0.00021952]],84
4.0,2.508235294117647,71176.4705882353,[[0.00021952]],84
4.9411764705882355,2.6462745098039218,71176.4705882353,[[0.00278265]],84
4.0,2.508235294117647,71176.4705882353,[[0.00021952]],84
4.627450980392156,2.508235294117647,72941.17647058824,[[0.00644007]],84
4.1568627450980395,2.56,71176.4705882353,[[0.00030605]],84
4.0,2.508235294117647,71176.4705882353,[[0.00021952]],84
4.0,2.508235294117647,71176.4705882353,[[0.00021952]],84
4.0,2.508235294117647,71176.4705882353,[[0.00021952]],84
4.0,2.508235294117647,71176.4705882353,[[0.00021952]],84
4.0,2.508235294117647,71176.4705882353,[[0.00021952]],84
4.0,2.508235294117647,71176.4705882353,[[0.00021952]],84
4.0,2.508235294117647,71176.4705882353,[[0.00021952]],84
4.0,2.508235294117647,71176.4705882353,[[0.00021952]],84
4.0,2.508235294117647,71176.4705882353,[[0.00021952]],84
4.0,2.508235294117647,71176.4705882353,[[0.00021952]],84
4.0,2.508235294117647,71176.4705882353,[[0.00021952]],84
4.0,2.508235294117647,71176.4705882353,[[0.00021952]],84
4.0,2.508235294117647,71176.4705882353,[[0.00021952]],84
4.0,2.508235294117647,71176.4705882353,[[0.00021952]],84
4.0,2.577254901960784,71176.4705882353,[[0.00123789]],84
4.0,2.508235294117647,57058.82352941176,[[0.00396152]],84
4.0,2.7843137254901964,71176.4705882353,[[0.01762925]],84
4.313725490196078,2.508235294117647,325294.1176470588,[[0.61411868]],84
4.0,2.508235294117647,71176.4705882353,[[0.00021952]],84
4.0,2.508235294117647,71176.4705882353,[[0.00021952]],84
4.0,1.956078431372549,71176.4705882353,[[0.05121097]],84
4.0,2.508235294117647,71176.4705882353,[[0.00021952]],84
4.0,2.508235294117647,71176.4705882353,[[0.00021952]],84
16.549019607843135,2.508235294117647,71176.4705882353,[[0.32927323]],84
4.0,2.508235294117647,71176.4705882353,[[0.00021952]],84
4.0,2.508235294117647,71176.4705882353,[[0.00021952]],84
4.0,2.508235294117647,71176.4705882353,[[0.00021952]],84
4.0,2.508235294117647,71176.4705882353,[[0.00021952]],84
4.0,2.508235294117647,71176.4705882353,[[0.00021952]],84
4.313725490196078,2.508235294117647,71176.4705882353,[[0.00159085]],84
4.0,2.508235294117647,71176.4705882353,[[0.00021952]],84
4.0,2.508235294117647,71176.4705882353,[[0.00021952]],84
4.0,2.508235294117647,71176.4705882353,[[0.00021952]],84
4.0,2.508235294117647,71176.4705882353,[[0.00021952]],84
4.0,2.508235294117647,71176.4705882353,[[0.00021952]],84
4.0,2.508235294117647,71176.4705882353,[[0.00021952]],84
5.254901960784314,2.508235294117647,184117.64705882352,[[0.19334024]],84
4.0,2.508235294117647,71176.4705882353,[[0.00021952]],84
4.0,2.508235294117647,71176.4705882353,[[0.00021952]],84
4.313725490196078,2.508235294117647,184117.64705882352,[[0.17403569]],84
4.0,2.508235294117647,71176.4705882353,[[0.00021952]],84
4.0,2.508235294117647,71176.4705882353,[[0.00021952]],84
4.0,2.508235294117647,71176.4705882353,[[0.00021952]],84
4.0,2.508235294117647,71176.4705882353,[[0.00021952]],84
4.0,2.508235294117647,71176.4705882353,[[0.00021952]],84
4.0,2.508235294117647,71176.4705882353,[[0.00021952]],84
4.0,2.508235294117647,71176.4705882353,[[0.00021952]],84
4.0,2.508235294117647,71176.4705882353,[[0.00021952]],84
4.0,2.508235294117647,71176.4705882353,[[0.00021952]],84
4.0,2.508235294117647,71176.4705882353,[[0.00021952]],84
4.0,2.508235294117647,71176.4705882353,[[0.00021952]],84
4.0,2.508235294117647,71176.4705882353,[[0.00021952]],84
4.0,2.508235294117647,71176.4705882353,[[0.00021952]],84
4.0,2.508235294117647,71176.4705882353,[[0.00021952]],84
4.0,2.508235294117647,71176.4705882353,[[0.00021952]],84
4.0,2.508235294117647,71176.4705882353,[[0.00021952]],84
4.0,2.508235294117647,71176.4705882353,[[0.00021952]],84
4.0,2.4737254901960783,71176.4705882353,[[0.00208655]],84
4.0,2.508235294117647,71176.4705882353,[[0.00021952]],84
4.0,2.508235294117647,71176.4705882353,[[0.00021952]],84
4.0,2.508235294117647,71176.4705882353,[[0.00021952]],84
4.0,2.508235294117647,71176.4705882353,[[0.00021952]],84
4.0,2.508235294117647,71176.4705882353,[[0.00021952]],84
4.0,2.508235294117647,71176.4705882353,[[0.00021952]],84
4.0,2.508235294117647,71176.4705882353,[[0.00021952]],84
4.0,2.508235294117647,71176.4705882353,[[0.00021952]],84
4.0,2.508235294117647,71176.4705882353,[[0.00021952]],84
4.0,2.508235294117647,71176.4705882353,[[0.00021952]],84
4.0,2.508235294117647,71176.4705882353,[[0.00021952]],84
4.0,2.508235294117647,71176.4705882353,[[0.00021952]],84
4.0,2.508235294117647,71176.4705882353,[[0.00021952]],84
4.0,2.508235294117647,71176.4705882353,[[0.00021952]],84
4.0,2.508235294117647,71176.4705882353,[[0.00021952]],84
4.0,2.508235294117647,71176.4705882353,[[0.00021952]],84
4.0,2.508235294117647,71176.4705882353,[[0.00021952]],84
4.0,2.508235294117647,71176.4705882353,[[0.00021952]],84
4.0,2.508235294117647,71176.4705882353,[[0.00021952]],84
4.0,2.508235294117647,71176.4705882353,[[0.00021952]],84
4.0,2.508235294117647,71176.4705882353,[[0.00021952]],84
4.0,2.508235294117647,71176.4705882353,[[0.00021952]],85
4.0,2.508235294117647,71176.4705882353,[[0.00021952]],85
4.9411764705882355,1.5419607843137255,71176.4705882353,[[0.22864653]],85
4.0,2.508235294117647,71176.4705882353,[[0.00021952]],85
4.0,2.508235294117647,71176.4705882353,[[0.00021952]],85
4.0,2.508235294117647,71176.4705882353,[[0.00021952]],85
4.0,2.508235294117647,71176.4705882353,[[0.00021952]],85
4.0,2.508235294117647,71176.4705882353,[[0.00021952]],85
4.0,2.508235294117647,71176.4705882353,[[0.00021952]],85
4.0,2.508235294117647,71176.4705882353,[[0.00021952]],85
4.0,2.508235294117647,71176.4705882353,[[0.00021952]],85
4.0,2.508235294117647,71176.4705882353,[[0.00021952]],85
4.0,2.508235294117647,71176.4705882353,[[0.00021952]],85
5.882352941176471,2.508235294117647,71176.4705882353,[[0.04460451]],85
4.0,2.508235294117647,71176.4705882353,[[0.00021952]],85
4.0,2.508235294117647,71176.4705882353,[[0.00021952]],85
4.0,2.508235294117647,71176.4705882353,[[0.00021952]],85
4.9411764705882355,2.6462745098039218,71176.4705882353,[[0.00278265]],85
4.0,2.508235294117647,71176.4705882353,[[0.00021952]],85
4.0,2.508235294117647,71176.4705882353,[[0.00021952]],85
4.0,2.508235294117647,71176.4705882353,[[0.00021952]],85
4.0,2.508235294117647,71176.4705882353,[[0.00021952]],85
4.0,2.508235294117647,71176.4705882353,[[0.00021952]],85
4.0,2.508235294117647,71176.4705882353,[[0.00021952]],85
4.0,2.516862745098039,71176.4705882353,[[0.00023447]],85
4.0,2.508235294117647,71176.4705882353,[[0.00021952]],85
4.0,2.508235294117647,71176.4705882353,[[0.00021952]],85
4.235294117647059,1.956078431372549,71176.4705882353,[[0.06870864]],85
4.0,2.508235294117647,71176.4705882353,[[0.00021952]],85
4.0,2.508235294117647,71176.4705882353,[[0.00021952]],85
4.0,2.508235294117647,71176.4705882353,[[0.00021952]],85
4.0,2.508235294117647,71176.4705882353,[[0.00021952]],85
4.0,2.508235294117647,71176.4705882353,[[0.00021952]],85
4.0,2.508235294117647,71176.4705882353,[[0.00021952]],85
4.0,2.508235294117647,71176.4705882353,[[0.00021952]],85
4.0,2.508235294117647,71176.4705882353,[[0.00021952]],85
4.0,2.508235294117647,71176.4705882353,[[0.00021952]],85
4.0,2.508235294117647,71176.4705882353,[[0.00021952]],85
4.0,2.508235294117647,297058.8235294118,[[0.52590939]],85
4.0,2.508235294117647,57058.82352941176,[[0.00396152]],85
4.0,2.508235294117647,71176.4705882353,[[0.00021952]],85
4.0,2.508235294117647,71176.4705882353,[[0.00021952]],85
4.0,2.508235294117647,71176.4705882353,[[0.00021952]],85
4.0,2.508235294117647,71176.4705882353,[[0.00021952]],85
4.0,2.508235294117647,71176.4705882353,[[0.00021952]],85
4.0,2.508235294117647,71176.4705882353,[[0.00021952]],85
4.0,2.508235294117647,71176.4705882353,[[0.00021952]],85
4.0,2.508235294117647,71176.4705882353,[[0.00021952]],85
4.0,2.508235294117647,71176.4705882353,[[0.00021952]],85
4.0,2.508235294117647,71176.4705882353,[[0.00021952]],85
14.03921568627451,2.508235294117647,74705.88235294117,[[0.30830222]],85
4.0,2.508235294117647,71176.4705882353,[[0.00021952]],85
5.568627450980392,2.56,72941.17647058824,[[0.02660594]],85
4.0,2.508235294117647,71176.4705882353,[[0.00021952]],85
4.0,2.508235294117647,71176.4705882353,[[0.00021952]],85
4.0,2.508235294117647,71176.4705882353,[[0.00021952]],85
4.0,2.508235294117647,71176.4705882353,[[0.00021952]],85
5.254901960784314,2.508235294117647,71176.4705882353,[[0.02127087]],85
4.0,2.508235294117647,71176.4705882353,[[0.00021952]],85
4.0,2.508235294117647,71176.4705882353,[[0.00021952]],85
4.0,2.508235294117647,71176.4705882353,[[0.00021952]],85
4.0,2.508235294117647,71176.4705882353,[[0.00021952]],85
4.0,2.508235294117647,71176.4705882353,[[0.00021952]],85
4.0,2.508235294117647,71176.4705882353,[[0.00021952]],85
4.0,2.508235294117647,71176.4705882353,[[0.00021952]],85
4.0,2.508235294117647,71176.4705882353,[[0.00021952]],85
4.0,2.508235294117647,71176.4705882353,[[0.00021952]],85
4.0,2.508235294117647,71176.4705882353,[[0.00021952]],85
4.0,2.508235294117647,71176.4705882353,[[0.00021952]],85
4.0,2.508235294117647,71176.4705882353,[[0.00021952]],85
4.0,2.508235294117647,71176.4705882353,[[0.00021952]],85
4.0,2.508235294117647,71176.4705882353,[[0.00021952]],85
4.0,2.508235294117647,71176.4705882353,[[0.00021952]],85
4.0,2.508235294117647,71176.4705882353,[[0.00021952]],85
4.0,2.508235294117647,71176.4705882353,[[0.00021952]],85
5.254901960784314,2.508235294117647,64117.64705882353,[[0.0157346]],85
4.0,2.508235294117647,71176.4705882353,[[0.00021952]],85
4.0,2.508235294117647,297058.8235294118,[[0.52590939]],85
4.0,2.508235294117647,71176.4705882353,[[0.00021952]],85
4.0,2.508235294117647,71176.4705882353,[[0.00021952]],85
4.0,2.508235294117647,71176.4705882353,[[0.00021952]],85
4.0,2.508235294117647,71176.4705882353,[[0.00021952]],85
4.0,2.508235294117647,71176.4705882353,[[0.00021952]],85
4.0,2.508235294117647,71176.4705882353,[[0.00021952]],85
4.0,2.508235294117647,71176.4705882353,[[0.00021952]],85
4.313725490196078,2.508235294117647,71176.4705882353,[[0.00159085]],85
4.627450980392156,2.508235294117647,71176.4705882353,[[0.00550691]],85
4.0,2.508235294117647,71176.4705882353,[[0.00021952]],85
4.0,2.508235294117647,71176.4705882353,[[0.00021952]],85
4.0,2.508235294117647,71176.4705882353,[[0.00021952]],85
4.0,2.508235294117647,71176.4705882353,[[0.00021952]],85
4.0,2.508235294117647,71176.4705882353,[[0.00021952]],85
4.0,2.508235294117647,71176.4705882353,[[0.00021952]],85
4.0,2.508235294117647,71176.4705882353,[[0.00021952]],85
4.0,2.508235294117647,71176.4705882353,[[0.00021952]],85
4.0,2.508235294117647,71176.4705882353,[[0.00021952]],85
4.1568627450980395,2.4737254901960783,71176.4705882353,[[0.00394044]],86
4.0,2.508235294117647,71176.4705882353,[[0.00021952]],86
4.0,2.508235294117647,71176.4705882353,[[0.00021952]],86
4.0,2.508235294117647,71176.4705882353,[[0.00021952]],86
4.0,2.508235294117647,71176.4705882353,[[0.00021952]],86
4.0,2.508235294117647,71176.4705882353,[[0.00021952]],86
4.0,2.508235294117647,71176.4705882353,[[0.00021952]],86
4.0,2.508235294117647,71176.4705882353,[[0.00021952]],86
4.0,2.508235294117647,71176.4705882353,[[0.00021952]],86
4.0,2.508235294117647,71176.4705882353,[[0.00021952]],86
4.0,2.508235294117647,71176.4705882353,[[0.00021952]],86
4.0,2.508235294117647,71176.4705882353,[[0.00021952]],86
4.0,2.508235294117647,71176.4705882353,[[0.00021952]],86
4.0,2.508235294117647,71176.4705882353,[[0.00021952]],86
14.03921568627451,2.490980392156863,184117.64705882352,[[0.36293073]],86
4.0,2.508235294117647,71176.4705882353,[[0.00021952]],86
4.0,2.508235294117647,71176.4705882353,[[0.00021952]],86
4.0,2.508235294117647,71176.4705882353,[[0.00021952]],86
4.0,2.508235294117647,71176.4705882353,[[0.00021952]],86
4.0,2.508235294117647,71176.4705882353,[[0.00021952]],86
4.0,2.508235294117647,71176.4705882353,[[0.00021952]],86
4.627450980392156,2.516862745098039,71176.4705882353,[[0.00497354]],86
4.0,2.508235294117647,71176.4705882353,[[0.00021952]],86
4.0,2.508235294117647,71176.4705882353,[[0.00021952]],86
4.0,2.508235294117647,71176.4705882353,[[0.00021952]],86
4.0,2.508235294117647,71176.4705882353,[[0.00021952]],86
4.0,2.508235294117647,71176.4705882353,[[0.00021952]],86
4.0,2.508235294117647,57058.82352941176,[[0.00396152]],86
4.0,2.508235294117647,71176.4705882353,[[0.00021952]],86
4.0,2.516862745098039,71176.4705882353,[[0.00023447]],86
4.0,2.508235294117647,71176.4705882353,[[0.00021952]],86
4.0,2.508235294117647,71176.4705882353,[[0.00021952]],86
4.0,2.508235294117647,71176.4705882353,[[0.00021952]],86
4.0,2.508235294117647,71176.4705882353,[[0.00021952]],86
4.0,2.508235294117647,71176.4705882353,[[0.00021952]],86
4.0,2.508235294117647,71176.4705882353,[[0.00021952]],86
4.1568627450980395,2.508235294117647,71176.4705882353,[[0.00057665]],86
4.0,2.7498039215686276,71176.4705882353,[[0.01342634]],86
4.0,2.508235294117647,71176.4705882353,[[0.00021952]],86
14.03921568627451,1.956078431372549,113529.41176470587,[[0.47670798]],86
4.0,2.508235294117647,71176.4705882353,[[0.00021952]],86
9.019607843137255,2.508235294117647,99411.76470588235,[[0.20976105]],86
4.0,2.508235294117647,71176.4705882353,[[0.00021952]],86
4.392156862745098,2.508235294117647,71176.4705882353,[[0.00235814]],86
4.0,2.508235294117647,71176.4705882353,[[0.00021952]],86
4.0,2.508235294117647,71176.4705882353,[[0.00021952]],86
4.0,2.508235294117647,71176.4705882353,[[0.00021952]],86
4.0,2.508235294117647,71176.4705882353,[[0.00021952]],86
4.313725490196078,2.508235294117647,71176.4705882353,[[0.00159085]],86
4.0,2.508235294117647,71176.4705882353,[[0.00021952]],86
6.509803921568627,2.6462745098039218,297058.8235294118,[[0.36906251]],86
5.254901960784314,2.508235294117647,170000.0,[[0.16492455]],86
4.0,2.508235294117647,71176.4705882353,[[0.00021952]],86
4.0,2.508235294117647,71176.4705882353,[[0.00021952]],86
4.627450980392156,2.4737254901960783,113529.41176470587,[[0.06239954]],86
4.0,2.508235294117647,71176.4705882353,[[0.00021952]],86
4.0,2.508235294117647,71176.4705882353,[[0.00021952]],86
4.0,2.508235294117647,71176.4705882353,[[0.00021952]],86
4.0,2.508235294117647,71176.4705882353,[[0.00021952]],86
4.0,2.508235294117647,71176.4705882353,[[0.00021952]],86
4.0,2.508235294117647,71176.4705882353,[[0.00021952]],86
4.0,2.508235294117647,71176.4705882353,[[0.00021952]],86
4.0,2.508235294117647,71176.4705882353,[[0.00021952]],86
4.0,2.508235294117647,71176.4705882353,[[0.00021952]],86
4.0,2.508235294117647,71176.4705882353,[[0.00021952]],86
4.0,2.508235294117647,71176.4705882353,[[0.00021952]],86
4.0,2.508235294117647,71176.4705882353,[[0.00021952]],86
4.0,2.508235294117647,71176.4705882353,[[0.00021952]],86
4.0,2.508235294117647,71176.4705882353,[[0.00021952]],86
4.0,2.508235294117647,71176.4705882353,[[0.00021952]],86
4.0,2.508235294117647,71176.4705882353,[[0.00021952]],86
4.0,2.508235294117647,71176.4705882353,[[0.00021952]],86
4.0,2.508235294117647,71176.4705882353,[[0.00021952]],86
4.0,2.508235294117647,71176.4705882353,[[0.00021952]],86
4.0,2.508235294117647,71176.4705882353,[[0.00021952]],86
4.0,2.508235294117647,71176.4705882353,[[0.00021952]],86
4.0,2.508235294117647,71176.4705882353,[[0.00021952]],86
4.0,2.508235294117647,71176.4705882353,[[0.00021952]],86
4.0,2.508235294117647,71176.4705882353,[[0.00021952]],86
4.0,2.508235294117647,71176.4705882353,[[0.00021952]],86
4.0,2.508235294117647,71176.4705882353,[[0.00021952]],86
4.0,2.508235294117647,71176.4705882353,[[0.00021952]],86
4.0,2.508235294117647,71176.4705882353,[[0.00021952]],86
4.0,2.508235294117647,71176.4705882353,[[0.00021952]],86
4.0,2.508235294117647,71176.4705882353,[[0.00021952]],86
4.0,2.508235294117647,71176.4705882353,[[0.00021952]],86
4.0,2.508235294117647,71176.4705882353,[[0.00021952]],86
4.0,2.508235294117647,71176.4705882353,[[0.00021952]],86
4.0,2.508235294117647,71176.4705882353,[[0.00021952]],86
5.254901960784314,2.490980392156863,71176.4705882353,[[0.03119538]],86
4.0,2.508235294117647,71176.4705882353,[[0.00021952]],86
4.0,2.508235294117647,71176.4705882353,[[0.00021952]],86
4.0,2.508235294117647,71176.4705882353,[[0.00021952]],86
4.0,2.508235294117647,71176.4705882353,[[0.00021952]],86
4.0,2.508235294117647,71176.4705882353,[[0.00021952]],86
4.0,2.508235294117647,71176.4705882353,[[0.00021952]],86
9.019607843137255,2.508235294117647,71176.4705882353,[[0.18469688]],87
4.0,2.508235294117647,71176.4705882353,[[0.00021952]],87
4.0,2.508235294117647,71176.4705882353,[[0.00021952]],87
4.0,2.508235294117647,71176.4705882353,[[0.00021952]],87
4.0,2.508235294117647,71176.4705882353,[[0.00021952]],87
4.0,2.508235294117647,71176.4705882353,[[0.00021952]],87
4.0,2.508235294117647,71176.4705882353,[[0.00021952]],87
4.0,2.508235294117647,71176.4705882353,[[0.00021952]],87
4.0,2.508235294117647,71176.4705882353,[[0.00021952]],87
4.078431372549019,2.508235294117647,71176.4705882353,[[0.0003193]],87
4.0,2.508235294117647,71176.4705882353,[[0.00021952]],87
4.0,2.508235294117647,71176.4705882353,[[0.00021952]],87
4.0,2.508235294117647,71176.4705882353,[[0.00021952]],87
4.0,2.508235294117647,71176.4705882353,[[0.00021952]],87
4.0,2.508235294117647,71176.4705882353,[[0.00021952]],87
4.0,2.508235294117647,71176.4705882353,[[0.00021952]],87
4.0,2.508235294117647,71176.4705882353,[[0.00021952]],87
4.0,2.508235294117647,71176.4705882353,[[0.00021952]],87
4.313725490196078,2.508235294117647,71176.4705882353,[[0.00159085]],87
6.509803921568627,2.577254901960784,72941.17647058824,[[0.06094003]],87
4.313725490196078,2.508235294117647,71176.4705882353,[[0.00159085]],87
4.0,2.508235294117647,71176.4705882353,[[0.00021952]],87
4.0,2.508235294117647,71176.4705882353,[[0.00021952]],87
4.0,2.508235294117647,71176.4705882353,[[0.00021952]],87
4.0,2.508235294117647,71176.4705882353,[[0.00021952]],87
4.0,2.508235294117647,71176.4705882353,[[0.00021952]],87
4.0,2.508235294117647,71176.4705882353,[[0.00021952]],87
4.0,2.508235294117647,71176.4705882353,[[0.00021952]],87
4.0,2.508235294117647,71176.4705882353,[[0.00021952]],87
4.0,2.508235294117647,71176.4705882353,[[0.00021952]],87
4.0,2.508235294117647,71176.4705882353,[[0.00021952]],87
4.0,2.508235294117647,71176.4705882353,[[0.00021952]],87
4.0,2.508235294117647,71176.4705882353,[[0.00021952]],87
4.0,2.508235294117647,71176.4705882353,[[0.00021952]],87
4.0,2.508235294117647,71176.4705882353,[[0.00021952]],87
4.0,2.508235294117647,71176.4705882353,[[0.00021952]],87
4.0,2.508235294117647,71176.4705882353,[[0.00021952]],87
4.0,2.508235294117647,71176.4705882353,[[0.00021952]],87
4.0,2.508235294117647,71176.4705882353,[[0.00021952]],87
4.0,2.508235294117647,71176.4705882353,[[0.00021952]],87
4.0,2.508235294117647,71176.4705882353,[[0.00021952]],87
4.0,2.508235294117647,71176.4705882353,[[0.00021952]],87
4.0,2.508235294117647,71176.4705882353,[[0.00021952]],87
4.392156862745098,2.508235294117647,71176.4705882353,[[0.00235814]],87
4.0,2.508235294117647,71176.4705882353,[[0.00021952]],87
4.0,2.508235294117647,71176.4705882353,[[0.00021952]],87
4.0,2.508235294117647,71176.4705882353,[[0.00021952]],87
4.0,2.508235294117647,71176.4705882353,[[0.00021952]],87
4.0,2.508235294117647,71176.4705882353,[[0.00021952]],87
4.0,2.508235294117647,71176.4705882353,[[0.00021952]],87
4.0,2.508235294117647,71176.4705882353,[[0.00021952]],87
4.0,2.508235294117647,71176.4705882353,[[0.00021952]],87
4.0,2.508235294117647,71176.4705882353,[[0.00021952]],87
4.0,2.508235294117647,71176.4705882353,[[0.00021952]],87
4.0,2.508235294117647,71176.4705882353,[[0.00021952]],87
4.0,2.508235294117647,71176.4705882353,[[0.00021952]],87
4.0,2.508235294117647,71176.4705882353,[[0.00021952]],87
4.0,2.508235294117647,71176.4705882353,[[0.00021952]],87
4.0,2.508235294117647,71176.4705882353,[[0.00021952]],87
4.0,2.508235294117647,71176.4705882353,[[0.00021952]],87
4.0,2.508235294117647,71176.4705882353,[[0.00021952]],87
4.0,2.508235294117647,71176.4705882353,[[0.00021952]],87
4.0,2.508235294117647,71176.4705882353,[[0.00021952]],87
4.0,2.508235294117647,71176.4705882353,[[0.00021952]],87
4.0,2.508235294117647,71176.4705882353,[[0.00021952]],87
4.0,2.508235294117647,71176.4705882353,[[0.00021952]],87
4.0,2.508235294117647,71176.4705882353,[[0.00021952]],87
4.0,2.508235294117647,71176.4705882353,[[0.00021952]],87
4.0,2.508235294117647,71176.4705882353,[[0.00021952]],87
4.0,2.508235294117647,71176.4705882353,[[0.00021952]],87
4.0,2.508235294117647,71176.4705882353,[[0.00021952]],87
4.0,2.508235294117647,71176.4705882353,[[0.00021952]],87
4.0,2.508235294117647,71176.4705882353,[[0.00021952]],87
4.0,2.508235294117647,71176.4705882353,[[0.00021952]],87
4.0,2.508235294117647,127647.05882352941,[[0.04877626]],87
4.0,2.508235294117647,71176.4705882353,[[0.00021952]],87
4.0,2.508235294117647,71176.4705882353,[[0.00021952]],87
4.0,2.508235294117647,71176.4705882353,[[0.00021952]],87
4.0,2.508235294117647,71176.4705882353,[[0.00021952]],87
4.0,2.508235294117647,71176.4705882353,[[0.00021952]],87
4.0,2.508235294117647,71176.4705882353,[[0.00021952]],87
4.0,2.508235294117647,71176.4705882353,[[0.00021952]],87
4.0,2.508235294117647,71176.4705882353,[[0.00021952]],87
4.0,1.956078431372549,71176.4705882353,[[0.05121097]],87
4.0,2.508235294117647,71176.4705882353,[[0.00021952]],87
4.0,2.508235294117647,184117.64705882352,[[0.16769036]],87
4.0,2.508235294117647,71176.4705882353,[[0.00021952]],87
4.0,2.508235294117647,71176.4705882353,[[0.00021952]],87
4.0,2.508235294117647,71176.4705882353,[[0.00021952]],87
4.0,2.508235294117647,71176.4705882353,[[0.00021952]],87
4.0,2.508235294117647,71176.4705882353,[[0.00021952]],87
4.0,2.508235294117647,71176.4705882353,[[0.00021952]],87
4.0,2.508235294117647,71176.4705882353,[[0.00021952]],87
4.0,2.508235294117647,71176.4705882353,[[0.00021952]],87
4.0,2.508235294117647,71176.4705882353,[[0.00021952]],87
7.137254901960784,2.508235294117647,71176.4705882353,[[0.10215237]],87
4.0,2.508235294117647,71176.4705882353,[[0.00021952]],88
14.03921568627451,2.508235294117647,71176.4705882353,[[0.30683421]],88
4.0,2.508235294117647,71176.4705882353,[[0.00021952]],88
4.0,2.508235294117647,71176.4705882353,[[0.00021952]],88
4.0,2.508235294117647,71176.4705882353,[[0.00021952]],88
4.0,2.508235294117647,71176.4705882353,[[0.00021952]],88
4.0,2.508235294117647,71176.4705882353,[[0.00021952]],88
4.0,2.4737254901960783,85294.11764705883,[[0.01001577]],88
4.0,2.508235294117647,71176.4705882353,[[0.00021952]],88
4.0,2.508235294117647,71176.4705882353,[[0.00021952]],88
4.1568627450980395,2.508235294117647,71176.4705882353,[[0.00057665]],88
4.0,2.508235294117647,71176.4705882353,[[0.00021952]],88
4.0,2.508235294117647,71176.4705882353,[[0.00021952]],88
4.0,2.508235294117647,71176.4705882353,[[0.00021952]],88
4.0,2.508235294117647,71176.4705882353,[[0.00021952]],88
4.0,2.508235294117647,71176.4705882353,[[0.00021952]],88
4.0,2.508235294117647,71176.4705882353,[[0.00021952]],88
4.0,2.508235294117647,71176.4705882353,[[0.00021952]],88
4.784313725490196,2.508235294117647,99411.76470588235,[[0.0336583]],88
4.0,2.508235294117647,71176.4705882353,[[0.00021952]],88
5.254901960784314,2.7843137254901964,71176.4705882353,[[0.00132907]],88
4.0,2.508235294117647,71176.4705882353,[[0.00021952]],88
4.0,2.508235294117647,71176.4705882353,[[0.00021952]],88
6.8235294117647065,2.508235294117647,71176.4705882353,[[0.08740535]],88
4.0,2.508235294117647,71176.4705882353,[[0.00021952]],88
4.0,2.508235294117647,71176.4705882353,[[0.00021952]],88
4.0,2.508235294117647,71176.4705882353,[[0.00021952]],88
5.254901960784314,2.508235294117647,71176.4705882353,[[0.02127087]],88
4.0,2.508235294117647,71176.4705882353,[[0.00021952]],88
14.03921568627451,2.490980392156863,57058.82352941176,[[0.30976687]],88
4.0,2.508235294117647,71176.4705882353,[[0.00021952]],88
4.0,2.508235294117647,297058.8235294118,[[0.52590939]],88
4.0,2.508235294117647,71176.4705882353,[[0.00021952]],88
4.0,2.508235294117647,71176.4705882353,[[0.00021952]],88
4.0,2.508235294117647,71176.4705882353,[[0.00021952]],88
4.0,2.508235294117647,71176.4705882353,[[0.00021952]],88
4.0,2.508235294117647,71176.4705882353,[[0.00021952]],88
4.0,2.508235294117647,127647.05882352941,[[0.04877626]],88
4.0,2.508235294117647,71176.4705882353,[[0.00021952]],88
4.0,2.508235294117647,71176.4705882353,[[0.00021952]],88
4.0,2.508235294117647,71176.4705882353,[[0.00021952]],88
4.0,2.7843137254901964,71176.4705882353,[[0.01762925]],88
4.0,2.508235294117647,71176.4705882353,[[0.00021952]],88
4.0,2.7152941176470593,71176.4705882353,[[0.00982268]],88
4.0,2.508235294117647,71176.4705882353,[[0.00021952]],88
4.0,2.508235294117647,71176.4705882353,[[0.00021952]],88
4.0,2.508235294117647,71176.4705882353,[[0.00021952]],88
4.0,2.508235294117647,71176.4705882353,[[0.00021952]],88
4.0,2.508235294117647,71176.4705882353,[[0.00021952]],88
4.0,2.508235294117647,71176.4705882353,[[0.00021952]],88
4.627450980392156,2.508235294117647,71176.4705882353,[[0.00550691]],88
4.1568627450980395,2.508235294117647,71176.4705882353,[[0.00057665]],88
4.0,2.508235294117647,71176.4705882353,[[0.00021952]],88
4.0,2.508235294117647,71176.4705882353,[[0.00021952]],88
4.0,2.508235294117647,71176.4705882353,[[0.00021952]],88
4.0,2.508235294117647,71176.4705882353,[[0.00021952]],88
4.0,2.508235294117647,71176.4705882353,[[0.00021952]],88
4.0,2.508235294117647,71176.4705882353,[[0.00021952]],88
4.0,2.508235294117647,71176.4705882353,[[0.00021952]],88
4.0,2.508235294117647,71176.4705882353,[[0.00021952]],88
4.0,2.508235294117647,71176.4705882353,[[0.00021952]],88
4.0,2.508235294117647,71176.4705882353,[[0.00021952]],88
4.0,1.956078431372549,127647.05882352941,[[0.15279851]],88
4.0,2.508235294117647,71176.4705882353,[[0.00021952]],88
4.0,2.508235294117647,71176.4705882353,[[0.00021952]],88
4.0,2.508235294117647,71176.4705882353,[[0.00021952]],88
4.0,2.508235294117647,71176.4705882353,[[0.00021952]],88
4.0,2.508235294117647,71176.4705882353,[[0.00021952]],88
4.0,2.508235294117647,71176.4705882353,[[0.00021952]],88
4.0,2.508235294117647,71176.4705882353,[[0.00021952]],88
4.0,2.508235294117647,71176.4705882353,[[0.00021952]],88
4.0,2.508235294117647,71176.4705882353,[[0.00021952]],88
4.313725490196078,2.508235294117647,71176.4705882353,[[0.00159085]],88
4.0,2.508235294117647,71176.4705882353,[[0.00021952]],88
4.0,2.508235294117647,71176.4705882353,[[0.00021952]],88
4.0,2.508235294117647,71176.4705882353,[[0.00021952]],88
4.0,2.508235294117647,71176.4705882353,[[0.00021952]],88
4.0,2.508235294117647,71176.4705882353,[[0.00021952]],88
4.0,2.508235294117647,71176.4705882353,[[0.00021952]],88
4.0,2.508235294117647,71176.4705882353,[[0.00021952]],88
4.0,2.508235294117647,71176.4705882353,[[0.00021952]],88
4.0,2.508235294117647,71176.4705882353,[[0.00021952]],88
4.0,2.508235294117647,71176.4705882353,[[0.00021952]],88
4.0,2.508235294117647,71176.4705882353,[[0.00021952]],88
4.0,2.508235294117647,71176.4705882353,[[0.00021952]],88
4.0,2.508235294117647,71176.4705882353,[[0.00021952]],88
4.0,2.508235294117647,71176.4705882353,[[0.00021952]],88
4.0,2.508235294117647,71176.4705882353,[[0.00021952]],88
4.0,2.508235294117647,71176.4705882353,[[0.00021952]],88
4.0,2.508235294117647,71176.4705882353,[[0.00021952]],88
4.0,2.508235294117647,71176.4705882353,[[0.00021952]],88
4.0,1.5419607843137255,99411.76470588235,[[0.2154621]],88
4.0,2.508235294117647,71176.4705882353,[[0.00021952]],88
4.0,2.508235294117647,71176.4705882353,[[0.00021952]],88
4.0,2.508235294117647,71176.4705882353,[[0.00021952]],88
4.0,2.508235294117647,71176.4705882353,[[0.00021952]],88
4.0,2.508235294117647,71176.4705882353,[[0.00021952]],89
4.0,2.508235294117647,71176.4705882353,[[0.00021952]],89
4.0,2.508235294117647,71176.4705882353,[[0.00021952]],89
4.0,2.508235294117647,71176.4705882353,[[0.00021952]],89
4.0,2.508235294117647,71176.4705882353,[[0.00021952]],89
4.0,2.508235294117647,71176.4705882353,[[0.00021952]],89
4.1568627450980395,2.508235294117647,71176.4705882353,[[0.00057665]],89
4.0,2.508235294117647,71176.4705882353,[[0.00021952]],89
4.0,2.508235294117647,71176.4705882353,[[0.00021952]],89
9.019607843137255,2.508235294117647,71176.4705882353,[[0.18469688]],89
4.0,2.508235294117647,71176.4705882353,[[0.00021952]],89
4.0,2.508235294117647,71176.4705882353,[[0.00021952]],89
4.0,2.508235294117647,71176.4705882353,[[0.00021952]],89
4.0,2.508235294117647,71176.4705882353,[[0.00021952]],89
4.0,2.577254901960784,99411.76470588235,[[0.00754496]],89
4.627450980392156,2.508235294117647,71176.4705882353,[[0.00550691]],89
4.0,2.508235294117647,71176.4705882353,[[0.00021952]],89
4.0,2.508235294117647,71176.4705882353,[[0.00021952]],89
4.0,2.508235294117647,71176.4705882353,[[0.00021952]],89
4.0,2.508235294117647,71176.4705882353,[[0.00021952]],89
4.0,2.508235294117647,71176.4705882353,[[0.00021952]],89
4.0,2.508235294117647,71176.4705882353,[[0.00021952]],89
5.254901960784314,2.7843137254901964,71176.4705882353,[[0.00132907]],89
6.509803921568627,2.508235294117647,71176.4705882353,[[0.07265647]],89
4.0,2.508235294117647,71176.4705882353,[[0.00021952]],89
4.1568627450980395,2.508235294117647,71176.4705882353,[[0.00057665]],89
4.0,2.508235294117647,71176.4705882353,[[0.00021952]],89
4.0,2.508235294117647,71176.4705882353,[[0.00021952]],89
4.0,2.508235294117647,71176.4705882353,[[0.00021952]],89
4.0,2.508235294117647,71176.4705882353,[[0.00021952]],89
4.0,2.508235294117647,71176.4705882353,[[0.00021952]],89
4.0,2.508235294117647,71176.4705882353,[[0.00021952]],89
4.0,2.818823529411765,71176.4705882353,[[0.02245089]],89
5.254901960784314,2.508235294117647,71176.4705882353,[[0.02127087]],89
4.0,2.7843137254901964,71176.4705882353,[[0.01762925]],89
4.0,2.508235294117647,184117.64705882352,[[0.16769036]],89
4.627450980392156,2.577254901960784,71176.4705882353,[[0.00205727]],89
4.0,2.508235294117647,71176.4705882353,[[0.00021952]],89
4.0,2.508235294117647,71176.4705882353,[[0.00021952]],89
4.0,2.508235294117647,71176.4705882353,[[0.00021952]],89
4.0,2.508235294117647,71176.4705882353,[[0.00021952]],89
4.0,2.508235294117647,71176.4705882353,[[0.00021952]],89
4.0,2.508235294117647,71176.4705882353,[[0.00021952]],89
4.0,2.508235294117647,71176.4705882353,[[0.00021952]],89
4.0,2.508235294117647,71176.4705882353,[[0.00021952]],89
4.0,2.508235294117647,71176.4705882353,[[0.00021952]],89
4.0,2.508235294117647,71176.4705882353,[[0.00021952]],89
4.0,2.508235294117647,71176.4705882353,[[0.00021952]],89
4.0,2.508235294117647,71176.4705882353,[[0.00021952]],89
4.0,2.508235294117647,71176.4705882353,[[0.00021952]],89
4.0,1.956078431372549,71176.4705882353,[[0.05121097]],89
6.509803921568627,2.508235294117647,297058.8235294118,[[0.42929539]],89
4.0,2.508235294117647,71176.4705882353,[[0.00021952]],89
4.0,2.508235294117647,71176.4705882353,[[0.00021952]],89
9.019607843137255,2.4737254901960783,71176.4705882353,[[0.2036804]],89
4.0,2.508235294117647,71176.4705882353,[[0.00021952]],89
4.0,2.508235294117647,71176.4705882353,[[0.00021952]],89
4.0,2.508235294117647,71176.4705882353,[[0.00021952]],89
4.0,2.508235294117647,71176.4705882353,[[0.00021952]],89
4.0,2.508235294117647,71176.4705882353,[[0.00021952]],89
4.0,2.508235294117647,71176.4705882353,[[0.00021952]],89
4.0,2.508235294117647,71176.4705882353,[[0.00021952]],89
4.0,2.508235294117647,71176.4705882353,[[0.00021952]],89
4.0,2.508235294117647,71176.4705882353,[[0.00021952]],89
4.0,2.508235294117647,74705.88235294117,[[0.00044978]],89
4.0,2.508235294117647,71176.4705882353,[[0.00021952]],89
6.509803921568627,1.4039215686274509,127647.05882352941,[[0.6038035]],89
4.0,2.508235294117647,71176.4705882353,[[0.00021952]],89
4.0,2.508235294117647,71176.4705882353,[[0.00021952]],89
4.0,2.508235294117647,71176.4705882353,[[0.00021952]],89
4.0,2.508235294117647,71176.4705882353,[[0.00021952]],89
4.0,2.508235294117647,71176.4705882353,[[0.00021952]],89
4.0,1.9647058823529413,99411.76470588235,[[0.09622877]],89
4.0,2.508235294117647,71176.4705882353,[[0.00021952]],89
4.0,2.508235294117647,71176.4705882353,[[0.00021952]],89
9.019607843137255,2.508235294117647,155882.35294117648,[[0.26274849]],89
4.0,2.508235294117647,71176.4705882353,[[0.00021952]],89
4.705882352941177,2.508235294117647,71176.4705882353,[[0.0069354]],89
4.0,2.508235294117647,71176.4705882353,[[0.00021952]],89
4.0,2.508235294117647,71176.4705882353,[[0.00021952]],89
4.0,2.508235294117647,71176.4705882353,[[0.00021952]],89
4.0,2.508235294117647,71176.4705882353,[[0.00021952]],89
4.0,2.508235294117647,71176.4705882353,[[0.00021952]],89
4.0,2.508235294117647,71176.4705882353,[[0.00021952]],89
4.0,2.508235294117647,71176.4705882353,[[0.00021952]],89
4.0,2.508235294117647,71176.4705882353,[[0.00021952]],89
4.0,2.508235294117647,71176.4705882353,[[0.00021952]],89
4.0,2.508235294117647,71176.4705882353,[[0.00021952]],89
4.0,2.508235294117647,71176.4705882353,[[0.00021952]],89
4.0,2.508235294117647,71176.4705882353,[[0.00021952]],89
4.0,2.508235294117647,71176.4705882353,[[0.00021952]],89
4.0,2.508235294117647,71176.4705882353,[[0.00021952]],89
4.0,2.508235294117647,127647.05882352941,[[0.04877626]],89
4.0,2.508235294117647,71176.4705882353,[[0.00021952]],89
4.0,2.508235294117647,71176.4705882353,[[0.00021952]],89
4.0,2.0941176470588236,184117.64705882352,[[0.27065468]],89
6.509803921568627,2.508235294117647,71176.4705882353,[[0.07265647]],90
4.0,2.508235294117647,71176.4705882353,[[0.00021952]],90
4.0,2.508235294117647,71176.4705882353,[[0.00021952]],90
4.1568627450980395,2.508235294117647,71176.4705882353,[[0.00057665]],90
4.0,2.508235294117647,71176.4705882353,[[0.00021952]],90
4.627450980392156,2.508235294117647,71176.4705882353,[[0.00550691]],90
4.0,2.508235294117647,71176.4705882353,[[0.00021952]],90
4.0,2.508235294117647,71176.4705882353,[[0.00021952]],90
4.0,2.508235294117647,71176.4705882353,[[0.00021952]],90
4.0,2.508235294117647,71176.4705882353,[[0.00021952]],90
4.0,2.508235294117647,127647.05882352941,[[0.04877626]],90
4.0,2.508235294117647,71176.4705882353,[[0.00021952]],90
4.1568627450980395,2.508235294117647,71176.4705882353,[[0.00057665]],90
4.0,2.508235294117647,71176.4705882353,[[0.00021952]],90
4.0,2.508235294117647,71176.4705882353,[[0.00021952]],90
4.0,2.508235294117647,184117.64705882352,[[0.16769036]],90
4.0,2.508235294117647,71176.4705882353,[[0.00021952]],90
4.0,2.508235294117647,71176.4705882353,[[0.00021952]],90
4.0,2.508235294117647,71176.4705882353,[[0.00021952]],90
4.0,2.508235294117647,71176.4705882353,[[0.00021952]],90
4.0,2.6462745098039218,74705.88235294117,[[0.00263312]],90
4.0,2.508235294117647,71176.4705882353,[[0.00021952]],90
4.0,2.508235294117647,71176.4705882353,[[0.00021952]],90
4.0,2.508235294117647,71176.4705882353,[[0.00021952]],90
4.0,2.508235294117647,71176.4705882353,[[0.00021952]],90
4.0,2.508235294117647,71176.4705882353,[[0.00021952]],90
4.0,2.508235294117647,71176.4705882353,[[0.00021952]],90
4.0,2.508235294117647,71176.4705882353,[[0.00021952]],90
4.0,2.508235294117647,71176.4705882353,[[0.00021952]],90
4.0,2.508235294117647,71176.4705882353,[[0.00021952]],90
4.0,2.508235294117647,71176.4705882353,[[0.00021952]],90
4.0,2.508235294117647,71176.4705882353,[[0.00021952]],90
4.0,2.508235294117647,71176.4705882353,[[0.00021952]],90
4.0,2.508235294117647,71176.4705882353,[[0.00021952]],90
4.0,2.508235294117647,71176.4705882353,[[0.00021952]],90
4.0,2.508235294117647,71176.4705882353,[[0.00021952]],90
4.0,2.490980392156863,71176.4705882353,[[0.00151013]],90
4.0,2.508235294117647,71176.4705882353,[[0.00021952]],90
5.254901960784314,2.508235294117647,71176.4705882353,[[0.02127087]],90
4.0,2.508235294117647,71176.4705882353,[[0.00021952]],90
7.921568627450981,2.508235294117647,71176.4705882353,[[0.13849294]],90
4.0,2.508235294117647,71176.4705882353,[[0.00021952]],90
4.0,2.508235294117647,71176.4705882353,[[0.00021952]],90
4.0,2.508235294117647,71176.4705882353,[[0.00021952]],90
4.0,2.508235294117647,71176.4705882353,[[0.00021952]],90
4.0,2.508235294117647,71176.4705882353,[[0.00021952]],90
4.0,2.508235294117647,71176.4705882353,[[0.00021952]],90
4.0,2.508235294117647,71176.4705882353,[[0.00021952]],90
4.0,2.508235294117647,71176.4705882353,[[0.00021952]],90
4.0,2.508235294117647,71176.4705882353,[[0.00021952]],90
9.019607843137255,2.577254901960784,71176.4705882353,[[0.16711724]],90
4.0,2.508235294117647,71176.4705882353,[[0.00021952]],90
4.0,2.508235294117647,71176.4705882353,[[0.00021952]],90
4.0,2.4737254901960783,71176.4705882353,[[0.00208655]],90
4.0,2.508235294117647,71176.4705882353,[[0.00021952]],90
4.0,2.508235294117647,71176.4705882353,[[0.00021952]],90
4.0,2.508235294117647,71176.4705882353,[[0.00021952]],90
4.0,2.508235294117647,71176.4705882353,[[0.00021952]],90
4.0,2.508235294117647,71176.4705882353,[[0.00021952]],90
4.0,2.508235294117647,71176.4705882353,[[0.00021952]],90
4.0,2.508235294117647,71176.4705882353,[[0.00021952]],90
4.0,2.508235294117647,71176.4705882353,[[0.00021952]],90
4.0,2.508235294117647,71176.4705882353,[[0.00021952]],90
4.0,2.508235294117647,71176.4705882353,[[0.00021952]],90
4.0,2.508235294117647,71176.4705882353,[[0.00021952]],90
4.078431372549019,2.508235294117647,127647.05882352941,[[0.05090353]],90
4.0,2.508235294117647,71176.4705882353,[[0.00021952]],90
14.03921568627451,2.4564705882352946,71176.4705882353,[[0.32352336]],90
4.0,2.508235294117647,71176.4705882353,[[0.00021952]],90
4.0,2.508235294117647,71176.4705882353,[[0.00021952]],90
4.0,2.508235294117647,71176.4705882353,[[0.00021952]],90
4.0,2.508235294117647,71176.4705882353,[[0.00021952]],90
4.0,2.508235294117647,71176.4705882353,[[0.00021952]],90
4.0,2.508235294117647,71176.4705882353,[[0.00021952]],90
4.0,2.4737254901960783,71176.4705882353,[[0.00208655]],90
4.0,2.508235294117647,71176.4705882353,[[0.00021952]],90
4.0,2.508235294117647,71176.4705882353,[[0.00021952]],90
4.0,2.508235294117647,71176.4705882353,[[0.00021952]],90
4.0,2.508235294117647,71176.4705882353,[[0.00021952]],90
4.0,2.508235294117647,71176.4705882353,[[0.00021952]],90
4.0,2.508235294117647,71176.4705882353,[[0.00021952]],90
4.0,2.508235294117647,71176.4705882353,[[0.00021952]],90
4.0,2.508235294117647,71176.4705882353,[[0.00021952]],90
4.0,2.508235294117647,71176.4705882353,[[0.00021952]],90
4.1568627450980395,2.508235294117647,71176.4705882353,[[0.00057665]],90
4.0,2.508235294117647,71176.4705882353,[[0.00021952]],90
4.0,1.4039215686274509,71176.4705882353,[[0.19607654]],90
4.0,2.508235294117647,71176.4705882353,[[0.00021952]],90
4.0,2.508235294117647,71176.4705882353,[[0.00021952]],90
4.0,2.508235294117647,71176.4705882353,[[0.00021952]],90
4.0,2.7843137254901964,71176.4705882353,[[0.01762925]],90
5.254901960784314,2.508235294117647,71176.4705882353,[[0.02127087]],90
4.0,2.508235294117647,71176.4705882353,[[0.00021952]],90
4.0,2.508235294117647,71176.4705882353,[[0.00021952]],90
4.0,2.508235294117647,71176.4705882353,[[0.00021952]],90
4.0,2.818823529411765,71176.4705882353,[[0.02245089]],90
6.509803921568627,2.508235294117647,71176.4705882353,[[0.07265647]],91
4.0,2.508235294117647,240588.23529411765,[[0.3315636]],91
4.0,2.577254901960784,71176.4705882353,[[0.00123789]],91
4.0,2.508235294117647,71176.4705882353,[[0.00021952]],91
4.0,2.508235294117647,71176.4705882353,[[0.00021952]],91
4.0,2.508235294117647,71176.4705882353,[[0.00021952]],91
4.549019607843137,2.508235294117647,71176.4705882353,[[0.00441675]],91
4.0,2.508235294117647,71176.4705882353,[[0.00021952]],91
4.0,2.508235294117647,71176.4705882353,[[0.00021952]],91
5.254901960784314,2.508235294117647,71176.4705882353,[[0.02127087]],91
4.0,2.508235294117647,71176.4705882353,[[0.00021952]],91
4.0,2.508235294117647,71176.4705882353,[[0.00021952]],91
4.0,2.508235294117647,71176.4705882353,[[0.00021952]],91
4.0,2.508235294117647,71176.4705882353,[[0.00021952]],91
4.0,2.508235294117647,71176.4705882353,[[0.00021952]],91
4.0,2.508235294117647,71176.4705882353,[[0.00021952]],91
4.0,2.6462745098039218,71176.4705882353,[[0.00439731]],91
4.0,2.508235294117647,71176.4705882353,[[0.00021952]],91
4.0,1.4039215686274509,71176.4705882353,[[0.19607654]],91
4.0,2.508235294117647,71176.4705882353,[[0.00021952]],91
4.0,1.3866666666666667,71176.4705882353,[[0.20292003]],91
4.0,2.508235294117647,71176.4705882353,[[0.00021952]],91
4.0,2.508235294117647,71176.4705882353,[[0.00021952]],91
4.0,2.508235294117647,71176.4705882353,[[0.00021952]],91
4.0,2.508235294117647,71176.4705882353,[[0.00021952]],91
4.0,2.508235294117647,71176.4705882353,[[0.00021952]],91
4.0,2.508235294117647,71176.4705882353,[[0.00021952]],91
4.0,2.508235294117647,71176.4705882353,[[0.00021952]],91
4.0,2.508235294117647,71176.4705882353,[[0.00021952]],91
4.1568627450980395,2.508235294117647,71176.4705882353,[[0.00057665]],91
14.03921568627451,2.490980392156863,71176.4705882353,[[0.31557877]],91
4.0,2.508235294117647,71176.4705882353,[[0.00021952]],91
4.0,2.508235294117647,71176.4705882353,[[0.00021952]],91
4.0,2.508235294117647,71176.4705882353,[[0.00021952]],91
4.0,2.508235294117647,99411.76470588235,[[0.01343285]],91
4.1568627450980395,2.508235294117647,71176.4705882353,[[0.00057665]],91
4.0,2.508235294117647,71176.4705882353,[[0.00021952]],91
4.0,2.508235294117647,71176.4705882353,[[0.00021952]],91
4.0,2.508235294117647,71176.4705882353,[[0.00021952]],91
4.0,2.508235294117647,71176.4705882353,[[0.00021952]],91
4.0,2.508235294117647,71176.4705882353,[[0.00021952]],91
4.0,2.508235294117647,71176.4705882353,[[0.00021952]],91
4.0,2.508235294117647,71176.4705882353,[[0.00021952]],91
4.0,2.508235294117647,71176.4705882353,[[0.00021952]],91
4.0,2.508235294117647,71176.4705882353,[[0.00021952]],91
4.0,2.508235294117647,71176.4705882353,[[0.00021952]],91
4.0,2.508235294117647,71176.4705882353,[[0.00021952]],91
4.0,2.508235294117647,71176.4705882353,[[0.00021952]],91
4.0,2.508235294117647,71176.4705882353,[[0.00021952]],91
4.0,2.508235294117647,71176.4705882353,[[0.00021952]],91
4.0,2.508235294117647,71176.4705882353,[[0.00021952]],91
4.1568627450980395,2.508235294117647,71176.4705882353,[[0.00057665]],91
4.0,2.508235294117647,71176.4705882353,[[0.00021952]],91
4.0,2.508235294117647,71176.4705882353,[[0.00021952]],91
4.0,2.508235294117647,71176.4705882353,[[0.00021952]],91
4.0,2.508235294117647,71176.4705882353,[[0.00021952]],91
4.0,2.508235294117647,71176.4705882353,[[0.00021952]],91
4.0,2.508235294117647,71176.4705882353,[[0.00021952]],91
4.0,2.508235294117647,71176.4705882353,[[0.00021952]],91
4.0,2.508235294117647,71176.4705882353,[[0.00021952]],91
6.509803921568627,2.508235294117647,71176.4705882353,[[0.07265647]],91
4.0,2.508235294117647,71176.4705882353,[[0.00021952]],91
4.0,2.508235294117647,71176.4705882353,[[0.00021952]],91
4.0,2.508235294117647,71176.4705882353,[[0.00021952]],91
4.0,2.508235294117647,71176.4705882353,[[0.00021952]],91
4.0,2.508235294117647,71176.4705882353,[[0.00021952]],91
4.0,2.508235294117647,71176.4705882353,[[0.00021952]],91
4.0,2.508235294117647,71176.4705882353,[[0.00021952]],91
4.0,2.508235294117647,71176.4705882353,[[0.00021952]],91
4.0,2.508235294117647,71176.4705882353,[[0.00021952]],91
4.0,2.508235294117647,71176.4705882353,[[0.00021952]],91
4.0,2.508235294117647,71176.4705882353,[[0.00021952]],91
4.0,2.508235294117647,71176.4705882353,[[0.00021952]],91
4.0,2.508235294117647,71176.4705882353,[[0.00021952]],91
4.0,2.508235294117647,74705.88235294117,[[0.00044978]],91
4.0,2.6462745098039218,71176.4705882353,[[0.00439731]],91
4.0,2.490980392156863,71176.4705882353,[[0.00151013]],91
4.0,2.508235294117647,71176.4705882353,[[0.00021952]],91
4.0,2.508235294117647,71176.4705882353,[[0.00021952]],91
4.0,2.508235294117647,71176.4705882353,[[0.00021952]],91
4.0,2.508235294117647,71176.4705882353,[[0.00021952]],91
4.0,2.508235294117647,71176.4705882353,[[0.00021952]],91
4.0,2.508235294117647,71176.4705882353,[[0.00021952]],91
4.0,2.508235294117647,71176.4705882353,[[0.00021952]],91
4.0,2.508235294117647,71176.4705882353,[[0.00021952]],91
4.0,2.508235294117647,71176.4705882353,[[0.00021952]],91
4.0,2.508235294117647,71176.4705882353,[[0.00021952]],91
4.0,2.508235294117647,71176.4705882353,[[0.00021952]],91
4.0,2.508235294117647,71176.4705882353,[[0.00021952]],91
4.0,2.508235294117647,71176.4705882353,[[0.00021952]],91
4.0,2.508235294117647,71176.4705882353,[[0.00021952]],91
4.0,2.508235294117647,71176.4705882353,[[0.00021952]],91
4.0,2.508235294117647,71176.4705882353,[[0.00021952]],91
4.313725490196078,2.508235294117647,71176.4705882353,[[0.00159085]],91
4.0,2.508235294117647,71176.4705882353,[[0.00021952]],91
4.0,2.508235294117647,71176.4705882353,[[0.00021952]],91
4.0,2.508235294117647,71176.4705882353,[[0.00021952]],92
4.0,2.508235294117647,71176.4705882353,[[0.00021952]],92
4.0,2.508235294117647,99411.76470588235,[[0.01343285]],92
4.0,2.508235294117647,71176.4705882353,[[0.00021952]],92
4.0,2.508235294117647,71176.4705882353,[[0.00021952]],92
4.0,2.508235294117647,71176.4705882353,[[0.00021952]],92
4.0,2.508235294117647,71176.4705882353,[[0.00021952]],92
4.0,2.508235294117647,71176.4705882353,[[0.00021952]],92
4.0,2.508235294117647,127647.05882352941,[[0.04877626]],92
4.0,2.508235294117647,71176.4705882353,[[0.00021952]],92
4.0,2.508235294117647,71176.4705882353,[[0.00021952]],92
4.0,2.508235294117647,300588.23529411765,[[0.53884515]],92
4.0,2.508235294117647,71176.4705882353,[[0.00021952]],92
4.0,2.508235294117647,71176.4705882353,[[0.00021952]],92
4.0,2.508235294117647,71176.4705882353,[[0.00021952]],92
4.0,2.508235294117647,71176.4705882353,[[0.00021952]],92
4.0,2.508235294117647,71176.4705882353,[[0.00021952]],92
4.0,2.508235294117647,71176.4705882353,[[0.00021952]],92
4.0,2.508235294117647,184117.64705882352,[[0.16769036]],92
4.0,1.3866666666666667,71176.4705882353,[[0.20292003]],92
4.0,2.508235294117647,71176.4705882353,[[0.00021952]],92
4.0,2.508235294117647,71176.4705882353,[[0.00021952]],92
4.0,2.508235294117647,71176.4705882353,[[0.00021952]],92
4.0,2.508235294117647,71176.4705882353,[[0.00021952]],92
4.0,2.508235294117647,71176.4705882353,[[0.00021952]],92
4.0,2.508235294117647,71176.4705882353,[[0.00021952]],92
4.0,2.508235294117647,71176.4705882353,[[0.00021952]],92
6.509803921568627,2.508235294117647,120588.23529411765,[[0.13222084]],92
4.0,2.508235294117647,71176.4705882353,[[0.00021952]],92
4.0,2.508235294117647,71176.4705882353,[[0.00021952]],92
4.0,2.508235294117647,71176.4705882353,[[0.00021952]],92
4.0,2.508235294117647,71176.4705882353,[[0.00021952]],92
4.0,2.508235294117647,71176.4705882353,[[0.00021952]],92
4.0,2.508235294117647,71176.4705882353,[[0.00021952]],92
4.0,2.508235294117647,71176.4705882353,[[0.00021952]],92
4.0,2.508235294117647,71176.4705882353,[[0.00021952]],92
4.313725490196078,2.577254901960784,72941.17647058824,[[0.00044534]],92
4.0,2.56,71176.4705882353,[[0.00078808]],92
4.0,2.508235294117647,71176.4705882353,[[0.00021952]],92
4.0,2.508235294117647,71176.4705882353,[[0.00021952]],92
4.0,2.508235294117647,71176.4705882353,[[0.00021952]],92
4.0,2.508235294117647,71176.4705882353,[[0.00021952]],92
4.0,2.508235294117647,71176.4705882353,[[0.00021952]],92
4.0,2.508235294117647,71176.4705882353,[[0.00021952]],92
4.0,2.508235294117647,71176.4705882353,[[0.00021952]],92
4.0,2.508235294117647,71176.4705882353,[[0.00021952]],92
4.0,2.508235294117647,71176.4705882353,[[0.00021952]],92
4.0,2.508235294117647,99411.76470588235,[[0.01343285]],92
4.0,2.508235294117647,71176.4705882353,[[0.00021952]],92
4.0,2.508235294117647,71176.4705882353,[[0.00021952]],92
4.0,2.508235294117647,71176.4705882353,[[0.00021952]],92
4.0,2.508235294117647,71176.4705882353,[[0.00021952]],92
4.0,2.508235294117647,71176.4705882353,[[0.00021952]],92
4.0,2.508235294117647,71176.4705882353,[[0.00021952]],92
4.0,2.508235294117647,71176.4705882353,[[0.00021952]],92
4.0,2.508235294117647,71176.4705882353,[[0.00021952]],92
6.509803921568627,2.508235294117647,71176.4705882353,[[0.07265647]],92
4.0,2.508235294117647,71176.4705882353,[[0.00021952]],92
4.0,2.508235294117647,71176.4705882353,[[0.00021952]],92
4.0,2.508235294117647,71176.4705882353,[[0.00021952]],92
4.0,2.4996078431372553,64117.64705882353,[[0.00024507]],92
4.0,2.508235294117647,71176.4705882353,[[0.00021952]],92
14.117647058823529,2.490980392156863,71176.4705882353,[[0.31649771]],92
4.0,2.508235294117647,71176.4705882353,[[0.00021952]],92
4.0,2.508235294117647,71176.4705882353,[[0.00021952]],92
4.0,2.508235294117647,71176.4705882353,[[0.00021952]],92
4.0,2.508235294117647,71176.4705882353,[[0.00021952]],92
4.1568627450980395,2.508235294117647,127647.05882352941,[[0.05310281]],92
4.0,2.508235294117647,71176.4705882353,[[0.00021952]],92
4.0,2.508235294117647,71176.4705882353,[[0.00021952]],92
4.0,0.851764705882353,71176.4705882353,[[0.51062155]],92
4.0,2.508235294117647,71176.4705882353,[[0.00021952]],92
4.0,2.577254901960784,71176.4705882353,[[0.00123789]],92
4.0,2.508235294117647,71176.4705882353,[[0.00021952]],92
4.0,2.577254901960784,184117.64705882352,[[0.1494294]],92
4.0,2.508235294117647,71176.4705882353,[[0.00021952]],92
4.0,2.6462745098039218,74705.88235294117,[[0.00263312]],92
4.0,2.508235294117647,71176.4705882353,[[0.00021952]],92
4.0,2.508235294117647,71176.4705882353,[[0.00021952]],92
4.0,2.508235294117647,71176.4705882353,[[0.00021952]],92
4.0,2.508235294117647,71176.4705882353,[[0.00021952]],92
4.0,2.508235294117647,71176.4705882353,[[0.00021952]],92
4.0,2.508235294117647,71176.4705882353,[[0.00021952]],92
6.509803921568627,2.508235294117647,71176.4705882353,[[0.07265647]],92
4.0,2.508235294117647,71176.4705882353,[[0.00021952]],92
4.0,2.508235294117647,71176.4705882353,[[0.00021952]],92
4.627450980392156,2.577254901960784,71176.4705882353,[[0.00205727]],92
4.0,2.508235294117647,71176.4705882353,[[0.00021952]],92
4.0,2.508235294117647,71176.4705882353,[[0.00021952]],92
4.0,2.508235294117647,71176.4705882353,[[0.00021952]],92
4.313725490196078,2.508235294117647,71176.4705882353,[[0.00159085]],92
4.0,2.508235294117647,71176.4705882353,[[0.00021952]],92
4.0,2.508235294117647,71176.4705882353,[[0.00021952]],92
4.784313725490196,2.508235294117647,185882.35294117648,[[0.1867798]],92
4.0,2.508235294117647,71176.4705882353,[[0.00021952]],92
4.0,2.508235294117647,71176.4705882353,[[0.00021952]],92
4.0,2.508235294117647,71176.4705882353,[[0.00021952]],93
4.0,2.508235294117647,71176.4705882353,[[0.00021952]],93
4.0,2.508235294117647,71176.4705882353,[[0.00021952]],93
4.627450980392156,2.508235294117647,71176.4705882353,[[0.00550691]],93
4.0,2.508235294117647,71176.4705882353,[[0.00021952]],93
4.0,2.508235294117647,71176.4705882353,[[0.00021952]],93
4.0,2.508235294117647,71176.4705882353,[[0.00021952]],93
4.0,2.508235294117647,71176.4705882353,[[0.00021952]],93
4.0,2.508235294117647,71176.4705882353,[[0.00021952]],93
4.0,2.508235294117647,71176.4705882353,[[0.00021952]],93
4.0,2.490980392156863,64117.64705882353,[[0.00027943]],93
4.0,2.508235294117647,71176.4705882353,[[0.00021952]],93
4.313725490196078,2.7843137254901964,71176.4705882353,[[0.00906361]],93
4.0,2.508235294117647,71176.4705882353,[[0.00021952]],93
4.0,2.508235294117647,71176.4705882353,[[0.00021952]],93
4.0,2.508235294117647,71176.4705882353,[[0.00021952]],93
4.0,2.508235294117647,71176.4705882353,[[0.00021952]],93
4.0,2.508235294117647,71176.4705882353,[[0.00021952]],93
4.0,2.508235294117647,71176.4705882353,[[0.00021952]],93
4.0,2.508235294117647,71176.4705882353,[[0.00021952]],93
4.0,2.508235294117647,71176.4705882353,[[0.00021952]],93
4.0,2.508235294117647,71176.4705882353,[[0.00021952]],93
4.0,2.508235294117647,71176.4705882353,[[0.00021952]],93
4.0,2.508235294117647,71176.4705882353,[[0.00021952]],93
4.0,2.508235294117647,71176.4705882353,[[0.00021952]],93
4.0,2.508235294117647,71176.4705882353,[[0.00021952]],93
4.0,1.4039215686274509,184117.64705882352,[[0.53789836]],93
4.0,2.508235294117647,71176.4705882353,[[0.00021952]],93
4.0,2.508235294117647,71176.4705882353,[[0.00021952]],93
4.0,2.508235294117647,71176.4705882353,[[0.00021952]],93
4.313725490196078,2.6462745098039218,71176.4705882353,[[0.00110555]],93
4.0,2.508235294117647,71176.4705882353,[[0.00021952]],93
4.0,2.508235294117647,71176.4705882353,[[0.00021952]],93
4.0,2.508235294117647,71176.4705882353,[[0.00021952]],93
4.0,2.577254901960784,74705.88235294117,[[0.00050288]],93
4.0,2.6462745098039218,71176.4705882353,[[0.00439731]],93
4.0,2.508235294117647,71176.4705882353,[[0.00021952]],93
9.019607843137255,2.508235294117647,71176.4705882353,[[0.18469688]],93
4.0,2.508235294117647,71176.4705882353,[[0.00021952]],93
4.0,2.508235294117647,71176.4705882353,[[0.00021952]],93
4.0,2.508235294117647,71176.4705882353,[[0.00021952]],93
4.0,2.508235294117647,71176.4705882353,[[0.00021952]],93
4.0,2.508235294117647,57058.82352941176,[[0.00396152]],93
4.0,2.508235294117647,71176.4705882353,[[0.00021952]],93
4.0,2.508235294117647,71176.4705882353,[[0.00021952]],93
4.0,2.508235294117647,71176.4705882353,[[0.00021952]],93
4.0,2.508235294117647,71176.4705882353,[[0.00021952]],93
4.0,2.508235294117647,71176.4705882353,[[0.00021952]],93
4.0,2.508235294117647,71176.4705882353,[[0.00021952]],93
4.0,2.508235294117647,71176.4705882353,[[0.00021952]],93
4.0,2.508235294117647,71176.4705882353,[[0.00021952]],93
4.0,2.508235294117647,71176.4705882353,[[0.00021952]],93
4.0,2.508235294117647,71176.4705882353,[[0.00021952]],93
4.0,2.508235294117647,71176.4705882353,[[0.00021952]],93
4.0,2.508235294117647,71176.4705882353,[[0.00021952]],93
4.0,2.508235294117647,71176.4705882353,[[0.00021952]],93
4.0,2.508235294117647,71176.4705882353,[[0.00021952]],93
4.0,2.508235294117647,71176.4705882353,[[0.00021952]],93
4.0,2.508235294117647,71176.4705882353,[[0.00021952]],93
4.0,2.508235294117647,71176.4705882353,[[0.00021952]],93
4.627450980392156,2.508235294117647,71176.4705882353,[[0.00550691]],93
4.0,2.508235294117647,57058.82352941176,[[0.00396152]],93
4.0,2.508235294117647,71176.4705882353,[[0.00021952]],93
4.0,2.508235294117647,71176.4705882353,[[0.00021952]],93
4.0,2.508235294117647,71176.4705882353,[[0.00021952]],93
4.0,2.508235294117647,71176.4705882353,[[0.00021952]],93
4.0,2.508235294117647,71176.4705882353,[[0.00021952]],93
4.0,2.508235294117647,71176.4705882353,[[0.00021952]],93
4.0,2.508235294117647,71176.4705882353,[[0.00021952]],93
4.0,2.508235294117647,71176.4705882353,[[0.00021952]],93
4.0,2.508235294117647,71176.4705882353,[[0.00021952]],93
4.0,2.508235294117647,71176.4705882353,[[0.00021952]],93
4.0,2.508235294117647,71176.4705882353,[[0.00021952]],93
4.0,2.508235294117647,71176.4705882353,[[0.00021952]],93
4.0,2.508235294117647,71176.4705882353,[[0.00021952]],93
4.078431372549019,2.2321568627450983,71176.4705882353,[[0.02228986]],93
4.0,2.508235294117647,71176.4705882353,[[0.00021952]],93
4.0,2.508235294117647,71176.4705882353,[[0.00021952]],93
4.0,2.508235294117647,71176.4705882353,[[0.00021952]],93
4.0,2.508235294117647,71176.4705882353,[[0.00021952]],93
4.0,2.508235294117647,71176.4705882353,[[0.00021952]],93
4.0,2.508235294117647,71176.4705882353,[[0.00021952]],93
4.078431372549019,2.508235294117647,71176.4705882353,[[0.0003193]],93
4.0,2.508235294117647,71176.4705882353,[[0.00021952]],93
4.0,2.508235294117647,71176.4705882353,[[0.00021952]],93
4.0,2.508235294117647,71176.4705882353,[[0.00021952]],93
4.0,2.508235294117647,71176.4705882353,[[0.00021952]],93
4.0,2.508235294117647,71176.4705882353,[[0.00021952]],93
4.0,2.508235294117647,99411.76470588235,[[0.01343285]],93
4.0,2.508235294117647,71176.4705882353,[[0.00021952]],93
4.0,2.508235294117647,99411.76470588235,[[0.01343285]],93
4.0,2.508235294117647,71176.4705882353,[[0.00021952]],93
4.0,2.508235294117647,71176.4705882353,[[0.00021952]],93
4.0,2.508235294117647,71176.4705882353,[[0.00021952]],93
4.0,2.508235294117647,71176.4705882353,[[0.00021952]],93
4.0,2.508235294117647,71176.4705882353,[[0.00021952]],93
4.0,2.508235294117647,71176.4705882353,[[0.00021952]],94
4.0,2.508235294117647,71176.4705882353,[[0.00021952]],94
4.0,2.508235294117647,71176.4705882353,[[0.00021952]],94
4.0,2.508235294117647,71176.4705882353,[[0.00021952]],94
4.0,2.508235294117647,71176.4705882353,[[0.00021952]],94
4.0,2.508235294117647,71176.4705882353,[[0.00021952]],94
4.0,2.508235294117647,71176.4705882353,[[0.00021952]],94
4.0,2.508235294117647,71176.4705882353,[[0.00021952]],94
4.627450980392156,2.508235294117647,71176.4705882353,[[0.00550691]],94
4.0,2.508235294117647,71176.4705882353,[[0.00021952]],94
4.0,2.508235294117647,71176.4705882353,[[0.00021952]],94
4.0,2.508235294117647,71176.4705882353,[[0.00021952]],94
4.0,2.4737254901960783,72941.17647058824,[[0.00275037]],94
4.0,2.508235294117647,71176.4705882353,[[0.00021952]],94
4.0,2.508235294117647,71176.4705882353,[[0.00021952]],94
4.0,2.508235294117647,71176.4705882353,[[0.00021952]],94
4.0,2.508235294117647,71176.4705882353,[[0.00021952]],94
5.254901960784314,2.508235294117647,57058.82352941176,[[0.01099517]],94
4.0,2.508235294117647,71176.4705882353,[[0.00021952]],94
4.0,2.508235294117647,71176.4705882353,[[0.00021952]],94
4.0,2.508235294117647,71176.4705882353,[[0.00021952]],94
4.0,2.508235294117647,71176.4705882353,[[0.00021952]],94
4.0,2.508235294117647,71176.4705882353,[[0.00021952]],94
4.0,2.508235294117647,71176.4705882353,[[0.00021952]],94
4.0,2.508235294117647,71176.4705882353,[[0.00021952]],94
4.0,2.508235294117647,71176.4705882353,[[0.00021952]],94
4.0,2.508235294117647,71176.4705882353,[[0.00021952]],94
4.0,2.5858823529411765,71176.4705882353,[[0.00151286]],94
4.0,2.508235294117647,71176.4705882353,[[0.00021952]],94
4.0,2.508235294117647,71176.4705882353,[[0.00021952]],94
4.0,2.508235294117647,71176.4705882353,[[0.00021952]],94
4.0,2.508235294117647,71176.4705882353,[[0.00021952]],94
4.0,2.508235294117647,71176.4705882353,[[0.00021952]],94
4.0,2.508235294117647,71176.4705882353,[[0.00021952]],94
4.0,2.508235294117647,71176.4705882353,[[0.00021952]],94
4.0,2.508235294117647,71176.4705882353,[[0.00021952]],94
4.0,2.508235294117647,71176.4705882353,[[0.00021952]],94
4.0,2.508235294117647,71176.4705882353,[[0.00021952]],94
4.0,2.508235294117647,71176.4705882353,[[0.00021952]],94
4.0,2.508235294117647,71176.4705882353,[[0.00021952]],94
4.0,2.508235294117647,71176.4705882353,[[0.00021952]],94
4.0,2.508235294117647,71176.4705882353,[[0.00021952]],94
4.0,2.508235294117647,71176.4705882353,[[0.00021952]],94
5.254901960784314,2.508235294117647,71176.4705882353,[[0.02127087]],94
4.0,2.508235294117647,71176.4705882353,[[0.00021952]],94
4.0,2.508235294117647,71176.4705882353,[[0.00021952]],94
4.0,2.508235294117647,71176.4705882353,[[0.00021952]],94
4.0,2.508235294117647,71176.4705882353,[[0.00021952]],94
4.0,2.508235294117647,71176.4705882353,[[0.00021952]],94
4.0,2.508235294117647,71176.4705882353,[[0.00021952]],94
4.0,2.508235294117647,64117.64705882353,[[0.00112419]],94
4.0,2.508235294117647,71176.4705882353,[[0.00021952]],94
4.0,2.508235294117647,71176.4705882353,[[0.00021952]],94
4.0,2.508235294117647,71176.4705882353,[[0.00021952]],94
4.0,2.508235294117647,71176.4705882353,[[0.00021952]],94
6.509803921568627,2.508235294117647,71176.4705882353,[[0.07265647]],94
4.0,2.508235294117647,71176.4705882353,[[0.00021952]],94
4.627450980392156,2.508235294117647,71176.4705882353,[[0.00550691]],94
4.0,2.508235294117647,71176.4705882353,[[0.00021952]],94
4.0,2.508235294117647,71176.4705882353,[[0.00021952]],94
4.0,2.508235294117647,71176.4705882353,[[0.00021952]],94
4.0,2.508235294117647,71176.4705882353,[[0.00021952]],94
4.0,2.508235294117647,71176.4705882353,[[0.00021952]],94
4.0,2.508235294117647,71176.4705882353,[[0.00021952]],94
4.0,2.508235294117647,71176.4705882353,[[0.00021952]],94
4.0,2.508235294117647,71176.4705882353,[[0.00021952]],94
4.0,2.508235294117647,71176.4705882353,[[0.00021952]],94
4.0,2.508235294117647,71176.4705882353,[[0.00021952]],94
4.0,2.508235294117647,127647.05882352941,[[0.04877626]],94
4.0,2.516862745098039,71176.4705882353,[[0.00023447]],94
6.509803921568627,2.508235294117647,99411.76470588235,[[0.10503565]],94
4.0,2.508235294117647,71176.4705882353,[[0.00021952]],94
4.0,2.508235294117647,71176.4705882353,[[0.00021952]],94
4.0,2.508235294117647,71176.4705882353,[[0.00021952]],94
4.0,2.508235294117647,71176.4705882353,[[0.00021952]],94
4.0,2.508235294117647,71176.4705882353,[[0.00021952]],94
4.0,2.508235294117647,71176.4705882353,[[0.00021952]],94
4.0,2.508235294117647,71176.4705882353,[[0.00021952]],94
4.0,2.6462745098039218,71176.4705882353,[[0.00439731]],94
4.0,2.508235294117647,71176.4705882353,[[0.00021952]],94
4.0,2.508235294117647,71176.4705882353,[[0.00021952]],94
4.0,2.508235294117647,71176.4705882353,[[0.00021952]],94
4.0,2.508235294117647,71176.4705882353,[[0.00021952]],94
4.0,2.508235294117647,71176.4705882353,[[0.00021952]],94
4.1568627450980395,2.508235294117647,71176.4705882353,[[0.00057665]],94
4.0,2.508235294117647,71176.4705882353,[[0.00021952]],94
4.627450980392156,2.508235294117647,71176.4705882353,[[0.00550691]],94
4.0,2.508235294117647,71176.4705882353,[[0.00021952]],94
4.0,2.508235294117647,71176.4705882353,[[0.00021952]],94
4.0,2.508235294117647,71176.4705882353,[[0.00021952]],94
4.0,2.508235294117647,71176.4705882353,[[0.00021952]],94
4.0,2.508235294117647,71176.4705882353,[[0.00021952]],94
4.0,2.508235294117647,71176.4705882353,[[0.00021952]],94
4.0,2.508235294117647,71176.4705882353,[[0.00021952]],94
4.0,2.508235294117647,71176.4705882353,[[0.00021952]],94
4.0,2.508235294117647,71176.4705882353,[[0.00021952]],94
4.0,2.508235294117647,71176.4705882353,[[0.00021952]],95
4.0,2.508235294117647,71176.4705882353,[[0.00021952]],95
4.0,2.6462745098039218,71176.4705882353,[[0.00439731]],95
4.078431372549019,2.508235294117647,184117.64705882352,[[0.16935872]],95
4.0,2.508235294117647,71176.4705882353,[[0.00021952]],95
4.0,2.508235294117647,71176.4705882353,[[0.00021952]],95
4.0,2.508235294117647,71176.4705882353,[[0.00021952]],95
4.0,2.508235294117647,71176.4705882353,[[0.00021952]],95
4.0,2.508235294117647,71176.4705882353,[[0.00021952]],95
4.0,2.508235294117647,71176.4705882353,[[0.00021952]],95
4.0,2.508235294117647,71176.4705882353,[[0.00021952]],95
4.0,2.508235294117647,71176.4705882353,[[0.00021952]],95
4.0,2.508235294117647,71176.4705882353,[[0.00021952]],95
4.0,2.508235294117647,71176.4705882353,[[0.00021952]],95
4.0,1.956078431372549,71176.4705882353,[[0.05121097]],95
4.0,2.508235294117647,71176.4705882353,[[0.00021952]],95
4.0,2.508235294117647,71176.4705882353,[[0.00021952]],95
4.0,2.508235294117647,71176.4705882353,[[0.00021952]],95
4.0,2.508235294117647,71176.4705882353,[[0.00021952]],95
4.0,2.508235294117647,71176.4705882353,[[0.00021952]],95
4.0,2.508235294117647,184117.64705882352,[[0.16769036]],95
4.0,2.508235294117647,71176.4705882353,[[0.00021952]],95
4.0,2.508235294117647,71176.4705882353,[[0.00021952]],95
4.0,2.508235294117647,71176.4705882353,[[0.00021952]],95
4.0,2.508235294117647,71176.4705882353,[[0.00021952]],95
4.0,2.508235294117647,71176.4705882353,[[0.00021952]],95
4.0,2.508235294117647,71176.4705882353,[[0.00021952]],95
4.0,2.508235294117647,71176.4705882353,[[0.00021952]],95
4.0,2.508235294117647,71176.4705882353,[[0.00021952]],95
4.0,2.508235294117647,71176.4705882353,[[0.00021952]],95
4.0,2.508235294117647,71176.4705882353,[[0.00021952]],95
4.0,2.508235294117647,71176.4705882353,[[0.00021952]],95
4.0,2.516862745098039,71176.4705882353,[[0.00023447]],95
4.0,2.508235294117647,71176.4705882353,[[0.00021952]],95
4.0,2.508235294117647,71176.4705882353,[[0.00021952]],95
4.0,2.508235294117647,71176.4705882353,[[0.00021952]],95
4.0,2.508235294117647,71176.4705882353,[[0.00021952]],95
4.0,2.508235294117647,71176.4705882353,[[0.00021952]],95
4.0,2.508235294117647,71176.4705882353,[[0.00021952]],95
4.0,2.490980392156863,71176.4705882353,[[0.00151013]],95
4.0,2.508235294117647,71176.4705882353,[[0.00021952]],95
4.0,2.508235294117647,64117.64705882353,[[0.00112419]],95
4.0,2.508235294117647,71176.4705882353,[[0.00021952]],95
4.0,2.508235294117647,71176.4705882353,[[0.00021952]],95
19.058823529411764,2.508235294117647,71176.4705882353,[[0.33872653]],95
4.0,2.508235294117647,71176.4705882353,[[0.00021952]],95
4.0,2.508235294117647,71176.4705882353,[[0.00021952]],95
4.0,2.508235294117647,71176.4705882353,[[0.00021952]],95
4.0,2.508235294117647,71176.4705882353,[[0.00021952]],95
4.0,2.508235294117647,71176.4705882353,[[0.00021952]],95
4.0,2.508235294117647,71176.4705882353,[[0.00021952]],95
4.0,2.508235294117647,71176.4705882353,[[0.00021952]],95
4.0,2.508235294117647,71176.4705882353,[[0.00021952]],95
4.0,2.508235294117647,71176.4705882353,[[0.00021952]],95
4.627450980392156,2.508235294117647,71176.4705882353,[[0.00550691]],95
4.0,2.508235294117647,71176.4705882353,[[0.00021952]],95
4.0,2.508235294117647,71176.4705882353,[[0.00021952]],95
4.0,2.508235294117647,71176.4705882353,[[0.00021952]],95
4.0,2.508235294117647,71176.4705882353,[[0.00021952]],95
4.0,2.508235294117647,71176.4705882353,[[0.00021952]],95
4.0,2.508235294117647,71176.4705882353,[[0.00021952]],95
4.0,2.508235294117647,71176.4705882353,[[0.00021952]],95
4.0,2.508235294117647,71176.4705882353,[[0.00021952]],95
4.0,2.508235294117647,71176.4705882353,[[0.00021952]],95
4.0,2.508235294117647,71176.4705882353,[[0.00021952]],95
4.0,2.508235294117647,71176.4705882353,[[0.00021952]],95
4.0,2.508235294117647,71176.4705882353,[[0.00021952]],95
4.627450980392156,2.508235294117647,72941.17647058824,[[0.00644007]],95
4.0,2.508235294117647,71176.4705882353,[[0.00021952]],95
4.0,2.508235294117647,71176.4705882353,[[0.00021952]],95
5.254901960784314,2.7843137254901964,71176.4705882353,[[0.00132907]],95
4.0,2.508235294117647,71176.4705882353,[[0.00021952]],95
4.0,2.508235294117647,71176.4705882353,[[0.00021952]],95
4.0,2.508235294117647,71176.4705882353,[[0.00021952]],95
4.0,2.508235294117647,71176.4705882353,[[0.00021952]],95
4.0,2.508235294117647,71176.4705882353,[[0.00021952]],95
4.0,2.508235294117647,71176.4705882353,[[0.00021952]],95
4.0,2.508235294117647,71176.4705882353,[[0.00021952]],95
4.0,2.508235294117647,72941.17647058824,[[0.00027943]],95
4.0,2.508235294117647,71176.4705882353,[[0.00021952]],95
4.0,2.508235294117647,71176.4705882353,[[0.00021952]],95
4.0,2.508235294117647,71176.4705882353,[[0.00021952]],95
4.0,2.508235294117647,240588.23529411765,[[0.3315636]],95
4.0,2.508235294117647,71176.4705882353,[[0.00021952]],95
4.0,2.508235294117647,71176.4705882353,[[0.00021952]],95
4.0,2.508235294117647,71176.4705882353,[[0.00021952]],95
4.0,2.6462745098039218,71176.4705882353,[[0.00439731]],95
4.0,2.508235294117647,71176.4705882353,[[0.00021952]],95
4.0,2.508235294117647,71176.4705882353,[[0.00021952]],95
4.0,2.508235294117647,71176.4705882353,[[0.00021952]],95
4.0,2.508235294117647,71176.4705882353,[[0.00021952]],95
4.0,2.508235294117647,71176.4705882353,[[0.00021952]],95
4.1568627450980395,2.508235294117647,71176.4705882353,[[0.00057665]],95
4.0,2.508235294117647,71176.4705882353,[[0.00021952]],95
4.0,2.508235294117647,71176.4705882353,[[0.00021952]],95
4.0,2.508235294117647,74705.88235294117,[[0.00044978]],95
4.0,2.508235294117647,71176.4705882353,[[0.00021952]],96
4.0,2.508235294117647,71176.4705882353,[[0.00021952]],96
4.0,2.508235294117647,71176.4705882353,[[0.00021952]],96
4.0,2.508235294117647,71176.4705882353,[[0.00021952]],96
4.0,2.508235294117647,71176.4705882353,[[0.00021952]],96
4.0,2.508235294117647,71176.4705882353,[[0.00021952]],96
4.0,2.508235294117647,71176.4705882353,[[0.00021952]],96
4.0,2.508235294117647,71176.4705882353,[[0.00021952]],96
4.0,2.508235294117647,71176.4705882353,[[0.00021952]],96
4.0,2.7843137254901964,74705.88235294117,[[0.01362978]],96
4.0,2.508235294117647,71176.4705882353,[[0.00021952]],96
4.0,2.508235294117647,71176.4705882353,[[0.00021952]],96
4.0,2.508235294117647,71176.4705882353,[[0.00021952]],96
4.0,2.508235294117647,71176.4705882353,[[0.00021952]],96
9.019607843137255,2.508235294117647,71176.4705882353,[[0.18469688]],96
4.0,2.508235294117647,71176.4705882353,[[0.00021952]],96
4.0,2.508235294117647,71176.4705882353,[[0.00021952]],96
14.03921568627451,2.508235294117647,64117.64705882353,[[0.3039032]],96
4.0,2.508235294117647,74705.88235294117,[[0.00044978]],96
4.0,2.508235294117647,72941.17647058824,[[0.00027943]],96
4.0,2.508235294117647,71176.4705882353,[[0.00021952]],96
4.0,2.508235294117647,71176.4705882353,[[0.00021952]],96
4.0,2.508235294117647,71176.4705882353,[[0.00021952]],96
4.0,2.508235294117647,71176.4705882353,[[0.00021952]],96
4.0,2.508235294117647,71176.4705882353,[[0.00021952]],96
4.0,2.508235294117647,71176.4705882353,[[0.00021952]],96
9.019607843137255,2.508235294117647,71176.4705882353,[[0.18469688]],96
4.0,2.508235294117647,71176.4705882353,[[0.00021952]],96
4.0,2.508235294117647,71176.4705882353,[[0.00021952]],96
4.0,2.508235294117647,71176.4705882353,[[0.00021952]],96
5.254901960784314,2.508235294117647,71176.4705882353,[[0.02127087]],96
4.0,2.508235294117647,71176.4705882353,[[0.00021952]],96
4.0,2.508235294117647,71176.4705882353,[[0.00021952]],96
4.0,2.508235294117647,71176.4705882353,[[0.00021952]],96
4.0,2.508235294117647,71176.4705882353,[[0.00021952]],96
4.0,2.508235294117647,71176.4705882353,[[0.00021952]],96
4.0,2.508235294117647,71176.4705882353,[[0.00021952]],96
4.0,2.508235294117647,71176.4705882353,[[0.00021952]],96
4.0,2.508235294117647,71176.4705882353,[[0.00021952]],96
4.0,2.508235294117647,71176.4705882353,[[0.00021952]],96
4.0,2.508235294117647,71176.4705882353,[[0.00021952]],96
4.0,2.508235294117647,71176.4705882353,[[0.00021952]],96
4.0,2.508235294117647,71176.4705882353,[[0.00021952]],96
4.0,2.508235294117647,71176.4705882353,[[0.00021952]],96
4.0,2.508235294117647,71176.4705882353,[[0.00021952]],96
4.0,2.508235294117647,71176.4705882353,[[0.00021952]],96
4.0,2.508235294117647,71176.4705882353,[[0.00021952]],96
4.0,2.508235294117647,71176.4705882353,[[0.00021952]],96
4.0,2.508235294117647,71176.4705882353,[[0.00021952]],96
4.0,2.508235294117647,71176.4705882353,[[0.00021952]],96
4.0,2.508235294117647,71176.4705882353,[[0.00021952]],96
4.0,2.6462745098039218,410000.0,[[0.92731364]],96
4.0,2.508235294117647,71176.4705882353,[[0.00021952]],96
4.0,2.508235294117647,71176.4705882353,[[0.00021952]],96
4.0,2.508235294117647,71176.4705882353,[[0.00021952]],96
4.0,2.508235294117647,71176.4705882353,[[0.00021952]],96
4.0,2.508235294117647,71176.4705882353,[[0.00021952]],96
4.0,2.508235294117647,71176.4705882353,[[0.00021952]],96
4.0,2.508235294117647,57058.82352941176,[[0.00396152]],96
4.0,2.508235294117647,71176.4705882353,[[0.00021952]],96
4.0,2.508235294117647,71176.4705882353,[[0.00021952]],96
4.0,2.508235294117647,71176.4705882353,[[0.00021952]],96
4.0,2.508235294117647,71176.4705882353,[[0.00021952]],96
4.0,2.508235294117647,71176.4705882353,[[0.00021952]],96
4.0,2.508235294117647,71176.4705882353,[[0.00021952]],96
4.0,2.508235294117647,71176.4705882353,[[0.00021952]],96
4.627450980392156,1.4039215686274509,71176.4705882353,[[0.19455669]],96
4.0,2.508235294117647,71176.4705882353,[[0.00021952]],96
4.0,2.508235294117647,71176.4705882353,[[0.00021952]],96
4.0,2.508235294117647,71176.4705882353,[[0.00021952]],96
4.0,2.508235294117647,71176.4705882353,[[0.00021952]],96
4.0,2.508235294117647,71176.4705882353,[[0.00021952]],96
4.0,2.7843137254901964,99411.76470588235,[[0.000321]],96
4.0,2.508235294117647,71176.4705882353,[[0.00021952]],96
4.0,2.508235294117647,71176.4705882353,[[0.00021952]],96
4.0,2.508235294117647,71176.4705882353,[[0.00021952]],96
5.254901960784314,2.508235294117647,297058.8235294118,[[0.46762618]],96
4.0,2.508235294117647,71176.4705882353,[[0.00021952]],96
4.0,2.508235294117647,71176.4705882353,[[0.00021952]],96
4.0,2.508235294117647,71176.4705882353,[[0.00021952]],96
4.0,2.508235294117647,71176.4705882353,[[0.00021952]],96
4.0,2.508235294117647,71176.4705882353,[[0.00021952]],96
4.0,2.508235294117647,71176.4705882353,[[0.00021952]],96
4.0,2.508235294117647,74705.88235294117,[[0.00044978]],96
4.0,2.508235294117647,99411.76470588235,[[0.01343285]],96
4.0,2.7843137254901964,71176.4705882353,[[0.01762925]],96
4.0,2.508235294117647,71176.4705882353,[[0.00021952]],96
4.0,2.508235294117647,71176.4705882353,[[0.00021952]],96
4.0,2.508235294117647,71176.4705882353,[[0.00021952]],96
4.0,2.508235294117647,71176.4705882353,[[0.00021952]],96
4.0,2.508235294117647,71176.4705882353,[[0.00021952]],96
4.0,2.508235294117647,71176.4705882353,[[0.00021952]],96
16.705882352941174,2.508235294117647,71176.4705882353,[[0.33016614]],96
4.0,2.508235294117647,71176.4705882353,[[0.00021952]],96
4.0,2.508235294117647,71176.4705882353,[[0.00021952]],96
4.0,2.508235294117647,71176.4705882353,[[0.00021952]],96
4.0,2.508235294117647,71176.4705882353,[[0.00021952]],97
4.0,2.508235294117647,71176.4705882353,[[0.00021952]],97
4.0,2.508235294117647,71176.4705882353,[[0.00021952]],97
4.0,2.508235294117647,71176.4705882353,[[0.00021952]],97
4.0,2.508235294117647,72941.17647058824,[[0.00027943]],97
4.0,2.508235294117647,71176.4705882353,[[0.00021952]],97
14.03921568627451,2.508235294117647,71176.4705882353,[[0.30683421]],97
4.0,2.508235294117647,71176.4705882353,[[0.00021952]],97
4.0,2.508235294117647,71176.4705882353,[[0.00021952]],97
4.0,2.508235294117647,71176.4705882353,[[0.00021952]],97
4.0,2.508235294117647,71176.4705882353,[[0.00021952]],97
4.0,2.508235294117647,71176.4705882353,[[0.00021952]],97
9.019607843137255,2.508235294117647,71176.4705882353,[[0.18469688]],97
4.0,2.6462745098039218,71176.4705882353,[[0.00439731]],97
4.0,2.508235294117647,71176.4705882353,[[0.00021952]],97
4.0,2.508235294117647,71176.4705882353,[[0.00021952]],97
4.0,2.508235294117647,71176.4705882353,[[0.00021952]],97
4.0,2.508235294117647,71176.4705882353,[[0.00021952]],97
4.0,2.508235294117647,71176.4705882353,[[0.00021952]],97
4.0,2.508235294117647,99411.76470588235,[[0.01343285]],97
4.0,2.508235294117647,71176.4705882353,[[0.00021952]],97
4.0,2.508235294117647,71176.4705882353,[[0.00021952]],97
4.078431372549019,2.508235294117647,99411.76470588235,[[0.01498924]],97
4.0,2.508235294117647,71176.4705882353,[[0.00021952]],97
4.0,2.508235294117647,71176.4705882353,[[0.00021952]],97
4.0,2.508235294117647,71176.4705882353,[[0.00021952]],97
4.0,2.508235294117647,71176.4705882353,[[0.00021952]],97
4.313725490196078,2.508235294117647,71176.4705882353,[[0.00159085]],97
4.0,2.508235294117647,71176.4705882353,[[0.00021952]],97
4.0,2.508235294117647,71176.4705882353,[[0.00021952]],97
4.0,2.508235294117647,71176.4705882353,[[0.00021952]],97
4.0,2.508235294117647,64117.64705882353,[[0.00112419]],97
4.0,2.508235294117647,71176.4705882353,[[0.00021952]],97
4.0,2.508235294117647,71176.4705882353,[[0.00021952]],97
4.0,2.508235294117647,71176.4705882353,[[0.00021952]],97
4.0,2.508235294117647,71176.4705882353,[[0.00021952]],97
4.0,2.508235294117647,71176.4705882353,[[0.00021952]],97
4.0,1.956078431372549,71176.4705882353,[[0.05121097]],97
4.0,2.508235294117647,71176.4705882353,[[0.00021952]],97
4.0,2.508235294117647,71176.4705882353,[[0.00021952]],97
4.0,2.508235294117647,184117.64705882352,[[0.16769036]],97
4.0,2.508235294117647,71176.4705882353,[[0.00021952]],97
4.0,2.508235294117647,64117.64705882353,[[0.00112419]],97
4.0,2.508235294117647,71176.4705882353,[[0.00021952]],97
4.0,2.508235294117647,71176.4705882353,[[0.00021952]],97
4.0,2.508235294117647,71176.4705882353,[[0.00021952]],97
4.0,2.508235294117647,71176.4705882353,[[0.00021952]],97
4.0,2.508235294117647,71176.4705882353,[[0.00021952]],97
4.0,2.508235294117647,71176.4705882353,[[0.00021952]],97
4.0,2.508235294117647,71176.4705882353,[[0.00021952]],97
4.0,2.508235294117647,71176.4705882353,[[0.00021952]],97
4.0,2.508235294117647,74705.88235294117,[[0.00044978]],97
4.0,2.508235294117647,71176.4705882353,[[0.00021952]],97
4.0,2.508235294117647,71176.4705882353,[[0.00021952]],97
4.0,2.508235294117647,99411.76470588235,[[0.01343285]],97
4.0,2.508235294117647,71176.4705882353,[[0.00021952]],97
4.0,2.508235294117647,74705.88235294117,[[0.00044978]],97
4.0,2.508235294117647,71176.4705882353,[[0.00021952]],97
4.0,2.508235294117647,71176.4705882353,[[0.00021952]],97
4.0,2.508235294117647,71176.4705882353,[[0.00021952]],97
4.0,2.508235294117647,71176.4705882353,[[0.00021952]],97
14.03921568627451,2.508235294117647,64117.64705882353,[[0.3039032]],97
4.0,2.508235294117647,71176.4705882353,[[0.00021952]],97
4.0,2.508235294117647,71176.4705882353,[[0.00021952]],97
4.0,2.508235294117647,71176.4705882353,[[0.00021952]],97
4.0,2.508235294117647,71176.4705882353,[[0.00021952]],97
4.0,2.508235294117647,71176.4705882353,[[0.00021952]],97
4.0,2.508235294117647,71176.4705882353,[[0.00021952]],97
4.0,2.508235294117647,71176.4705882353,[[0.00021952]],97
4.0,2.508235294117647,71176.4705882353,[[0.00021952]],97
4.0,2.508235294117647,71176.4705882353,[[0.00021952]],97
4.0,2.508235294117647,71176.4705882353,[[0.00021952]],97
4.0,2.508235294117647,71176.4705882353,[[0.00021952]],97
4.0,2.7843137254901964,71176.4705882353,[[0.01762925]],97
4.1568627450980395,2.508235294117647,71176.4705882353,[[0.00057665]],97
4.0,2.508235294117647,71176.4705882353,[[0.00021952]],97
4.0,2.508235294117647,71176.4705882353,[[0.00021952]],97
4.0,2.508235294117647,71176.4705882353,[[0.00021952]],97
4.0,2.508235294117647,71176.4705882353,[[0.00021952]],97
4.0,2.508235294117647,71176.4705882353,[[0.00021952]],97
4.0,2.508235294117647,71176.4705882353,[[0.00021952]],97
4.0,2.508235294117647,71176.4705882353,[[0.00021952]],97
4.0,1.4729411764705884,184117.64705882352,[[0.49529663]],97
4.0,2.508235294117647,71176.4705882353,[[0.00021952]],97
4.0,2.508235294117647,71176.4705882353,[[0.00021952]],97
4.0,2.508235294117647,71176.4705882353,[[0.00021952]],97
4.0,2.508235294117647,71176.4705882353,[[0.00021952]],97
4.1568627450980395,2.508235294117647,71176.4705882353,[[0.00057665]],97
4.0,2.508235294117647,71176.4705882353,[[0.00021952]],97
4.0,2.508235294117647,71176.4705882353,[[0.00021952]],97
4.0,2.508235294117647,132941.17647058825,[[0.05744609]],97
4.0,2.508235294117647,71176.4705882353,[[0.00021952]],97
4.0,2.508235294117647,71176.4705882353,[[0.00021952]],97
4.0,2.508235294117647,71176.4705882353,[[0.00021952]],97
4.0,2.508235294117647,71176.4705882353,[[0.00021952]],97
4.0,2.508235294117647,71176.4705882353,[[0.00021952]],97
4.0,2.508235294117647,71176.4705882353,[[0.00021952]],98
4.0,2.629019607843137,64117.64705882353,[[0.00793809]],98
4.0,2.508235294117647,71176.4705882353,[[0.00021952]],98
4.0,2.508235294117647,71176.4705882353,[[0.00021952]],98
4.0,2.508235294117647,71176.4705882353,[[0.00021952]],98
4.0,2.508235294117647,71176.4705882353,[[0.00021952]],98
4.0,2.508235294117647,71176.4705882353,[[0.00021952]],98
4.0,2.508235294117647,71176.4705882353,[[0.00021952]],98
4.0,1.6109803921568628,71176.4705882353,[[0.12545235]],98
4.0,2.508235294117647,71176.4705882353,[[0.00021952]],98
4.0,2.508235294117647,71176.4705882353,[[0.00021952]],98
4.0,2.508235294117647,71176.4705882353,[[0.00021952]],98
4.0,2.508235294117647,71176.4705882353,[[0.00021952]],98
4.0,2.508235294117647,71176.4705882353,[[0.00021952]],98
4.0,2.508235294117647,71176.4705882353,[[0.00021952]],98
4.0,2.508235294117647,71176.4705882353,[[0.00021952]],98
4.0,2.508235294117647,71176.4705882353,[[0.00021952]],98
4.0,2.508235294117647,71176.4705882353,[[0.00021952]],98
4.0,2.508235294117647,71176.4705882353,[[0.00021952]],98
4.0,2.508235294117647,71176.4705882353,[[0.00021952]],98
4.0,2.508235294117647,71176.4705882353,[[0.00021952]],98
4.0,2.508235294117647,71176.4705882353,[[0.00021952]],98
4.0,2.508235294117647,71176.4705882353,[[0.00021952]],98
4.0,2.508235294117647,71176.4705882353,[[0.00021952]],98
4.0,2.508235294117647,71176.4705882353,[[0.00021952]],98
4.0,2.508235294117647,71176.4705882353,[[0.00021952]],98
4.0,2.508235294117647,71176.4705882353,[[0.00021952]],98
4.0,2.508235294117647,71176.4705882353,[[0.00021952]],98
4.0,2.577254901960784,71176.4705882353,[[0.00123789]],98
4.0,2.508235294117647,71176.4705882353,[[0.00021952]],98
4.0,2.508235294117647,71176.4705882353,[[0.00021952]],98
4.0,2.508235294117647,71176.4705882353,[[0.00021952]],98
4.0,2.508235294117647,71176.4705882353,[[0.00021952]],98
4.0,2.508235294117647,71176.4705882353,[[0.00021952]],98
4.0,2.508235294117647,71176.4705882353,[[0.00021952]],98
4.0,2.508235294117647,71176.4705882353,[[0.00021952]],98
4.0,2.508235294117647,71176.4705882353,[[0.00021952]],98
4.0,2.508235294117647,71176.4705882353,[[0.00021952]],98
4.0,2.508235294117647,71176.4705882353,[[0.00021952]],98
4.0,2.508235294117647,71176.4705882353,[[0.00021952]],98
4.0,2.508235294117647,71176.4705882353,[[0.00021952]],98
4.0,2.508235294117647,71176.4705882353,[[0.00021952]],98
14.03921568627451,2.4996078431372553,71176.4705882353,[[0.31361693]],98
4.0,2.508235294117647,71176.4705882353,[[0.00021952]],98
4.0,2.508235294117647,71176.4705882353,[[0.00021952]],98
4.0,2.508235294117647,71176.4705882353,[[0.00021952]],98
4.0,1.3694117647058826,99411.76470588235,[[0.29024914]],98
4.0,2.508235294117647,71176.4705882353,[[0.00021952]],98
4.0,2.508235294117647,71176.4705882353,[[0.00021952]],98
4.0,2.508235294117647,71176.4705882353,[[0.00021952]],98
4.0,2.508235294117647,71176.4705882353,[[0.00021952]],98
4.0,2.508235294117647,71176.4705882353,[[0.00021952]],98
4.0,2.508235294117647,71176.4705882353,[[0.00021952]],98
4.0,2.508235294117647,71176.4705882353,[[0.00021952]],98
4.0,2.508235294117647,71176.4705882353,[[0.00021952]],98
4.0,2.508235294117647,71176.4705882353,[[0.00021952]],98
4.0,2.4737254901960783,74705.88235294117,[[0.00351093]],98
4.0,2.508235294117647,71176.4705882353,[[0.00021952]],98
4.0,2.508235294117647,71176.4705882353,[[0.00021952]],98
4.0,2.508235294117647,71176.4705882353,[[0.00021952]],98
4.0,2.508235294117647,71176.4705882353,[[0.00021952]],98
4.1568627450980395,2.508235294117647,71176.4705882353,[[0.00057665]],98
4.0,2.508235294117647,71176.4705882353,[[0.00021952]],98
4.0,2.508235294117647,71176.4705882353,[[0.00021952]],98
4.0,2.508235294117647,71176.4705882353,[[0.00021952]],98
4.0,2.508235294117647,71176.4705882353,[[0.00021952]],98
4.0,2.508235294117647,71176.4705882353,[[0.00021952]],98
4.0,2.508235294117647,71176.4705882353,[[0.00021952]],98
4.0,2.508235294117647,71176.4705882353,[[0.00021952]],98
4.0,2.508235294117647,71176.4705882353,[[0.00021952]],98
4.0,2.508235294117647,71176.4705882353,[[0.00021952]],98
4.0,2.508235294117647,71176.4705882353,[[0.00021952]],98
4.0,2.508235294117647,71176.4705882353,[[0.00021952]],98
4.0,2.508235294117647,71176.4705882353,[[0.00021952]],98
4.0,2.508235294117647,71176.4705882353,[[0.00021952]],98
4.0,2.508235294117647,72941.17647058824,[[0.00027943]],98
4.0,2.508235294117647,71176.4705882353,[[0.00021952]],98
4.0,2.508235294117647,71176.4705882353,[[0.00021952]],98
4.0,2.508235294117647,71176.4705882353,[[0.00021952]],98
4.0,2.490980392156863,71176.4705882353,[[0.00151013]],98
4.0,2.508235294117647,71176.4705882353,[[0.00021952]],98
4.0,2.508235294117647,74705.88235294117,[[0.00044978]],98
4.0,2.508235294117647,71176.4705882353,[[0.00021952]],98
4.0,2.508235294117647,71176.4705882353,[[0.00021952]],98
4.0,2.508235294117647,71176.4705882353,[[0.00021952]],98
4.0,2.508235294117647,71176.4705882353,[[0.00021952]],98
4.0,2.508235294117647,71176.4705882353,[[0.00021952]],98
4.0,2.508235294117647,71176.4705882353,[[0.00021952]],98
4.0,2.508235294117647,71176.4705882353,[[0.00021952]],98
4.0,2.508235294117647,71176.4705882353,[[0.00021952]],98
4.0,2.508235294117647,71176.4705882353,[[0.00021952]],98
4.0,2.508235294117647,71176.4705882353,[[0.00021952]],98
4.0,2.508235294117647,71176.4705882353,[[0.00021952]],98
4.0,2.508235294117647,71176.4705882353,[[0.00021952]],98
4.078431372549019,2.508235294117647,71176.4705882353,[[0.0003193]],98
4.0,2.508235294117647,71176.4705882353,[[0.00021952]],98
4.0,2.508235294117647,71176.4705882353,[[0.00021952]],99
4.0,2.508235294117647,297058.8235294118,[[0.52590939]],99
4.078431372549019,2.508235294117647,71176.4705882353,[[0.0003193]],99
4.0,2.508235294117647,71176.4705882353,[[0.00021952]],99
4.0,2.508235294117647,71176.4705882353,[[0.00021952]],99
4.0,2.508235294117647,71176.4705882353,[[0.00021952]],99
4.0,2.508235294117647,71176.4705882353,[[0.00021952]],99
4.0,2.508235294117647,71176.4705882353,[[0.00021952]],99
4.0,2.508235294117647,71176.4705882353,[[0.00021952]],99
4.0,2.508235294117647,71176.4705882353,[[0.00021952]],99
4.0,2.508235294117647,71176.4705882353,[[0.00021952]],99
14.03921568627451,2.490980392156863,71176.4705882353,[[0.31557877]],99
4.0,2.508235294117647,71176.4705882353,[[0.00021952]],99
4.0,2.508235294117647,71176.4705882353,[[0.00021952]],99
4.0,2.4737254901960783,99411.76470588235,[[0.02345506]],99
4.0,2.508235294117647,71176.4705882353,[[0.00021952]],99
4.0,2.508235294117647,71176.4705882353,[[0.00021952]],99
4.0,2.508235294117647,71176.4705882353,[[0.00021952]],99
4.0,2.508235294117647,71176.4705882353,[[0.00021952]],99
4.0,2.508235294117647,71176.4705882353,[[0.00021952]],99
4.0,2.508235294117647,71176.4705882353,[[0.00021952]],99
4.0,2.508235294117647,71176.4705882353,[[0.00021952]],99
4.0,2.508235294117647,71176.4705882353,[[0.00021952]],99
4.0,2.508235294117647,71176.4705882353,[[0.00021952]],99
4.0,2.508235294117647,71176.4705882353,[[0.00021952]],99
4.0,2.508235294117647,71176.4705882353,[[0.00021952]],99
4.0,2.6462745098039218,71176.4705882353,[[0.00439731]],99
4.0,2.508235294117647,71176.4705882353,[[0.00021952]],99
4.0,2.508235294117647,71176.4705882353,[[0.00021952]],99
4.0,2.508235294117647,71176.4705882353,[[0.00021952]],99
4.0,2.508235294117647,71176.4705882353,[[0.00021952]],99
4.0,2.508235294117647,71176.4705882353,[[0.00021952]],99
4.784313725490196,2.7843137254901964,71176.4705882353,[[0.00172725]],99
4.0,2.508235294117647,71176.4705882353,[[0.00021952]],99
4.0,2.508235294117647,71176.4705882353,[[0.00021952]],99
4.0,2.508235294117647,71176.4705882353,[[0.00021952]],99
4.0,2.508235294117647,71176.4705882353,[[0.00021952]],99
4.0,2.508235294117647,71176.4705882353,[[0.00021952]],99
4.0,2.508235294117647,71176.4705882353,[[0.00021952]],99
4.0,2.508235294117647,71176.4705882353,[[0.00021952]],99
4.0,2.508235294117647,71176.4705882353,[[0.00021952]],99
4.0,2.508235294117647,71176.4705882353,[[0.00021952]],99
4.0,2.508235294117647,71176.4705882353,[[0.00021952]],99
4.0,2.508235294117647,71176.4705882353,[[0.00021952]],99
4.0,2.508235294117647,71176.4705882353,[[0.00021952]],99
4.0,2.508235294117647,71176.4705882353,[[0.00021952]],99
4.0,2.508235294117647,71176.4705882353,[[0.00021952]],99
4.0,2.508235294117647,71176.4705882353,[[0.00021952]],99
4.0,2.508235294117647,71176.4705882353,[[0.00021952]],99
4.0,2.508235294117647,71176.4705882353,[[0.00021952]],99
4.0,2.508235294117647,71176.4705882353,[[0.00021952]],99
4.0,2.4737254901960783,71176.4705882353,[[0.00208655]],99
4.0,2.508235294117647,71176.4705882353,[[0.00021952]],99
4.0,2.508235294117647,71176.4705882353,[[0.00021952]],99
4.0,2.7929411764705883,71176.4705882353,[[0.01877663]],99
4.0,2.508235294117647,71176.4705882353,[[0.00021952]],99
4.0,2.508235294117647,71176.4705882353,[[0.00021952]],99
4.0,2.508235294117647,71176.4705882353,[[0.00021952]],99
4.0,2.508235294117647,71176.4705882353,[[0.00021952]],99
4.0,2.508235294117647,71176.4705882353,[[0.00021952]],99
14.03921568627451,2.508235294117647,71176.4705882353,[[0.30683421]],99
4.0,2.508235294117647,71176.4705882353,[[0.00021952]],99
4.0,2.508235294117647,71176.4705882353,[[0.00021952]],99
4.0,2.508235294117647,71176.4705882353,[[0.00021952]],99
4.0,2.508235294117647,71176.4705882353,[[0.00021952]],99
4.0,2.508235294117647,71176.4705882353,[[0.00021952]],99
4.0,2.508235294117647,71176.4705882353,[[0.00021952]],99
4.0,2.508235294117647,71176.4705882353,[[0.00021952]],99
4.0,2.508235294117647,71176.4705882353,[[0.00021952]],99
4.0,2.508235294117647,71176.4705882353,[[0.00021952]],99
4.0,2.508235294117647,71176.4705882353,[[0.00021952]],99
4.0,2.508235294117647,60588.23529411765,[[0.00229243]],99
4.0,2.508235294117647,71176.4705882353,[[0.00021952]],99
4.0,2.508235294117647,71176.4705882353,[[0.00021952]],99
4.0,2.508235294117647,71176.4705882353,[[0.00021952]],99
4.0,2.508235294117647,71176.4705882353,[[0.00021952]],99
4.0,2.508235294117647,71176.4705882353,[[0.00021952]],99
4.0,2.508235294117647,71176.4705882353,[[0.00021952]],99
4.0,2.508235294117647,71176.4705882353,[[0.00021952]],99
4.0,2.508235294117647,71176.4705882353,[[0.00021952]],99
4.0,2.508235294117647,71176.4705882353,[[0.00021952]],99
4.0,2.508235294117647,71176.4705882353,[[0.00021952]],99
4.0,2.508235294117647,71176.4705882353,[[0.00021952]],99
4.0,2.508235294117647,71176.4705882353,[[0.00021952]],99
4.0,2.508235294117647,71176.4705882353,[[0.00021952]],99
4.0,2.508235294117647,71176.4705882353,[[0.00021952]],99
4.0,2.508235294117647,71176.4705882353,[[0.00021952]],99
4.0,2.508235294117647,71176.4705882353,[[0.00021952]],99
4.0,2.508235294117647,71176.4705882353,[[0.00021952]],99
4.0,2.508235294117647,71176.4705882353,[[0.00021952]],99
4.0,2.508235294117647,71176.4705882353,[[0.00021952]],99
4.0,2.508235294117647,71176.4705882353,[[0.00021952]],99
4.0,2.508235294117647,71176.4705882353,[[0.00021952]],99
4.0,2.508235294117647,71176.4705882353,[[0.00021952]],99
4.0,2.508235294117647,71176.4705882353,[[0.00021952]],99
4.0,2.508235294117647,71176.4705882353,[[0.00021952]],99
13.96078431372549,2.594509803921569,159411.76470588235,[[0.32274317]],99
19.215686274509803,1.8007843137254904,305882.3529411765,[[0.54472103]],99
19.607843137254903,1.8439215686274513,401176.4705882353,[[0.55170209]],99
19.607843137254903,0.9725490196078432,309411.76470588235,[[0.78302591]],99
19.84313725490196,0.9380392156862746,104705.88235294117,[[0.73080706]],99
7.764705882352941,2.6376470588235295,122352.94117647059,[[0.15079733]],99
23.294117647058822,2.0941176470588236,468235.29411764705,[[0.46347671]],99
4.1568627450980395,1.455686274509804,159411.76470588235,[[0.40625272]],99
22.980392156862745,2.2407843137254906,371176.4705882353,[[0.42583873]],99
21.568627450980394,1.4901960784313726,72941.17647058824,[[0.54047674]],99
10.745098039215687,2.4478431372549023,455882.35294117645,[[0.56109666]],99
19.450980392156865,1.7403921568627452,475294.1176470588,[[0.59959624]],99
14.117647058823529,1.662745098039216,311176.4705882353,[[0.68051283]],99
12.0,1.8698039215686275,427647.0588235294,[[0.73253254]],99
12.470588235294118,2.68078431372549,148823.5294117647,[[0.28028491]],99
19.92156862745098,1.5419607843137255,279411.76470588235,[[0.59564488]],99
13.411764705882353,2.56,468235.29411764705,[[0.47472715]],99
4.627450980392156,2.6462745098039218,67647.05882352941,[[0.00045718]],99
20.784313725490197,2.059607843137255,461176.4705882353,[[0.49819025]],99
7.137254901960784,2.275294117647059,60588.23529411765,[[0.16022562]],99
23.215686274509803,1.4815686274509805,455882.35294117645,[[0.59196589]],99
18.745098039215684,2.7929411764705883,342941.17647058825,[[0.34592836]],99
8.862745098039216,0.8431372549019608,124117.64705882352,[[1.03411762]],99
22.901960784313726,1.7145098039215687,78235.29411764706,[[0.4791506]],99
8.07843137254902,2.5686274509803924,164705.88235294117,[[0.22673088]],99
7.686274509803921,2.2580392156862743,410000.0,[[0.71958824]],99
20.235294117647058,2.4478431372549023,454117.64705882355,[[0.42463577]],99
9.333333333333332,1.1019607843137256,374705.8823529412,[[1.24136644]],99
20.313725490196077,0.9811764705882353,374705.8823529412,[[0.77812327]],99
21.333333333333332,1.1537254901960785,222941.17647058822,[[0.65847638]],99
9.725490196078432,2.7756862745098045,189411.76470588235,[[0.23177313]],99
8.392156862745098,1.3176470588235296,321764.70588235295,[[1.08429566]],99
5.96078431372549,1.5937254901960785,60588.23529411765,[[0.31074387]],99
10.666666666666668,2.3529411764705888,378235.29411764705,[[0.53400792]],99
22.823529411764707,1.0070588235294118,80000.0,[[0.64585738]],99
16.784313725490197,0.8172549019607843,147058.82352941175,[[0.87577708]],99
17.568627450980394,2.8878431372549027,81764.70588235294,[[0.26918449]],99
9.019607843137255,2.56,88823.5294117647,[[0.18643934]],99
20.15686274509804,1.2486274509803923,353529.4117647059,[[0.68533162]],99
5.019607843137255,2.102745098039216,148823.5294117647,[[0.25529575]],99
21.88235294117647,1.6972549019607843,464705.8823529412,[[0.56430184]],99
12.470588235294118,0.851764705882353,71176.4705882353,[[0.92708888]],99
4.078431372549019,1.0588235294117647,353529.4117647059,[[1.37314445]],99
20.470588235294116,2.974117647058824,210588.23529411765,[[0.29210846]],99
18.980392156862745,2.102745098039216,173529.4117647059,[[0.44320301]],99
17.80392156862745,1.3090196078431373,152352.9411764706,[[0.6655433]],99
7.843137254901961,2.9396078431372548,268823.5294117647,[[0.22456687]],99
11.215686274509803,2.1631372549019607,452352.9411764706,[[0.65599217]],99
12.470588235294118,2.6117647058823534,69411.76470588235,[[0.25667566]],99
9.725490196078432,2.4133333333333336,127647.05882352941,[[0.29311686]],99
5.7254901960784315,2.629019607843137,231764.70588235295,[[0.25460418]],99
17.490196078431374,2.2149019607843137,284705.8823529412,[[0.45657899]],99
10.666666666666668,0.8431372549019608,353529.4117647059,[[1.30863347]],99
10.117647058823529,1.343529411764706,256470.58823529413,[[0.89994682]],99
13.490196078431373,1.2745098039215688,90588.23529411765,[[0.71809279]],99
21.333333333333332,1.343529411764706,275882.3529411765,[[0.62572631]],99
8.627450980392158,1.9819607843137257,256470.58823529413,[[0.59058938]],99
14.980392156862745,2.594509803921569,164705.88235294117,[[0.33200753]],99
4.470588235294118,2.706666666666667,210588.23529411765,[[0.17862997]],99
12.549019607843137,1.1364705882352943,425882.35294117645,[[1.05502852]],99
8.235294117647058,0.8172549019607843,478823.5294117647,[[1.7461319]],99
9.176470588235293,2.4737254901960783,196470.58823529413,[[0.32618817]],99
6.509803921568627,1.783529411764706,80000.0,[[0.32295686]],99
10.745098039215687,2.3960784313725494,385294.1176470588,[[0.52235001]],99
16.392156862745097,2.6721568627450982,401176.4705882353,[[0.39288009]],99
19.137254901960784,2.6203921568627453,159411.76470588235,[[0.33754771]],99
17.88235294117647,1.5937254901960785,127647.05882352941,[[0.5669962]],99
15.764705882352942,2.3615686274509806,418823.5294117647,[[0.47976827]],99
14.745098039215685,2.4219607843137254,226470.58823529413,[[0.39879527]],99
20.862745098039216,1.783529411764706,323529.4117647059,[[0.53085936]],99
6.2745098039215685,1.447058823529412,422352.9411764706,[[1.34803275]],99
23.058823529411764,0.9294117647058824,53529.41176470588,[[0.66052831]],99
4.0,2.508235294117647,71176.4705882353,[[0.00021952]],100
17.568627450980394,2.8878431372549027,81764.70588235294,[[0.26918449]],100
4.0,2.508235294117647,71176.4705882353,[[0.00021952]],100
7.686274509803921,2.2580392156862743,410000.0,[[0.71958824]],100
8.941176470588236,2.0164705882352942,256470.58823529413,[[0.57210312]],100
4.0,2.4737254901960783,71176.4705882353,[[0.00208655]],100
7.843137254901961,2.974117647058824,159411.76470588235,[[0.10907394]],100
4.1568627450980395,1.4211764705882355,268823.5294117647,[[0.75896536]],100
4.0,2.508235294117647,71176.4705882353,[[0.00021952]],100
4.0,2.4737254901960783,71176.4705882353,[[0.00208655]],100
12.470588235294118,2.508235294117647,295294.1176470588,[[0.40523425]],100
4.0,2.6117647058823534,71176.4705882353,[[0.00254118]],100
7.764705882352941,2.6462745098039218,71176.4705882353,[[0.09973282]],100
4.0,2.4996078431372553,122352.94117647059,[[0.05103367]],100
4.0,2.516862745098039,71176.4705882353,[[0.00023447]],100
7.764705882352941,2.629019607843137,122352.94117647059,[[0.15303656]],100
19.607843137254903,1.8784313725490196,175294.11764705883,[[0.48953998]],100
9.725490196078432,2.7411764705882353,415294.1176470588,[[0.43482711]],100
7.137254901960784,2.275294117647059,60588.23529411765,[[0.16022562]],100
4.0,2.508235294117647,71176.4705882353,[[0.00021952]],100
9.411764705882353,2.896470588235294,81764.70588235294,[[0.11855235]],100
17.176470588235293,2.508235294117647,71176.4705882353,[[0.33253321]],100
4.470588235294118,2.508235294117647,71176.4705882353,[[0.00330005]],100
10.274509803921568,2.4478431372549023,455882.35294117645,[[0.57506228]],100
4.0,2.508235294117647,71176.4705882353,[[0.00021952]],100
4.0,2.508235294117647,71176.4705882353,[[0.00021952]],100
9.725490196078432,2.9396078431372548,240588.23529411765,[[0.2274266]],100
7.843137254901961,2.4133333333333336,155882.35294117648,[[0.26986427]],100
20.470588235294116,1.0070588235294118,94117.64705882352,[[0.69065213]],100
22.823529411764707,2.974117647058824,192941.17647058822,[[0.29209671]],100
15.372549019607844,1.7145098039215687,78235.29411764706,[[0.53249423]],100
11.529411764705882,2.508235294117647,71176.4705882353,[[0.2624832]],100
4.0,2.4823529411764707,71176.4705882353,[[0.00178534]],100
17.490196078431374,2.922352941176471,81764.70588235294,[[0.26299445]],100
4.0,2.508235294117647,71176.4705882353,[[0.00021952]],100
4.0,2.508235294117647,71176.4705882353,[[0.00021952]],100
4.0,2.490980392156863,71176.4705882353,[[0.00151013]],100
22.980392156862745,2.2407843137254906,372941.17647058825,[[0.42609918]],100
4.0,2.508235294117647,51764.705882352944,[[0.00744561]],100
14.980392156862745,2.594509803921569,184117.64705882352,[[0.33904624]],100
4.470588235294118,2.508235294117647,71176.4705882353,[[0.00330005]],100
5.254901960784314,2.629019607843137,231764.70588235295,[[0.25327887]],100
13.490196078431373,1.127843137254902,90588.23529411765,[[0.77771385]],100
4.0,2.654901960784314,71176.4705882353,[[0.00494917]],100
4.0,2.508235294117647,71176.4705882353,[[0.00021952]],100
4.0,2.508235294117647,71176.4705882353,[[0.00021952]],100
4.0,2.508235294117647,97647.05882352941,[[0.01189908]],100
4.470588235294118,2.706666666666667,71176.4705882353,[[0.00175179]],100
4.0,2.508235294117647,71176.4705882353,[[0.00021952]],100
4.0,2.508235294117647,71176.4705882353,[[0.00021952]],100
23.294117647058822,2.3701960784313725,468235.29411764705,[[0.41552989]],100
21.333333333333332,0.8776470588235294,222941.17647058822,[[0.75100696]],100
4.0,2.508235294117647,71176.4705882353,[[0.00021952]],100
4.0,2.508235294117647,71176.4705882353,[[0.00021952]],100
5.7254901960784315,2.629019607843137,245882.35294117648,[[0.28321399]],100
4.0,2.508235294117647,57058.82352941176,[[0.00396152]],100
4.0,2.4996078431372553,466470.5882352941,[[1.21004746]],100
19.450980392156865,1.7490196078431373,80000.0,[[0.49836596]],100
4.0,2.508235294117647,71176.4705882353,[[0.00021952]],100
4.0,2.508235294117647,71176.4705882353,[[0.00021952]],100
4.0,2.508235294117647,71176.4705882353,[[0.00021952]],100
4.470588235294118,2.706666666666667,210588.23529411765,[[0.17862997]],100
14.03921568627451,2.508235294117647,71176.4705882353,[[0.30683421]],100
7.843137254901961,1.5937254901960785,127647.05882352941,[[0.57259764]],100
4.0,2.4564705882352946,127647.05882352941,[[0.06739291]],100
16.392156862745097,2.6894117647058824,401176.4705882353,[[0.38908752]],100
19.137254901960784,1.2745098039215688,90588.23529411765,[[0.63545072]],100
13.96078431372549,1.567843137254902,401176.4705882353,[[0.77428872]],100
9.019607843137255,2.4996078431372553,189411.76470588235,[[0.30788408]],100
4.078431372549019,2.7843137254901964,71176.4705882353,[[0.01528035]],100
16.549019607843135,2.490980392156863,284705.8823529412,[[0.39911418]],100
4.9411764705882355,2.2321568627450983,71176.4705882353,[[0.06070831]],100
4.0,2.508235294117647,71176.4705882353,[[0.00021952]],100
4.0,2.508235294117647,71176.4705882353,[[0.00021952]],100
12.156862745098039,2.275294117647059,74705.88235294117,[[0.34603819]],100
8.941176470588236,2.594509803921569,145294.11764705883,[[0.22487195]],100
4.078431372549019,2.9396078431372548,268823.5294117647,[[0.26697346]],100
7.764705882352941,2.508235294117647,71176.4705882353,[[0.13138928]],100
20.235294117647058,2.3701960784313725,454117.64705882355,[[0.43951464]],100
4.627450980392156,2.723921568627451,67647.05882352941,[[0.0020452]],100
21.88235294117647,2.275294117647059,69411.76470588235,[[0.37893152]],100
7.137254901960784,1.6972549019607843,455882.35294117645,[[1.19636565]],100
7.529411764705882,2.8274509803921566,60588.23529411765,[[0.04923663]],100
15.92156862745098,2.206274509803922,81764.70588235294,[[0.39922316]],100
5.96078431372549,1.5937254901960785,51764.705882352944,[[0.29115676]],100
8.07843137254902,2.5686274509803924,173529.4117647059,[[0.23665112]],100
22.823529411764707,1.0070588235294118,80000.0,[[0.64585738]],100
21.568627450980394,1.4901960784313726,72941.17647058824,[[0.54047674]],100
23.294117647058822,2.0941176470588236,468235.29411764705,[[0.46347671]],100
19.450980392156865,1.7403921568627452,475294.1176470588,[[0.59959624]],100
4.0,2.508235294117647,353529.4117647059,[[0.74186128]],100
20.15686274509804,1.2486274509803923,71176.4705882353,[[0.61452019]],100
7.686274509803921,2.2580392156862743,438235.29411764705,[[0.76800778]],100
20.470588235294116,2.974117647058824,182352.9411764706,[[0.28754443]],100
14.117647058823529,1.9819607843137257,254705.88235294117,[[0.53872043]],100
8.627450980392158,1.662745098039216,312941.17647058825,[[0.84250559]],100
5.882352941176471,2.508235294117647,51764.705882352944,[[0.0270134]],101
4.078431372549019,1.5937254901960785,74705.88235294117,[[0.13856004]],101
4.0,2.508235294117647,71176.4705882353,[[0.00021952]],101
4.0,2.516862745098039,71176.4705882353,[[0.00023447]],101
9.725490196078432,2.7411764705882353,76470.58823529413,[[0.1578807]],101
4.0,2.508235294117647,410000.0,[[0.97368846]],101
15.294117647058824,2.508235294117647,78235.29411764706,[[0.3225952]],101
7.843137254901961,1.7145098039215687,99411.76470588235,[[0.46540235]],101
20.470588235294116,2.508235294117647,182352.9411764706,[[0.36087901]],101
4.0,2.974117647058824,71176.4705882353,[[0.05200613]],101
22.980392156862745,2.2407843137254906,372941.17647058825,[[0.42609918]],101
5.254901960784314,2.508235294117647,353529.4117647059,[[0.62812693]],101
14.03921568627451,2.508235294117647,81764.70588235294,[[0.3112432]],101
5.882352941176471,2.275294117647059,71176.4705882353,[[0.1033537]],101
4.078431372549019,2.9050980392156864,268823.5294117647,[[0.2796032]],101
4.0,2.542745098039216,71176.4705882353,[[0.00046993]],101
14.03921568627451,2.508235294117647,57058.82352941176,[[0.30097892]],101
4.0,2.508235294117647,71176.4705882353,[[0.00021952]],101
12.784313725490197,2.508235294117647,71176.4705882353,[[0.28815483]],101
4.0,2.6117647058823534,71176.4705882353,[[0.00254118]],101
15.92156862745098,2.6462745098039218,71176.4705882353,[[0.29700155]],101
7.764705882352941,2.206274509803922,81764.70588235294,[[0.24121832]],101
4.0,2.508235294117647,71176.4705882353,[[0.00021952]],101
4.0,2.508235294117647,71176.4705882353,[[0.00021952]],101
4.0,2.508235294117647,72941.17647058824,[[0.00027943]],101
4.0,2.508235294117647,50000.0,[[0.00887836]],101
7.137254901960784,2.508235294117647,76470.58823529413,[[0.10778008]],101
4.549019607843137,2.2580392156862743,452352.9411764706,[[1.16954216]],101
19.058823529411764,2.4564705882352946,72941.17647058824,[[0.35026289]],101
6.509803921568627,1.5419607843137255,71176.4705882353,[[0.40797154]],101
14.03921568627451,2.654901960784314,71176.4705882353,[[0.27426497]],101
4.0,2.508235294117647,71176.4705882353,[[0.00021952]],101
9.411764705882353,2.896470588235294,71176.4705882353,[[0.11188166]],101
4.0,2.508235294117647,81764.70588235294,[[0.0021979]],101
17.176470588235293,2.4996078431372553,71176.4705882353,[[0.3370418]],101
4.0,2.508235294117647,348235.29411764705,[[0.7208692]],101
4.0,2.508235294117647,71176.4705882353,[[0.00021952]],101
14.03921568627451,2.7843137254901964,72941.17647058824,[[0.24819376]],101
4.078431372549019,2.7843137254901964,71176.4705882353,[[0.01528035]],101
7.764705882352941,2.508235294117647,71176.4705882353,[[0.13138928]],101
16.549019607843135,2.508235294117647,71176.4705882353,[[0.32927323]],101
9.019607843137255,2.508235294117647,71176.4705882353,[[0.18469688]],101
4.0,2.508235294117647,71176.4705882353,[[0.00021952]],101
7.764705882352941,2.6462745098039218,71176.4705882353,[[0.09973282]],101
4.470588235294118,1.9819607843137257,184117.64705882352,[[0.34723296]],101
14.117647058823529,2.706666666666667,141764.70588235295,[[0.29173322]],101
14.117647058823529,2.508235294117647,141764.70588235295,[[0.33712427]],101
4.0,1.9819607843137257,184117.64705882352,[[0.28289379]],101
4.0,2.7152941176470593,71176.4705882353,[[0.00982268]],101
4.627450980392156,2.516862745098039,67647.05882352941,[[0.00342656]],101
4.0,2.7843137254901964,71176.4705882353,[[0.01762925]],101
9.411764705882353,2.6203921568627453,81764.70588235294,[[0.17939241]],101
4.9411764705882355,2.6462745098039218,51764.705882352944,[[0.00091239]],101
4.470588235294118,2.508235294117647,71176.4705882353,[[0.00330005]],101
4.0,2.508235294117647,71176.4705882353,[[0.00021952]],101
4.078431372549019,2.7843137254901964,71176.4705882353,[[0.01528035]],101
6.509803921568627,2.6462745098039218,74705.88235294117,[[0.05031252]],101
4.9411764705882355,2.2321568627450983,71176.4705882353,[[0.06070831]],101
4.470588235294118,2.6980392156862747,122352.94117647059,[[0.02378484]],101
7.764705882352941,2.6376470588235295,71176.4705882353,[[0.10157323]],101
8.862745098039216,2.6894117647058824,498235.29411764705,[[0.56845961]],101
15.372549019607844,2.974117647058824,62352.94117647059,[[0.22817296]],101
4.0,2.508235294117647,71176.4705882353,[[0.00021952]],101
4.0,2.4737254901960783,71176.4705882353,[[0.00208655]],101
4.0,2.8878431372549027,99411.76470588235,[[0.00341922]],101
22.58823529411765,2.508235294117647,53529.41176470588,[[0.3380136]],101
4.0,2.508235294117647,71176.4705882353,[[0.00021952]],101
4.0,1.9215686274509804,127647.05882352941,[[0.156219]],101
4.0,2.508235294117647,71176.4705882353,[[0.00021952]],101
4.0,2.490980392156863,71176.4705882353,[[0.00151013]],101
14.980392156862745,2.223529411764706,175294.11764705883,[[0.42880573]],101
9.568627450980392,1.887058823529412,71176.4705882353,[[0.41497311]],101
4.0,2.4996078431372553,122352.94117647059,[[0.05103367]],101
11.529411764705882,2.508235294117647,71176.4705882353,[[0.2624832]],101
4.0,2.508235294117647,71176.4705882353,[[0.00021952]],101
4.0,2.508235294117647,71176.4705882353,[[0.00021952]],101
4.0,2.6117647058823534,51764.705882352944,[[0.01877104]],101
4.0,2.7843137254901964,71176.4705882353,[[0.01762925]],101
16.392156862745097,2.6894117647058824,401176.4705882353,[[0.38908752]],101
4.0,2.508235294117647,71176.4705882353,[[0.00021952]],101
4.0,2.922352941176471,81764.70588235294,[[0.02322172]],101
17.490196078431374,2.508235294117647,71176.4705882353,[[0.33397443]],101
19.058823529411764,2.4737254901960783,80000.0,[[0.34867913]],101
7.764705882352941,2.974117647058824,184117.64705882352,[[0.12846482]],101
7.764705882352941,2.508235294117647,71176.4705882353,[[0.13138928]],101
4.0,2.508235294117647,71176.4705882353,[[0.00021952]],101
4.0,2.508235294117647,71176.4705882353,[[0.00021952]],101
4.0,2.508235294117647,71176.4705882353,[[0.00021952]],101
5.647058823529411,2.7843137254901964,72941.17647058824,[[0.00663589]],101
4.1568627450980395,2.629019607843137,244117.64705882352,[[0.30034758]],101
8.07843137254902,2.5686274509803924,173529.4117647059,[[0.23665112]],101
4.0,2.508235294117647,71176.4705882353,[[0.00021952]],101
4.0,2.508235294117647,71176.4705882353,[[0.00021952]],101
4.470588235294118,2.508235294117647,74705.88235294117,[[0.00489061]],101
20.15686274509804,1.2486274509803923,173529.4117647059,[[0.64012042]],101
8.07843137254902,2.5686274509803924,71176.4705882353,[[0.13071487]],101
5.254901960784314,2.974117647058824,72941.17647058824,[[0.00360523]],102
15.294117647058824,2.508235294117647,62352.94117647059,[[0.3170646]],102
4.0,2.974117647058824,50000.0,[[0.11145173]],102
4.0,2.6117647058823534,72941.17647058824,[[0.00185918]],102
4.0,2.6117647058823534,71176.4705882353,[[0.00254118]],102
4.0,2.508235294117647,71176.4705882353,[[0.00021952]],102
4.0,2.516862745098039,71176.4705882353,[[0.00023447]],102
4.0,2.508235294117647,71176.4705882353,[[0.00021952]],102
9.725490196078432,2.7411764705882353,302352.9411764706,[[0.3341198]],102
4.0,2.508235294117647,64117.64705882353,[[0.00112419]],102
10.666666666666668,2.896470588235294,74705.88235294117,[[0.15321453]],102
4.0,2.508235294117647,71176.4705882353,[[0.00021952]],102
16.392156862745097,2.6894117647058824,401176.4705882353,[[0.38908752]],102
4.470588235294118,2.508235294117647,71176.4705882353,[[0.00330005]],102
6.509803921568627,2.6462745098039218,74705.88235294117,[[0.05031252]],102
14.03921568627451,2.508235294117647,57058.82352941176,[[0.30097892]],102
4.0,2.490980392156863,71176.4705882353,[[0.00151013]],102
4.0,1.9992156862745099,184117.64705882352,[[0.28158949]],102
6.509803921568627,2.508235294117647,74705.88235294117,[[0.07644403]],102
7.764705882352941,2.6462745098039218,71176.4705882353,[[0.09973282]],102
4.0,1.956078431372549,58823.529411764706,[[0.03476224]],102
4.9411764705882355,2.6117647058823534,127647.05882352941,[[0.05645932]],102
9.411764705882353,2.896470588235294,71176.4705882353,[[0.11188166]],102
4.0,2.4737254901960783,71176.4705882353,[[0.00208655]],102
4.0,2.6117647058823534,71176.4705882353,[[0.00254118]],102
4.0,1.9819607843137257,184117.64705882352,[[0.28289379]],102
4.0,2.508235294117647,74705.88235294117,[[0.00044978]],102
4.470588235294118,2.508235294117647,71176.4705882353,[[0.00330005]],102
4.0,2.508235294117647,71176.4705882353,[[0.00021952]],102
4.0,2.6117647058823534,72941.17647058824,[[0.00185918]],102
7.764705882352941,2.6376470588235295,71176.4705882353,[[0.10157323]],102
9.019607843137255,2.508235294117647,71176.4705882353,[[0.18469688]],102
4.0,2.922352941176471,71176.4705882353,[[0.04070252]],102
4.0,2.508235294117647,81764.70588235294,[[0.0021979]],102
4.470588235294118,2.6980392156862747,122352.94117647059,[[0.02378484]],102
4.0,2.7843137254901964,71176.4705882353,[[0.01762925]],102
4.9411764705882355,2.2321568627450983,71176.4705882353,[[0.06070831]],102
4.0,2.7843137254901964,71176.4705882353,[[0.01762925]],102
4.0,2.508235294117647,71176.4705882353,[[0.00021952]],102
7.764705882352941,2.508235294117647,71176.4705882353,[[0.13138928]],102
4.0,2.922352941176471,67647.05882352941,[[0.04779422]],102
4.0,2.508235294117647,85294.11764705883,[[0.00368681]],102
9.019607843137255,2.508235294117647,71176.4705882353,[[0.18469688]],102
4.0,2.508235294117647,71176.4705882353,[[0.00021952]],102
12.784313725490197,2.6117647058823534,71176.4705882353,[[0.26361292]],102
4.0,2.508235294117647,51764.705882352944,[[0.00744561]],102
9.568627450980392,1.8180392156862746,71176.4705882353,[[0.44239848]],102
4.0,2.577254901960784,71176.4705882353,[[0.00123789]],102
4.0,2.508235294117647,71176.4705882353,[[0.00021952]],102
4.0,2.508235294117647,81764.70588235294,[[0.0021979]],102
4.1568627450980395,2.508235294117647,244117.64705882352,[[0.34243485]],102
4.0,2.629019607843137,71176.4705882353,[[0.00339961]],102
5.647058823529411,2.7843137254901964,58823.529411764706,[[0.0023297]],102
4.313725490196078,2.508235294117647,92352.94117647059,[[0.01375027]],102
7.764705882352941,2.542745098039216,71176.4705882353,[[0.12303464]],102
4.0,2.508235294117647,71176.4705882353,[[0.00021952]],102
4.0,2.56,71176.4705882353,[[0.00078808]],102
4.470588235294118,2.6462745098039218,122352.94117647059,[[0.03100198]],102
8.392156862745098,2.508235294117647,159411.76470588235,[[0.2489475]],102
4.470588235294118,2.6721568627450982,440000.0,[[0.9497708]],102
4.0,2.508235294117647,71176.4705882353,[[0.00021952]],102
4.0,2.508235294117647,50000.0,[[0.00887836]],102
4.0,2.490980392156863,71176.4705882353,[[0.00151013]],102
4.0,2.508235294117647,71176.4705882353,[[0.00021952]],102
4.0,2.508235294117647,71176.4705882353,[[0.00021952]],102
4.0,2.508235294117647,71176.4705882353,[[0.00021952]],102
17.176470588235293,2.508235294117647,71176.4705882353,[[0.33253321]],102
4.0,2.4996078431372553,71176.4705882353,[[0.00126125]],102
4.0,2.508235294117647,71176.4705882353,[[0.00021952]],102
7.764705882352941,2.508235294117647,71176.4705882353,[[0.13138928]],102
7.764705882352941,2.6462745098039218,50000.0,[[0.08173709]],102
4.0,2.508235294117647,71176.4705882353,[[0.00021952]],102
4.0,2.508235294117647,71176.4705882353,[[0.00021952]],102
4.470588235294118,2.508235294117647,71176.4705882353,[[0.00330005]],102
7.764705882352941,2.4823529411764707,81764.70588235294,[[0.15981238]],102
4.0,2.2321568627450983,71176.4705882353,[[0.01958156]],102
9.019607843137255,2.7411764705882353,76470.58823529413,[[0.13320116]],102
4.705882352941177,2.508235294117647,71176.4705882353,[[0.0069354]],102
4.0,1.9215686274509804,127647.05882352941,[[0.156219]],102
4.470588235294118,2.6980392156862747,122352.94117647059,[[0.02378484]],102
14.117647058823529,2.508235294117647,141764.70588235295,[[0.33712427]],102
4.0,2.508235294117647,71176.4705882353,[[0.00021952]],102
4.0,2.7843137254901964,71176.4705882353,[[0.01762925]],102
5.490196078431373,2.9050980392156864,268823.5294117647,[[0.22861925]],102
4.0,1.9215686274509804,71176.4705882353,[[0.05500083]],102
4.0,2.508235294117647,127647.05882352941,[[0.04877626]],102
16.392156862745097,2.974117647058824,175294.11764705883,[[0.269362]],102
7.764705882352941,2.6894117647058824,410000.0,[[0.50058189]],102
4.0,2.508235294117647,297058.8235294118,[[0.52590939]],102
4.0,2.508235294117647,71176.4705882353,[[0.00021952]],102
14.03921568627451,2.654901960784314,71176.4705882353,[[0.27426497]],102
4.470588235294118,2.508235294117647,71176.4705882353,[[0.00330005]],102
4.0,2.508235294117647,81764.70588235294,[[0.0021979]],102
4.0,2.508235294117647,71176.4705882353,[[0.00021952]],102
6.509803921568627,2.7843137254901964,71176.4705882353,[[0.02744061]],102
14.117647058823529,2.508235294117647,71176.4705882353,[[0.30779407]],102
8.392156862745098,2.508235294117647,159411.76470588235,[[0.2489475]],103
7.764705882352941,2.508235294117647,71176.4705882353,[[0.13138928]],103
4.0,2.508235294117647,71176.4705882353,[[0.00021952]],103
4.705882352941177,2.508235294117647,71176.4705882353,[[0.0069354]],103
4.470588235294118,2.4737254901960783,71176.4705882353,[[0.00967655]],103
4.627450980392156,2.6462745098039218,72941.17647058824,[[0.00067961]],103
4.0,2.6117647058823534,71176.4705882353,[[0.00254118]],103
4.470588235294118,2.508235294117647,71176.4705882353,[[0.00330005]],103
4.0,2.629019607843137,71176.4705882353,[[0.00339961]],103
4.0,2.508235294117647,71176.4705882353,[[0.00021952]],103
6.509803921568627,2.508235294117647,71176.4705882353,[[0.07265647]],103
4.0,2.508235294117647,74705.88235294117,[[0.00044978]],103
4.627450980392156,2.6117647058823534,72941.17647058824,[[0.00140379]],103
4.078431372549019,2.508235294117647,71176.4705882353,[[0.0003193]],103
4.0,2.490980392156863,71176.4705882353,[[0.00151013]],103
4.0,2.56,71176.4705882353,[[0.00078808]],103
4.0,2.4737254901960783,71176.4705882353,[[0.00208655]],103
4.0,2.508235294117647,71176.4705882353,[[0.00021952]],103
4.0,2.3701960784313725,99411.76470588235,[[0.03682811]],103
9.411764705882353,2.896470588235294,71176.4705882353,[[0.11188166]],103
5.254901960784314,2.508235294117647,72941.17647058824,[[0.02277498]],103
4.0,2.974117647058824,71176.4705882353,[[0.05200613]],103
4.0,2.6203921568627453,71176.4705882353,[[0.00295339]],103
9.411764705882353,2.7843137254901964,71176.4705882353,[[0.13427281]],103
5.254901960784314,2.7843137254901964,92352.94117647059,[[0.00836845]],103
4.313725490196078,2.6980392156862747,72941.17647058824,[[0.00236684]],103
4.0,2.508235294117647,64117.64705882353,[[0.00112419]],103
4.0,2.508235294117647,71176.4705882353,[[0.00021952]],103
7.764705882352941,2.508235294117647,71176.4705882353,[[0.13138928]],103
4.0,2.6376470588235295,71176.4705882353,[[0.00388082]],103
4.0,2.508235294117647,71176.4705882353,[[0.00021952]],103
4.470588235294118,2.508235294117647,71176.4705882353,[[0.00330005]],103
9.098039215686274,1.507450980392157,185882.35294117648,[[0.72971292]],103
4.0,2.508235294117647,71176.4705882353,[[0.00021952]],103
4.0,2.516862745098039,57058.82352941176,[[0.00448529]],103
4.0,2.508235294117647,50000.0,[[0.00887836]],103
7.764705882352941,2.6376470588235295,71176.4705882353,[[0.10157323]],103
4.0,2.508235294117647,71176.4705882353,[[0.00021952]],103
4.0,2.508235294117647,71176.4705882353,[[0.00021952]],103
4.0,2.4996078431372553,71176.4705882353,[[0.00126125]],103
4.0,2.2321568627450983,71176.4705882353,[[0.01958156]],103
4.0,2.508235294117647,71176.4705882353,[[0.00021952]],103
4.0,1.956078431372549,51764.705882352944,[[0.02654956]],103
4.0,2.508235294117647,88823.5294117647,[[0.0055674]],103
4.0,2.508235294117647,78235.29411764706,[[0.00111418]],103
4.0,2.7843137254901964,74705.88235294117,[[0.01362978]],103
4.0,2.508235294117647,71176.4705882353,[[0.00021952]],103
4.0,2.7843137254901964,71176.4705882353,[[0.01762925]],103
4.0,2.508235294117647,71176.4705882353,[[0.00021952]],103
4.0,2.7843137254901964,71176.4705882353,[[0.01762925]],103
4.0,2.508235294117647,81764.70588235294,[[0.0021979]],103
7.764705882352941,2.508235294117647,71176.4705882353,[[0.13138928]],103
4.0,2.7843137254901964,71176.4705882353,[[0.01762925]],103
4.0,2.508235294117647,71176.4705882353,[[0.00021952]],103
4.0,2.577254901960784,71176.4705882353,[[0.00123789]],103
4.0,2.508235294117647,71176.4705882353,[[0.00021952]],103
4.0,2.7843137254901964,71176.4705882353,[[0.01762925]],103
4.0,2.508235294117647,71176.4705882353,[[0.00021952]],103
4.0,2.508235294117647,81764.70588235294,[[0.0021979]],103
4.0,2.508235294117647,71176.4705882353,[[0.00021952]],103
4.0,2.4737254901960783,81764.70588235294,[[0.00748802]],103
4.0,2.6117647058823534,291764.70588235295,[[0.47112398]],103
4.0,2.4996078431372553,71176.4705882353,[[0.00126125]],103
14.980392156862745,2.7498039215686276,71176.4705882353,[[0.26700561]],103
4.0,2.508235294117647,71176.4705882353,[[0.00021952]],103
4.0,2.508235294117647,71176.4705882353,[[0.00021952]],103
5.254901960784314,2.508235294117647,64117.64705882353,[[0.0157346]],103
4.392156862745098,2.7843137254901964,58823.529411764706,[[0.01845514]],103
4.0,2.508235294117647,71176.4705882353,[[0.00021952]],103
4.0,2.508235294117647,71176.4705882353,[[0.00021952]],103
4.0,2.508235294117647,74705.88235294117,[[0.00044978]],103
4.0,2.508235294117647,81764.70588235294,[[0.0021979]],103
4.0,2.508235294117647,71176.4705882353,[[0.00021952]],103
4.0,1.9819607843137257,184117.64705882352,[[0.28289379]],103
4.0,2.508235294117647,71176.4705882353,[[0.00021952]],103
10.666666666666668,2.896470588235294,74705.88235294117,[[0.15321453]],103
4.0,2.508235294117647,71176.4705882353,[[0.00021952]],103
4.0,2.6980392156862747,71176.4705882353,[[0.0082477]],103
4.0,2.508235294117647,71176.4705882353,[[0.00021952]],103
4.0,2.629019607843137,71176.4705882353,[[0.00339961]],103
4.0,2.508235294117647,71176.4705882353,[[0.00021952]],103
4.0,2.508235294117647,74705.88235294117,[[0.00044978]],103
4.0,2.508235294117647,159411.76470588235,[[0.10897632]],103
8.392156862745098,2.6117647058823534,72941.17647058824,[[0.13532583]],103
4.0,2.4737254901960783,71176.4705882353,[[0.00208655]],103
4.0,2.508235294117647,85294.11764705883,[[0.00368681]],103
4.0,2.508235294117647,71176.4705882353,[[0.00021952]],103
4.0,2.508235294117647,64117.64705882353,[[0.00112419]],103
4.313725490196078,1.4039215686274509,71176.4705882353,[[0.19453219]],103
4.470588235294118,2.508235294117647,71176.4705882353,[[0.00330005]],103
4.470588235294118,2.974117647058824,50000.0,[[0.06466376]],103
4.0,2.508235294117647,184117.64705882352,[[0.16769036]],103
4.0,2.508235294117647,71176.4705882353,[[0.00021952]],103
4.0,2.7843137254901964,71176.4705882353,[[0.01762925]],103
4.0,2.508235294117647,275882.3529411765,[[0.45010813]],103
4.0,2.922352941176471,71176.4705882353,[[0.04070252]],103
4.0,2.6376470588235295,71176.4705882353,[[0.00388082]],104
4.0,2.508235294117647,71176.4705882353,[[0.00021952]],104
4.0,2.508235294117647,71176.4705882353,[[0.00021952]],104
4.0,2.508235294117647,71176.4705882353,[[0.00021952]],104
4.0,2.508235294117647,71176.4705882353,[[0.00021952]],104
4.0,2.508235294117647,71176.4705882353,[[0.00021952]],104
4.0,2.508235294117647,113529.41176470587,[[0.02868063]],104
4.0,2.508235294117647,74705.88235294117,[[0.00044978]],104
4.0,2.4737254901960783,71176.4705882353,[[0.00208655]],104
4.0,2.508235294117647,81764.70588235294,[[0.0021979]],104
4.0,2.836078431372549,127647.05882352941,[[0.00734599]],104
4.0,2.508235294117647,71176.4705882353,[[0.00021952]],104
4.313725490196078,2.508235294117647,71176.4705882353,[[0.00159085]],104
4.1568627450980395,2.508235294117647,71176.4705882353,[[0.00057665]],104
4.0,2.4737254901960783,71176.4705882353,[[0.00208655]],104
4.470588235294118,2.508235294117647,71176.4705882353,[[0.00330005]],104
4.0,2.508235294117647,71176.4705882353,[[0.00021952]],104
4.0,2.508235294117647,71176.4705882353,[[0.00021952]],104
8.392156862745098,2.508235294117647,159411.76470588235,[[0.2489475]],104
4.0,2.6980392156862747,71176.4705882353,[[0.0082477]],104
4.470588235294118,2.508235294117647,71176.4705882353,[[0.00330005]],104
4.313725490196078,2.508235294117647,71176.4705882353,[[0.00159085]],104
4.0,2.6117647058823534,71176.4705882353,[[0.00254118]],104
4.0,2.4737254901960783,71176.4705882353,[[0.00208655]],104
14.03921568627451,2.4996078431372553,71176.4705882353,[[0.31361693]],104
4.0,2.7843137254901964,71176.4705882353,[[0.01762925]],104
4.0,2.508235294117647,50000.0,[[0.00887836]],104
4.0,2.508235294117647,71176.4705882353,[[0.00021952]],104
4.0,2.508235294117647,78235.29411764706,[[0.00111418]],104
4.0,2.508235294117647,71176.4705882353,[[0.00021952]],104
4.0,2.508235294117647,85294.11764705883,[[0.00368681]],104
4.0,2.508235294117647,71176.4705882353,[[0.00021952]],104
4.0,2.508235294117647,71176.4705882353,[[0.00021952]],104
4.0,2.7843137254901964,71176.4705882353,[[0.01762925]],104
4.0,2.508235294117647,71176.4705882353,[[0.00021952]],104
4.0,2.508235294117647,71176.4705882353,[[0.00021952]],104
4.470588235294118,2.4737254901960783,50000.0,[[0.00072794]],104
4.0,2.974117647058824,71176.4705882353,[[0.05200613]],104
4.0,2.508235294117647,71176.4705882353,[[0.00021952]],104
4.0,2.508235294117647,71176.4705882353,[[0.00021952]],104
4.0,2.508235294117647,71176.4705882353,[[0.00021952]],104
4.0,2.7843137254901964,71176.4705882353,[[0.01762925]],104
4.0,2.6117647058823534,240588.23529411765,[[0.29834376]],104
4.627450980392156,2.4737254901960783,71176.4705882353,[[0.0129641]],104
4.0,2.508235294117647,71176.4705882353,[[0.00021952]],104
4.0,2.508235294117647,71176.4705882353,[[0.00021952]],104
7.764705882352941,2.7756862745098045,71176.4705882353,[[0.07429376]],104
4.0,2.6462745098039218,74705.88235294117,[[0.00263312]],104
4.0,2.508235294117647,71176.4705882353,[[0.00021952]],104
4.0,2.508235294117647,71176.4705882353,[[0.00021952]],104
4.0,2.508235294117647,71176.4705882353,[[0.00021952]],104
7.764705882352941,2.508235294117647,71176.4705882353,[[0.13138928]],104
4.0,2.4737254901960783,71176.4705882353,[[0.00208655]],104
4.0,2.577254901960784,71176.4705882353,[[0.00123789]],104
4.0,2.577254901960784,64117.64705882353,[[0.00417043]],104
4.0,2.508235294117647,64117.64705882353,[[0.00112419]],104
4.0,2.4737254901960783,71176.4705882353,[[0.00208655]],104
4.0,2.508235294117647,85294.11764705883,[[0.00368681]],104
4.0,2.508235294117647,71176.4705882353,[[0.00021952]],104
4.0,2.508235294117647,71176.4705882353,[[0.00021952]],104
4.0,2.508235294117647,53529.41176470588,[[0.00615025]],104
4.0,2.508235294117647,99411.76470588235,[[0.01343285]],104
4.0,2.508235294117647,50000.0,[[0.00887836]],104
4.0,2.508235294117647,71176.4705882353,[[0.00021952]],104
4.0,2.5858823529411765,71176.4705882353,[[0.00151286]],104
4.0,2.508235294117647,71176.4705882353,[[0.00021952]],104
5.254901960784314,2.508235294117647,71176.4705882353,[[0.02127087]],104
4.0,2.508235294117647,64117.64705882353,[[0.00112419]],104
4.0,2.508235294117647,71176.4705882353,[[0.00021952]],104
4.0,2.56,71176.4705882353,[[0.00078808]],104
4.0,2.508235294117647,71176.4705882353,[[0.00021952]],104
4.0,2.922352941176471,71176.4705882353,[[0.04070252]],104
4.0,2.508235294117647,71176.4705882353,[[0.00021952]],104
4.0,2.508235294117647,71176.4705882353,[[0.00021952]],104
4.0,2.508235294117647,71176.4705882353,[[0.00021952]],104
4.0,2.508235294117647,71176.4705882353,[[0.00021952]],104
4.0,2.508235294117647,74705.88235294117,[[0.00044978]],104
4.0,2.4737254901960783,81764.70588235294,[[0.00748802]],104
4.392156862745098,2.7843137254901964,58823.529411764706,[[0.01845514]],104
4.0,2.508235294117647,71176.4705882353,[[0.00021952]],104
4.0,2.508235294117647,71176.4705882353,[[0.00021952]],104
4.0,2.6203921568627453,71176.4705882353,[[0.00295339]],104
4.078431372549019,2.508235294117647,71176.4705882353,[[0.0003193]],104
4.0,2.7843137254901964,71176.4705882353,[[0.01762925]],104
4.0,2.508235294117647,74705.88235294117,[[0.00044978]],104
4.0,2.508235294117647,71176.4705882353,[[0.00021952]],104
9.019607843137255,2.508235294117647,71176.4705882353,[[0.18469688]],104
5.254901960784314,2.508235294117647,72941.17647058824,[[0.02277498]],104
4.0,2.508235294117647,71176.4705882353,[[0.00021952]],104
4.0,2.508235294117647,71176.4705882353,[[0.00021952]],104
4.0,2.508235294117647,71176.4705882353,[[0.00021952]],104
4.0,2.508235294117647,71176.4705882353,[[0.00021952]],104
4.0,2.6203921568627453,71176.4705882353,[[0.00295339]],104
4.392156862745098,2.7843137254901964,58823.529411764706,[[0.01845514]],104
4.0,2.4737254901960783,71176.4705882353,[[0.00208655]],104
4.313725490196078,2.508235294117647,138235.29411764705,[[0.07570662]],104
4.0,2.508235294117647,71176.4705882353,[[0.00021952]],105
4.0,2.56,71176.4705882353,[[0.00078808]],105
4.470588235294118,2.508235294117647,71176.4705882353,[[0.00330005]],105
4.0,2.508235294117647,71176.4705882353,[[0.00021952]],105
4.0,2.4737254901960783,71176.4705882353,[[0.00208655]],105
4.0,2.508235294117647,71176.4705882353,[[0.00021952]],105
4.0,2.508235294117647,71176.4705882353,[[0.00021952]],105
4.0,2.508235294117647,71176.4705882353,[[0.00021952]],105
4.0,2.508235294117647,71176.4705882353,[[0.00021952]],105
4.0,2.508235294117647,71176.4705882353,[[0.00021952]],105
4.627450980392156,2.4737254901960783,71176.4705882353,[[0.0129641]],105
4.627450980392156,2.4737254901960783,71176.4705882353,[[0.0129641]],105
4.0,2.4737254901960783,71176.4705882353,[[0.00208655]],105
4.0,2.508235294117647,71176.4705882353,[[0.00021952]],105
4.0,2.508235294117647,71176.4705882353,[[0.00021952]],105
4.0,2.6117647058823534,71176.4705882353,[[0.00254118]],105
4.0,2.508235294117647,50000.0,[[0.00887836]],105
4.0,2.508235294117647,71176.4705882353,[[0.00021952]],105
4.0,2.508235294117647,71176.4705882353,[[0.00021952]],105
4.0,2.508235294117647,71176.4705882353,[[0.00021952]],105
4.0,2.508235294117647,71176.4705882353,[[0.00021952]],105
4.0,2.508235294117647,71176.4705882353,[[0.00021952]],105
4.0,2.508235294117647,71176.4705882353,[[0.00021952]],105
4.0,2.508235294117647,71176.4705882353,[[0.00021952]],105
4.0,2.577254901960784,71176.4705882353,[[0.00123789]],105
4.0,2.508235294117647,71176.4705882353,[[0.00021952]],105
4.0,2.508235294117647,64117.64705882353,[[0.00112419]],105
4.0,2.508235294117647,74705.88235294117,[[0.00044978]],105
4.0,2.508235294117647,71176.4705882353,[[0.00021952]],105
4.0,2.508235294117647,71176.4705882353,[[0.00021952]],105
4.0,2.508235294117647,71176.4705882353,[[0.00021952]],105
4.0,2.508235294117647,71176.4705882353,[[0.00021952]],105
4.0,2.508235294117647,71176.4705882353,[[0.00021952]],105
4.0,2.508235294117647,71176.4705882353,[[0.00021952]],105
4.0,2.4737254901960783,71176.4705882353,[[0.00208655]],105
4.0,2.6117647058823534,71176.4705882353,[[0.00254118]],105
4.0,2.508235294117647,71176.4705882353,[[0.00021952]],105
4.470588235294118,2.508235294117647,71176.4705882353,[[0.00330005]],105
4.0,2.508235294117647,71176.4705882353,[[0.00021952]],105
4.0,2.508235294117647,71176.4705882353,[[0.00021952]],105
4.0,2.508235294117647,71176.4705882353,[[0.00021952]],105
4.0,2.508235294117647,71176.4705882353,[[0.00021952]],105
4.0,2.4737254901960783,71176.4705882353,[[0.00208655]],105
4.0,2.508235294117647,71176.4705882353,[[0.00021952]],105
4.0,2.508235294117647,71176.4705882353,[[0.00021952]],105
4.0,2.508235294117647,71176.4705882353,[[0.00021952]],105
4.313725490196078,2.508235294117647,71176.4705882353,[[0.00159085]],105
4.0,2.508235294117647,71176.4705882353,[[0.00021952]],105
4.0,2.4737254901960783,187647.0588235294,[[0.19779715]],105
4.0,2.4737254901960783,71176.4705882353,[[0.00208655]],105
4.0,2.7843137254901964,184117.64705882352,[[0.09701641]],105
4.0,2.508235294117647,71176.4705882353,[[0.00021952]],105
4.0,2.508235294117647,71176.4705882353,[[0.00021952]],105
4.0,2.508235294117647,71176.4705882353,[[0.00021952]],105
4.0,2.4737254901960783,71176.4705882353,[[0.00208655]],105
4.0,2.508235294117647,71176.4705882353,[[0.00021952]],105
4.0,2.508235294117647,71176.4705882353,[[0.00021952]],105
4.0,2.508235294117647,74705.88235294117,[[0.00044978]],105
4.313725490196078,2.508235294117647,71176.4705882353,[[0.00159085]],105
4.0,2.508235294117647,71176.4705882353,[[0.00021952]],105
4.0,2.508235294117647,71176.4705882353,[[0.00021952]],105
4.0,2.6203921568627453,71176.4705882353,[[0.00295339]],105
4.1568627450980395,2.508235294117647,71176.4705882353,[[0.00057665]],105
4.0,2.508235294117647,71176.4705882353,[[0.00021952]],105
4.0,2.508235294117647,71176.4705882353,[[0.00021952]],105
4.0,2.56,74705.88235294117,[[0.00030043]],105
4.0,2.508235294117647,74705.88235294117,[[0.00044978]],105
4.1568627450980395,2.508235294117647,71176.4705882353,[[0.00057665]],105
4.0,2.508235294117647,71176.4705882353,[[0.00021952]],105
4.0,2.508235294117647,71176.4705882353,[[0.00021952]],105
4.0,2.508235294117647,72941.17647058824,[[0.00027943]],105
4.0,2.508235294117647,71176.4705882353,[[0.00021952]],105
4.078431372549019,2.577254901960784,120588.23529411765,[[0.02984694]],105
4.0,2.508235294117647,71176.4705882353,[[0.00021952]],105
4.0,2.836078431372549,113529.41176470587,[[0.00102668]],105
4.549019607843137,2.4737254901960783,64117.64705882353,[[0.00691536]],105
4.0,2.508235294117647,71176.4705882353,[[0.00021952]],105
4.0,2.4737254901960783,71176.4705882353,[[0.00208655]],105
4.0,2.508235294117647,71176.4705882353,[[0.00021952]],105
4.0,2.508235294117647,71176.4705882353,[[0.00021952]],105
4.0,2.508235294117647,85294.11764705883,[[0.00368681]],105
4.0,2.508235294117647,71176.4705882353,[[0.00021952]],105
4.0,2.508235294117647,71176.4705882353,[[0.00021952]],105
4.0,2.508235294117647,71176.4705882353,[[0.00021952]],105
4.0,2.508235294117647,71176.4705882353,[[0.00021952]],105
4.0,2.508235294117647,74705.88235294117,[[0.00044978]],105
4.627450980392156,2.4737254901960783,71176.4705882353,[[0.0129641]],105
4.1568627450980395,2.508235294117647,71176.4705882353,[[0.00057665]],105
4.0,2.508235294117647,71176.4705882353,[[0.00021952]],105
4.0,2.508235294117647,71176.4705882353,[[0.00021952]],105
4.0,2.508235294117647,71176.4705882353,[[0.00021952]],105
4.0,2.508235294117647,71176.4705882353,[[0.00021952]],105
4.0,2.508235294117647,71176.4705882353,[[0.00021952]],105
4.0,2.508235294117647,71176.4705882353,[[0.00021952]],105
4.0,2.508235294117647,71176.4705882353,[[0.00021952]],105
4.0,2.508235294117647,71176.4705882353,[[0.00021952]],105
4.0,2.508235294117647,71176.4705882353,[[0.00021952]],106
4.0,2.508235294117647,71176.4705882353,[[0.00021952]],106
4.0,2.508235294117647,71176.4705882353,[[0.00021952]],106
4.0,2.508235294117647,58823.529411764706,[[0.00306322]],106
4.0,2.508235294117647,71176.4705882353,[[0.00021952]],106
4.0,2.508235294117647,71176.4705882353,[[0.00021952]],106
4.0,2.508235294117647,71176.4705882353,[[0.00021952]],106
4.0,2.508235294117647,71176.4705882353,[[0.00021952]],106
4.0,2.508235294117647,71176.4705882353,[[0.00021952]],106
4.0,2.508235294117647,99411.76470588235,[[0.01343285]],106
4.0,2.508235294117647,71176.4705882353,[[0.00021952]],106
4.0,1.956078431372549,65882.35294117648,[[0.04385366]],106
4.0,2.508235294117647,71176.4705882353,[[0.00021952]],106
4.0,2.508235294117647,71176.4705882353,[[0.00021952]],106
4.0,2.508235294117647,71176.4705882353,[[0.00021952]],106
4.0,2.508235294117647,71176.4705882353,[[0.00021952]],106
4.0,2.508235294117647,71176.4705882353,[[0.00021952]],106
4.0,2.508235294117647,71176.4705882353,[[0.00021952]],106
4.0,2.508235294117647,71176.4705882353,[[0.00021952]],106
4.0,2.508235294117647,71176.4705882353,[[0.00021952]],106
4.0,2.516862745098039,71176.4705882353,[[0.00023447]],106
4.0,2.508235294117647,71176.4705882353,[[0.00021952]],106
4.0,2.508235294117647,74705.88235294117,[[0.00044978]],106
4.0,2.508235294117647,71176.4705882353,[[0.00021952]],106
4.0,2.508235294117647,71176.4705882353,[[0.00021952]],106
4.0,2.508235294117647,71176.4705882353,[[0.00021952]],106
4.0,2.508235294117647,71176.4705882353,[[0.00021952]],106
4.078431372549019,2.508235294117647,71176.4705882353,[[0.0003193]],106
4.0,2.508235294117647,71176.4705882353,[[0.00021952]],106
4.0,2.508235294117647,71176.4705882353,[[0.00021952]],106
4.0,2.508235294117647,71176.4705882353,[[0.00021952]],106
4.0,2.508235294117647,71176.4705882353,[[0.00021952]],106
4.0,2.508235294117647,71176.4705882353,[[0.00021952]],106
4.0,2.508235294117647,71176.4705882353,[[0.00021952]],106
4.0,2.508235294117647,71176.4705882353,[[0.00021952]],106
4.0,2.508235294117647,71176.4705882353,[[0.00021952]],106
4.0,2.508235294117647,71176.4705882353,[[0.00021952]],106
4.0,2.508235294117647,71176.4705882353,[[0.00021952]],106
4.0,2.508235294117647,71176.4705882353,[[0.00021952]],106
4.627450980392156,2.508235294117647,127647.05882352941,[[0.06725224]],106
4.0,2.508235294117647,71176.4705882353,[[0.00021952]],106
4.0,2.508235294117647,71176.4705882353,[[0.00021952]],106
4.0,2.508235294117647,71176.4705882353,[[0.00021952]],106
4.0,2.508235294117647,71176.4705882353,[[0.00021952]],106
4.0,2.508235294117647,71176.4705882353,[[0.00021952]],106
4.0,2.508235294117647,71176.4705882353,[[0.00021952]],106
4.0,2.508235294117647,71176.4705882353,[[0.00021952]],106
4.0,2.4737254901960783,71176.4705882353,[[0.00208655]],106
4.0,2.508235294117647,71176.4705882353,[[0.00021952]],106
4.0,2.508235294117647,71176.4705882353,[[0.00021952]],106
4.0,2.508235294117647,71176.4705882353,[[0.00021952]],106
4.0,2.508235294117647,71176.4705882353,[[0.00021952]],106
4.0,2.508235294117647,71176.4705882353,[[0.00021952]],106
4.0,2.508235294117647,71176.4705882353,[[0.00021952]],106
4.0,2.508235294117647,71176.4705882353,[[0.00021952]],106
4.0,2.508235294117647,71176.4705882353,[[0.00021952]],106
4.0,2.508235294117647,297058.8235294118,[[0.52590939]],106
4.0,2.508235294117647,71176.4705882353,[[0.00021952]],106
4.0,2.508235294117647,71176.4705882353,[[0.00021952]],106
4.0,2.508235294117647,71176.4705882353,[[0.00021952]],106
4.0,2.508235294117647,71176.4705882353,[[0.00021952]],106
4.0,2.508235294117647,71176.4705882353,[[0.00021952]],106
4.0,2.508235294117647,131176.4705882353,[[0.05449079]],106
4.0,2.508235294117647,71176.4705882353,[[0.00021952]],106
4.0,2.508235294117647,71176.4705882353,[[0.00021952]],106
4.0,2.7843137254901964,71176.4705882353,[[0.01762925]],106
4.0,2.508235294117647,71176.4705882353,[[0.00021952]],106
4.0,2.508235294117647,71176.4705882353,[[0.00021952]],106
4.0,2.508235294117647,71176.4705882353,[[0.00021952]],106
4.0,2.508235294117647,71176.4705882353,[[0.00021952]],106
4.0,2.508235294117647,71176.4705882353,[[0.00021952]],106
4.0,2.508235294117647,71176.4705882353,[[0.00021952]],106
4.0,2.508235294117647,71176.4705882353,[[0.00021952]],106
4.0,2.577254901960784,71176.4705882353,[[0.00123789]],106
4.0,2.508235294117647,71176.4705882353,[[0.00021952]],106
4.0,2.508235294117647,71176.4705882353,[[0.00021952]],106
4.0,2.508235294117647,71176.4705882353,[[0.00021952]],106
4.313725490196078,2.508235294117647,71176.4705882353,[[0.00159085]],106
4.0,2.508235294117647,71176.4705882353,[[0.00021952]],106
4.0,2.508235294117647,71176.4705882353,[[0.00021952]],106
4.0,2.508235294117647,74705.88235294117,[[0.00044978]],106
4.0,2.508235294117647,71176.4705882353,[[0.00021952]],106
4.0,2.508235294117647,71176.4705882353,[[0.00021952]],106
4.0,2.577254901960784,71176.4705882353,[[0.00123789]],106
4.0,2.4737254901960783,71176.4705882353,[[0.00208655]],106
4.0,2.508235294117647,71176.4705882353,[[0.00021952]],106
4.0,2.508235294117647,71176.4705882353,[[0.00021952]],106
4.0,2.508235294117647,71176.4705882353,[[0.00021952]],106
4.0,2.508235294117647,71176.4705882353,[[0.00021952]],106
4.0,2.508235294117647,71176.4705882353,[[0.00021952]],106
4.1568627450980395,2.508235294117647,71176.4705882353,[[0.00057665]],106
4.0,2.508235294117647,71176.4705882353,[[0.00021952]],106
4.0,2.508235294117647,71176.4705882353,[[0.00021952]],106
4.0,2.508235294117647,71176.4705882353,[[0.00021952]],106
4.0,2.508235294117647,71176.4705882353,[[0.00021952]],106
4.0,2.508235294117647,71176.4705882353,[[0.00021952]],106
4.0,2.508235294117647,71176.4705882353,[[0.00021952]],107
4.0,2.508235294117647,71176.4705882353,[[0.00021952]],107
4.0,2.508235294117647,71176.4705882353,[[0.00021952]],107
4.0,2.508235294117647,71176.4705882353,[[0.00021952]],107
4.0,2.508235294117647,71176.4705882353,[[0.00021952]],107
4.0,2.508235294117647,71176.4705882353,[[0.00021952]],107
4.0,2.508235294117647,71176.4705882353,[[0.00021952]],107
4.0,2.508235294117647,71176.4705882353,[[0.00021952]],107
4.0,2.508235294117647,71176.4705882353,[[0.00021952]],107
4.0,2.508235294117647,71176.4705882353,[[0.00021952]],107
4.0,2.508235294117647,71176.4705882353,[[0.00021952]],107
4.0,2.508235294117647,71176.4705882353,[[0.00021952]],107
4.0,2.508235294117647,71176.4705882353,[[0.00021952]],107
4.0,2.508235294117647,71176.4705882353,[[0.00021952]],107
4.0,2.508235294117647,71176.4705882353,[[0.00021952]],107
4.0,2.508235294117647,71176.4705882353,[[0.00021952]],107
4.0,2.508235294117647,71176.4705882353,[[0.00021952]],107
4.0,2.508235294117647,71176.4705882353,[[0.00021952]],107
4.0,2.516862745098039,71176.4705882353,[[0.00023447]],107
4.0,2.508235294117647,71176.4705882353,[[0.00021952]],107
4.0,2.508235294117647,71176.4705882353,[[0.00021952]],107
4.0,1.4729411764705884,71176.4705882353,[[0.17024435]],107
4.0,2.508235294117647,71176.4705882353,[[0.00021952]],107
4.0,2.508235294117647,71176.4705882353,[[0.00021952]],107
4.0,2.508235294117647,71176.4705882353,[[0.00021952]],107
4.0,2.508235294117647,71176.4705882353,[[0.00021952]],107
4.0,2.508235294117647,71176.4705882353,[[0.00021952]],107
4.0,2.508235294117647,71176.4705882353,[[0.00021952]],107
4.0,2.6462745098039218,184117.64705882352,[[0.13140373]],107
4.0,2.508235294117647,71176.4705882353,[[0.00021952]],107
4.0,2.508235294117647,71176.4705882353,[[0.00021952]],107
4.0,2.508235294117647,71176.4705882353,[[0.00021952]],107
4.0,2.508235294117647,71176.4705882353,[[0.00021952]],107
4.0,2.508235294117647,71176.4705882353,[[0.00021952]],107
4.0,2.508235294117647,71176.4705882353,[[0.00021952]],107
4.0,2.508235294117647,71176.4705882353,[[0.00021952]],107
4.0,2.508235294117647,71176.4705882353,[[0.00021952]],107
4.0,2.508235294117647,71176.4705882353,[[0.00021952]],107
4.0,2.508235294117647,71176.4705882353,[[0.00021952]],107
4.0,2.508235294117647,71176.4705882353,[[0.00021952]],107
4.0,2.6462745098039218,71176.4705882353,[[0.00439731]],107
4.0,2.508235294117647,71176.4705882353,[[0.00021952]],107
4.0,2.508235294117647,71176.4705882353,[[0.00021952]],107
14.03921568627451,2.508235294117647,71176.4705882353,[[0.30683421]],107
4.0,2.508235294117647,71176.4705882353,[[0.00021952]],107
9.019607843137255,2.508235294117647,71176.4705882353,[[0.18469688]],107
4.0,2.508235294117647,71176.4705882353,[[0.00021952]],107
4.0,2.508235294117647,71176.4705882353,[[0.00021952]],107
4.0,2.508235294117647,71176.4705882353,[[0.00021952]],107
5.254901960784314,2.508235294117647,64117.64705882353,[[0.0157346]],107
4.0,2.508235294117647,71176.4705882353,[[0.00021952]],107
4.0,2.508235294117647,72941.17647058824,[[0.00027943]],107
4.0,2.508235294117647,71176.4705882353,[[0.00021952]],107
4.0,2.508235294117647,71176.4705882353,[[0.00021952]],107
4.0,2.508235294117647,410000.0,[[0.97368846]],107
4.0,1.9388235294117648,64117.64705882353,[[0.04334125]],107
4.0,2.508235294117647,71176.4705882353,[[0.00021952]],107
4.0,2.508235294117647,71176.4705882353,[[0.00021952]],107
4.0,2.508235294117647,71176.4705882353,[[0.00021952]],107
4.0,2.6117647058823534,71176.4705882353,[[0.00254118]],107
4.0,2.577254901960784,76470.58823529413,[[0.00031083]],107
4.0,2.508235294117647,71176.4705882353,[[0.00021952]],107
4.0,2.508235294117647,71176.4705882353,[[0.00021952]],107
4.0,2.508235294117647,71176.4705882353,[[0.00021952]],107
4.0,2.508235294117647,71176.4705882353,[[0.00021952]],107
4.0,2.508235294117647,71176.4705882353,[[0.00021952]],107
4.0,2.508235294117647,71176.4705882353,[[0.00021952]],107
4.0,2.508235294117647,71176.4705882353,[[0.00021952]],107
4.0,2.490980392156863,71176.4705882353,[[0.00151013]],107
4.0,2.508235294117647,71176.4705882353,[[0.00021952]],107
4.0,2.508235294117647,71176.4705882353,[[0.00021952]],107
4.0,2.508235294117647,71176.4705882353,[[0.00021952]],107
4.0,2.508235294117647,71176.4705882353,[[0.00021952]],107
4.0,2.508235294117647,71176.4705882353,[[0.00021952]],107
4.078431372549019,2.508235294117647,71176.4705882353,[[0.0003193]],107
4.0,2.577254901960784,127647.05882352941,[[0.03758311]],107
4.0,2.508235294117647,71176.4705882353,[[0.00021952]],107
4.0,2.508235294117647,71176.4705882353,[[0.00021952]],107
4.0,2.508235294117647,127647.05882352941,[[0.04877626]],107
4.0,2.508235294117647,71176.4705882353,[[0.00021952]],107
4.0,2.508235294117647,71176.4705882353,[[0.00021952]],107
4.0,2.508235294117647,71176.4705882353,[[0.00021952]],107
4.0,2.508235294117647,71176.4705882353,[[0.00021952]],107
4.0,2.508235294117647,71176.4705882353,[[0.00021952]],107
4.0,2.508235294117647,71176.4705882353,[[0.00021952]],107
4.0,2.508235294117647,71176.4705882353,[[0.00021952]],107
6.509803921568627,2.508235294117647,71176.4705882353,[[0.07265647]],107
4.0,2.4564705882352946,71176.4705882353,[[0.00276551]],107
4.0,2.508235294117647,74705.88235294117,[[0.00044978]],107
4.0,2.508235294117647,71176.4705882353,[[0.00021952]],107
4.0,2.508235294117647,71176.4705882353,[[0.00021952]],107
4.0,2.508235294117647,71176.4705882353,[[0.00021952]],107
4.0,2.7843137254901964,297058.8235294118,[[0.42500392]],107
4.0,2.508235294117647,71176.4705882353,[[0.00021952]],107
4.0,2.508235294117647,71176.4705882353,[[0.00021952]],107
4.0,2.508235294117647,71176.4705882353,[[0.00021952]],107
